Workbook

Sheet تقرير المجلس
B2: تقرير الأداء التنفيذي — مجلس الإدارة · درب 2026
B4: الإنجاز العام الموزون | C4: ✅ محقق | D4: 🟡 قريب | E4: 🔴 تحت الهدف
B5: ='اللوحة الموجزة'!B5 | C5: ='اللوحة الموجزة'!C5 | D5: ='اللوحة الموجزة'!D5 | E5: ='اللوحة الموجزة'!E5
B7: الأداء حسب الركيزة | D7: أبرز 5 انحرافات
B8: النمو | C8: =IFERROR(AVERAGEIFS('قاعدة المؤشرات'!$G$2:$G$223,'قاعدة المؤشرات'!$D$2:$D$223,"النمو"),"—") | D8: معدل التفاعل (Engagement) | F8: 0
B9: الابتكار | C9: =IFERROR(AVERAGEIFS('قاعدة المؤشرات'!$G$2:$G$223,'قاعدة المؤشرات'!$D$2:$D$223,"الابتكار"),"—") | D9: عدد المعارض بالسنة | F9: 0
B10: الاستدامة | C10: =IFERROR(AVERAGEIFS('قاعدة المؤشرات'!$G$2:$G$223,'قاعدة المؤشرات'!$D$2:$D$223,"الاستدامة"),"—") | D10: اتفاقيات استراتيجية | F10: 0
D11: عملاء تجاريون جدد | F11: 0.005
D12: الوصول الكلي (Total Reach) | F12: 0.1
B14: أعلى 5 مخاطر مؤسسية (الأثر × الاحتمال)
B15: تقلّب أسعار الوقود وضغط الهامش | E15: 4×5=20 | F15: 🔴 عالي
B16: تأخّر مشاريع التحول الرقمي | E16: 4×4=16 | F16: 🔴 عالي
B17: اختراق/انقطاع الأنظمة الرقمية | E17: 3×5=15 | F17: 🔴 عالي
B18: تعثّر تحصيل المستحقات | E18: 3×4=12 | F18: 🟠 متوسط
B19: ضغط السيولة والتدفق النقدي | E19: 3×4=12 | F19: 🟠 متوسط
B21: يُحدَّث آلياً من اللوحة الموجزة وتحليل الانحراف وسجل المخاطر · سرّي — لأعضاء المجلس

Sheet أهم المؤشرات (Top 5)
A1: أهم 5 مؤشرات رئيسية لكل إدارة — لوحة المتابعة التنفيذية (قيَم حيّة مرتبطة بأوراق الإدارات)
A2: # | B2: المؤشر | C2: المستهدف | D2: المُحقَّق | E2: نسبة التحقيق | F2: الحالة | G2: الوزن
A3: ▾ الإدارة التنفيذية · وزن الإدارة 0%
A4: 1 | B4: ='الإدارة التنفيذية'!C5 | C4: ='الإدارة التنفيذية'!I5 | D4: ='الإدارة التنفيذية'!M5 | E4: ='الإدارة التنفيذية'!N5 | F4: ='الإدارة التنفيذية'!O5 | G4: ='الإدارة التنفيذية'!G5
A5: 2 | B5: ='الإدارة التنفيذية'!C6 | C5: ='الإدارة التنفيذية'!I6 | D5: ='الإدارة التنفيذية'!M6 | E5: ='الإدارة التنفيذية'!N6 | F5: ='الإدارة التنفيذية'!O6 | G5: ='الإدارة التنفيذية'!G6
A6: 3 | B6: ='الإدارة التنفيذية'!C7 | C6: ='الإدارة التنفيذية'!I7 | D6: ='الإدارة التنفيذية'!M7 | E6: ='الإدارة التنفيذية'!N7 | F6: ='الإدارة التنفيذية'!O7 | G6: ='الإدارة التنفيذية'!G7
A7: 4 | B7: ='الإدارة التنفيذية'!C12 | C7: ='الإدارة التنفيذية'!I12 | D7: ='الإدارة التنفيذية'!M12 | E7: ='الإدارة التنفيذية'!N12 | F7: ='الإدارة التنفيذية'!O12 | G7: ='الإدارة التنفيذية'!G12
A8: 5 | B8: ='الإدارة التنفيذية'!C13 | C8: ='الإدارة التنفيذية'!I13 | D8: ='الإدارة التنفيذية'!M13 | E8: ='الإدارة التنفيذية'!N13 | F8: ='الإدارة التنفيذية'!O13 | G8: ='الإدارة التنفيذية'!G13
A9: ▾ الامتياز التجاري · وزن الإدارة 14%
A10: 1 | B10: ='الامتياز التجاري'!C5 | C10: ='الامتياز التجاري'!I5 | D10: ='الامتياز التجاري'!M5 | E10: ='الامتياز التجاري'!N5 | F10: ='الامتياز التجاري'!O5 | G10: ='الامتياز التجاري'!G5
A11: 2 | B11: ='الامتياز التجاري'!C6 | C11: ='الامتياز التجاري'!I6 | D11: ='الامتياز التجاري'!M6 | E11: ='الامتياز التجاري'!N6 | F11: ='الامتياز التجاري'!O6 | G11: ='الامتياز التجاري'!G6
A12: 3 | B12: ='الامتياز التجاري'!C8 | C12: ='الامتياز التجاري'!I8 | D12: ='الامتياز التجاري'!M8 | E12: ='الامتياز التجاري'!N8 | F12: ='الامتياز التجاري'!O8 | G12: ='الامتياز التجاري'!G8
A13: 4 | B13: ='الامتياز التجاري'!C11 | C13: ='الامتياز التجاري'!I11 | D13: ='الامتياز التجاري'!M11 | E13: ='الامتياز التجاري'!N11 | F13: ='الامتياز التجاري'!O11 | G13: ='الامتياز التجاري'!G11
A14: 5 | B14: ='الامتياز التجاري'!C13 | C14: ='الامتياز التجاري'!I13 | D14: ='الامتياز التجاري'!M13 | E14: ='الامتياز التجاري'!N13 | F14: ='الامتياز التجاري'!O13 | G14: ='الامتياز التجاري'!G13
A15: ▾ التشغيل والمحطات · وزن الإدارة 12%
A16: 1 | B16: ='التشغيل والمحطات'!C4 | C16: ='التشغيل والمحطات'!I4 | D16: ='التشغيل والمحطات'!M4 | E16: ='التشغيل والمحطات'!N4 | F16: ='التشغيل والمحطات'!O4 | G16: ='التشغيل والمحطات'!G4
A17: 2 | B17: ='التشغيل والمحطات'!C6 | C17: ='التشغيل والمحطات'!I6 | D17: ='التشغيل والمحطات'!M6 | E17: ='التشغيل والمحطات'!N6 | F17: ='التشغيل والمحطات'!O6 | G17: ='التشغيل والمحطات'!G6
A18: 3 | B18: ='التشغيل والمحطات'!C7 | C18: ='التشغيل والمحطات'!I7 | D18: ='التشغيل والمحطات'!M7 | E18: ='التشغيل والمحطات'!N7 | F18: ='التشغيل والمحطات'!O7 | G18: ='التشغيل والمحطات'!G7
A19: 4 | B19: ='التشغيل والمحطات'!C8 | C19: ='التشغيل والمحطات'!I8 | D19: ='التشغيل والمحطات'!M8 | E19: ='التشغيل والمحطات'!N8 | F19: ='التشغيل والمحطات'!O8 | G19: ='التشغيل والمحطات'!G8
A20: 5 | B20: ='التشغيل والمحطات'!C9 | C20: ='التشغيل والمحطات'!I9 | D20: ='التشغيل والمحطات'!M9 | E20: ='التشغيل والمحطات'!N9 | F20: ='التشغيل والمحطات'!O9 | G20: ='التشغيل والمحطات'!G9
A21: ▾ الاستثمار · وزن الإدارة 11%
A22: 1 | B22: ='الاستثمار'!C5 | C22: ='الاستثمار'!I5 | D22: ='الاستثمار'!M5 | E22: ='الاستثمار'!N5 | F22: ='الاستثمار'!O5 | G22: ='الاستثمار'!G5
A23: 2 | B23: ='الاستثمار'!C6 | C23: ='الاستثمار'!I6 | D23: ='الاستثمار'!M6 | E23: ='الاستثمار'!N6 | F23: ='الاستثمار'!O6 | G23: ='الاستثمار'!G6
A24: 3 | B24: ='الاستثمار'!C7 | C24: ='الاستثمار'!I7 | D24: ='الاستثمار'!M7 | E24: ='الاستثمار'!N7 | F24: ='الاستثمار'!O7 | G24: ='الاستثمار'!G7
A25: 4 | B25: ='الاستثمار'!C8 | C25: ='الاستثمار'!I8 | D25: ='الاستثمار'!M8 | E25: ='الاستثمار'!N8 | F25: ='الاستثمار'!O8 | G25: ='الاستثمار'!G8
A26: 5 | B26: ='الاستثمار'!C9 | C26: ='الاستثمار'!I9 | D26: ='الاستثمار'!M9 | E26: ='الاستثمار'!N9 | F26: ='الاستثمار'!O9 | G26: ='الاستثمار'!G9
A27: ▾ العقار · وزن الإدارة 9%
A28: 1 | B28: ='العقار'!C5 | C28: ='العقار'!I5 | D28: ='العقار'!M5 | E28: ='العقار'!N5 | F28: ='العقار'!O5 | G28: ='العقار'!G5
A29: 2 | B29: ='العقار'!C6 | C29: ='العقار'!I6 | D29: ='العقار'!M6 | E29: ='العقار'!N6 | F29: ='العقار'!O6 | G29: ='العقار'!G6
A30: 3 | B30: ='العقار'!C7 | C30: ='العقار'!I7 | D30: ='العقار'!M7 | E30: ='العقار'!N7 | F30: ='العقار'!O7 | G30: ='العقار'!G7
A31: 4 | B31: ='العقار'!C9 | C31: ='العقار'!I9 | D31: ='العقار'!M9 | E31: ='العقار'!N9 | F31: ='العقار'!O9 | G31: ='العقار'!G9
A32: 5 | B32: ='العقار'!C12 | C32: ='العقار'!I12 | D32: ='العقار'!M12 | E32: ='العقار'!N12 | F32: ='العقار'!O12 | G32: ='العقار'!G12
A33: ▾ إدارة المشاريع · وزن الإدارة 8%
A34: 1 | B34: ='إدارة المشاريع'!C5 | C34: ='إدارة المشاريع'!I5 | D34: ='إدارة المشاريع'!M5 | E34: ='إدارة المشاريع'!N5 | F34: ='إدارة المشاريع'!O5 | G34: ='إدارة المشاريع'!G5
A35: 2 | B35: ='إدارة المشاريع'!C6 | C35: ='إدارة المشاريع'!I6 | D35: ='إدارة المشاريع'!M6 | E35: ='إدارة المشاريع'!N6 | F35: ='إدارة المشاريع'!O6 | G35: ='إدارة المشاريع'!G6
A36: 3 | B36: ='إدارة المشاريع'!C7 | C36: ='إدارة المشاريع'!I7 | D36: ='إدارة المشاريع'!M7 | E36: ='إدارة المشاريع'!N7 | F36: ='إدارة المشاريع'!O7 | G36: ='إدارة المشاريع'!G7
A37: 4 | B37: ='إدارة المشاريع'!C10 | C37: ='إدارة المشاريع'!I10 | D37: ='إدارة المشاريع'!M10 | E37: ='إدارة المشاريع'!N10 | F37: ='إدارة المشاريع'!O10 | G37: ='إدارة المشاريع'!G10
A38: 5 | B38: ='إدارة المشاريع'!C14 | C38: ='إدارة المشاريع'!I14 | D38: ='إدارة المشاريع'!M14 | E38: ='إدارة المشاريع'!N14 | F38: ='إدارة المشاريع'!O14 | G38: ='إدارة المشاريع'!G14
A39: ▾ سلاسل الإمداد · وزن الإدارة 10%
A40: 1 | B40: ='سلاسل الإمداد'!C5 | C40: ='سلاسل الإمداد'!I5 | D40: ='سلاسل الإمداد'!M5 | E40: ='سلاسل الإمداد'!N5 | F40: ='سلاسل الإمداد'!O5 | G40: ='سلاسل الإمداد'!G5
A41: 2 | B41: ='سلاسل الإمداد'!C6 | C41: ='سلاسل الإمداد'!I6 | D41: ='سلاسل الإمداد'!M6 | E41: ='سلاسل الإمداد'!N6 | F41: ='سلاسل الإمداد'!O6 | G41: ='سلاسل الإمداد'!G6
A42: 3 | B42: ='سلاسل الإمداد'!C12 | C42: ='سلاسل الإمداد'!I12 | D42: ='سلاسل الإمداد'!M12 | E42: ='سلاسل الإمداد'!N12 | F42: ='سلاسل الإمداد'!O12 | G42: ='سلاسل الإمداد'!G12
A43: 4 | B43: ='سلاسل الإمداد'!C15 | C43: ='سلاسل الإمداد'!I15 | D43: ='سلاسل الإمداد'!M15 | E43: ='سلاسل الإمداد'!N15 | F43: ='سلاسل الإمداد'!O15 | G43: ='سلاسل الإمداد'!G15
A44: 5 | B44: ='سلاسل الإمداد'!C8 | C44: ='سلاسل الإمداد'!I8 | D44: ='سلاسل الإمداد'!M8 | E44: ='سلاسل الإمداد'!N8 | F44: ='سلاسل الإمداد'!O8 | G44: ='سلاسل الإمداد'!G8
A45: ▾ الصيانة والأتمتة · وزن الإدارة 7%
A46: 1 | B46: ='الصيانة والأتمتة'!C5 | C46: ='الصيانة والأتمتة'!I5 | D46: ='الصيانة والأتمتة'!M5 | E46: ='الصيانة والأتمتة'!N5 | F46: ='الصيانة والأتمتة'!O5 | G46: ='الصيانة والأتمتة'!G5
A47: 2 | B47: ='الصيانة والأتمتة'!C12 | C47: ='الصيانة والأتمتة'!I12 | D47: ='الصيانة والأتمتة'!M12 | E47: ='الصيانة والأتمتة'!N12 | F47: ='الصيانة والأتمتة'!O12 | G47: ='الصيانة والأتمتة'!G12
A48: 3 | B48: ='الصيانة والأتمتة'!C6 | C48: ='الصيانة والأتمتة'!I6 | D48: ='الصيانة والأتمتة'!M6 | E48: ='الصيانة والأتمتة'!N6 | F48: ='الصيانة والأتمتة'!O6 | G48: ='الصيانة والأتمتة'!G6
A49: 4 | B49: ='الصيانة والأتمتة'!C8 | C49: ='الصيانة والأتمتة'!I8 | D49: ='الصيانة والأتمتة'!M8 | E49: ='الصيانة والأتمتة'!N8 | F49: ='الصيانة والأتمتة'!O8 | G49: ='الصيانة والأتمتة'!G8
A50: 5 | B50: ='الصيانة والأتمتة'!C11 | C50: ='الصيانة والأتمتة'!I11 | D50: ='الصيانة والأتمتة'!M11 | E50: ='الصيانة والأتمتة'!N11 | F50: ='الصيانة والأتمتة'!O11 | G50: ='الصيانة والأتمتة'!G11
A51: ▾ التقنية الرقمية · وزن الإدارة 4%
A52: 1 | B52: ='التقنية الرقمية'!C5 | C52: ='التقنية الرقمية'!I5 | D52: ='التقنية الرقمية'!M5 | E52: ='التقنية الرقمية'!N5 | F52: ='التقنية الرقمية'!O5 | G52: ='التقنية الرقمية'!G5
A53: 2 | B53: ='التقنية الرقمية'!C6 | C53: ='التقنية الرقمية'!I6 | D53: ='التقنية الرقمية'!M6 | E53: ='التقنية الرقمية'!N6 | F53: ='التقنية الرقمية'!O6 | G53: ='التقنية الرقمية'!G6
A54: 3 | B54: ='التقنية الرقمية'!C7 | C54: ='التقنية الرقمية'!I7 | D54: ='التقنية الرقمية'!M7 | E54: ='التقنية الرقمية'!N7 | F54: ='التقنية الرقمية'!O7 | G54: ='التقنية الرقمية'!G7
A55: 4 | B55: ='التقنية الرقمية'!C9 | C55: ='التقنية الرقمية'!I9 | D55: ='التقنية الرقمية'!M9 | E55: ='التقنية الرقمية'!N9 | F55: ='التقنية الرقمية'!O9 | G55: ='التقنية الرقمية'!G9
A56: 5 | B56: ='التقنية الرقمية'!C12 | C56: ='التقنية الرقمية'!I12 | D56: ='التقنية الرقمية'!M12 | E56: ='التقنية الرقمية'!N12 | F56: ='التقنية الرقمية'!O12 | G56: ='التقنية الرقمية'!G12
A57: ▾ الموارد البشرية · وزن الإدارة 4%
A58: 1 | B58: ='الموارد البشرية'!C5 | C58: ='الموارد البشرية'!I5 | D58: ='الموارد البشرية'!M5 | E58: ='الموارد البشرية'!N5 | F58: ='الموارد البشرية'!O5 | G58: ='الموارد البشرية'!G5
A59: 2 | B59: ='الموارد البشرية'!C6 | C59: ='الموارد البشرية'!I6 | D59: ='الموارد البشرية'!M6 | E59: ='الموارد البشرية'!N6 | F59: ='الموارد البشرية'!O6 | G59: ='الموارد البشرية'!G6
A60: 3 | B60: ='الموارد البشرية'!C9 | C60: ='الموارد البشرية'!I9 | D60: ='الموارد البشرية'!M9 | E60: ='الموارد البشرية'!N9 | F60: ='الموارد البشرية'!O9 | G60: ='الموارد البشرية'!G9
A61: 4 | B61: ='الموارد البشرية'!C7 | C61: ='الموارد البشرية'!I7 | D61: ='الموارد البشرية'!M7 | E61: ='الموارد البشرية'!N7 | F61: ='الموارد البشرية'!O7 | G61: ='الموارد البشرية'!G7
A62: 5 | B62: ='الموارد البشرية'!C8 | C62: ='الموارد البشرية'!I8 | D62: ='الموارد البشرية'!M8 | E62: ='الموارد البشرية'!N8 | F62: ='الموارد البشرية'!O8 | G62: ='الموارد البشرية'!G8
A63: ▾ التسويق · وزن الإدارة 5%
A64: 1 | B64: ='التسويق'!C5 | C64: ='التسويق'!I5 | D64: ='التسويق'!M5 | E64: ='التسويق'!N5 | F64: ='التسويق'!O5 | G64: ='التسويق'!G5
A65: 2 | B65: ='التسويق'!C8 | C65: ='التسويق'!I8 | D65: ='التسويق'!M8 | E65: ='التسويق'!N8 | F65: ='التسويق'!O8 | G65: ='التسويق'!G8
A66: 3 | B66: ='التسويق'!C9 | C66: ='التسويق'!I9 | D66: ='التسويق'!M9 | E66: ='التسويق'!N9 | F66: ='التسويق'!O9 | G66: ='التسويق'!G9
A67: 4 | B67: ='التسويق'!C12 | C67: ='التسويق'!I12 | D67: ='التسويق'!M12 | E67: ='التسويق'!N12 | F67: ='التسويق'!O12 | G67: ='التسويق'!G12
A68: 5 | B68: ='التسويق'!C13 | C68: ='التسويق'!I13 | D68: ='التسويق'!M13 | E68: ='التسويق'!N13 | F68: ='التسويق'!O13 | G68: ='التسويق'!G13
A69: ▾ الجودة · وزن الإدارة 5%
A70: 1 | B70: ='الجودة'!C5 | C70: ='الجودة'!I5 | D70: ='الجودة'!M5 | E70: ='الجودة'!N5 | F70: ='الجودة'!O5 | G70: ='الجودة'!G5
A71: 2 | B71: ='الجودة'!C11 | C71: ='الجودة'!I11 | D71: ='الجودة'!M11 | E71: ='الجودة'!N11 | F71: ='الجودة'!O11 | G71: ='الجودة'!G11
A72: 3 | B72: ='الجودة'!C6 | C72: ='الجودة'!I6 | D72: ='الجودة'!M6 | E72: ='الجودة'!N6 | F72: ='الجودة'!O6 | G72: ='الجودة'!G6
A73: 4 | B73: ='الجودة'!C7 | C73: ='الجودة'!I7 | D73: ='الجودة'!M7 | E73: ='الجودة'!N7 | F73: ='الجودة'!O7 | G73: ='الجودة'!G7
A74: 5 | B74: ='الجودة'!C8 | C74: ='الجودة'!I8 | D74: ='الجودة'!M8 | E74: ='الجودة'!N8 | F74: ='الجودة'!O8 | G74: ='الجودة'!G8
A75: ▾ الإدارة القانونية · وزن الإدارة 3%
A76: 1 | B76: ='الإدارة القانونية'!C5 | C76: ='الإدارة القانونية'!I5 | D76: ='الإدارة القانونية'!M5 | E76: ='الإدارة القانونية'!N5 | F76: ='الإدارة القانونية'!O5 | G76: ='الإدارة القانونية'!G5
A77: 2 | B77: ='الإدارة القانونية'!C6 | C77: ='الإدارة القانونية'!I6 | D77: ='الإدارة القانونية'!M6 | E77: ='الإدارة القانونية'!N6 | F77: ='الإدارة القانونية'!O6 | G77: ='الإدارة القانونية'!G6
A78: 3 | B78: ='الإدارة القانونية'!C7 | C78: ='الإدارة القانونية'!I7 | D78: ='الإدارة القانونية'!M7 | E78: ='الإدارة القانونية'!N7 | F78: ='الإدارة القانونية'!O7 | G78: ='الإدارة القانونية'!G7
A79: 4 | B79: ='الإدارة القانونية'!C14 | C79: ='الإدارة القانونية'!I14 | D79: ='الإدارة القانونية'!M14 | E79: ='الإدارة القانونية'!N14 | F79: ='الإدارة القانونية'!O14 | G79: ='الإدارة القانونية'!G14
A80: 5 | B80: ='الإدارة القانونية'!C9 | C80: ='الإدارة القانونية'!I9 | D80: ='الإدارة القانونية'!M9 | E80: ='الإدارة القانونية'!N9 | F80: ='الإدارة القانونية'!O9 | G80: ='الإدارة القانونية'!G9
A81: ▾ الإدارة المالية · وزن الإدارة 8%
A82: 1 | B82: ='الإدارة المالية'!C5 | C82: ='الإدارة المالية'!I5 | D82: ='الإدارة المالية'!M5 | E82: ='الإدارة المالية'!N5 | F82: ='الإدارة المالية'!O5 | G82: ='الإدارة المالية'!G5
A83: 2 | B83: ='الإدارة المالية'!C8 | C83: ='الإدارة المالية'!I8 | D83: ='الإدارة المالية'!M8 | E83: ='الإدارة المالية'!N8 | F83: ='الإدارة المالية'!O8 | G83: ='الإدارة المالية'!G8
A84: 3 | B84: ='الإدارة المالية'!C12 | C84: ='الإدارة المالية'!I12 | D84: ='الإدارة المالية'!M12 | E84: ='الإدارة المالية'!N12 | F84: ='الإدارة المالية'!O12 | G84: ='الإدارة المالية'!G12
A85: 4 | B85: ='الإدارة المالية'!C14 | C85: ='الإدارة المالية'!I14 | D85: ='الإدارة المالية'!M14 | E85: ='الإدارة المالية'!N14 | F85: ='الإدارة المالية'!O14 | G85: ='الإدارة المالية'!G14
A86: 5 | B86: ='الإدارة المالية'!C15 | C86: ='الإدارة المالية'!I15 | D86: ='الإدارة المالية'!M15 | E86: ='الإدارة المالية'!N15 | F86: ='الإدارة المالية'!O15 | G86: ='الإدارة المالية'!G15

Sheet المؤشرات الجامعة
A1: المؤشرات الجامعة — مؤشر واحد لكل محور (متوسط موزون حيّ) + كشف الأضعف لمنع خداع المتوسطات · لا يُحسب في الإجمالي
A2: # | B2: الإدارة | C2: المحور (مؤشر جامع) | D2: عدد المؤشرات | E2: نسبة التحقيق (موزون) | F2: الحالة | G2: أدنى نسبة تفصيلية | H2: عدد تحت الهدف | I2: المؤشرات التفصيلية المشمولة
A3: 1 | B3: الإدارة التنفيذية | C3: النمو | D3: 4 | E3: =IFERROR(SUMIFS('قاعدة المؤشرات'!$J$2:$J$223,'قاعدة المؤشرات'!$B$2:$B$223,"الإدارة التنفيذية",'قاعدة المؤشرات'!$L$2:$L$223,"النمو")/SUMIFS('قاعدة المؤشرات'!$K$2:$K$223,'قاعدة المؤشرات'!$B$2:$B$223,"الإدارة التنفيذية",'قاعدة المؤشرات'!$L$2:$L$223,"النمو"),"") | F3: =IF($E3="","⏳ بانتظار هدف",IF($E3>=1,"✅ محقق",IF($E3>=0.85,"🟡 قريب","🔴 تحت الهدف"))) | G3: =IF($E3="","",MINIFS('قاعدة المؤشرات'!$G$2:$G$223,'قاعدة المؤشرات'!$B$2:$B$223,"الإدارة التنفيذية",'قاعدة المؤشرات'!$L$2:$L$223,"النمو")) | H3: =COUNTIFS('قاعدة المؤشرات'!$H$2:$H$223,"🔴 تحت الهدف",'قاعدة المؤشرات'!$B$2:$B$223,"الإدارة التنفيذية",'قاعدة المؤشرات'!$L$2:$L$223,"النمو") | I3: إجمالي المحطات المشغّلة — الشركة (تراكمي) · إجمالي العقود الجديدة — الشركة · نسبة نمو إيرادات الشركة (سنوي) · الالتزام بمعايير وزارة الطاقة (تغطية 13 منطقة)
A4: 2 | B4: الإدارة التنفيذية | C4: الابتكار | D4: 2 | E4: =IFERROR(SUMIFS('قاعدة المؤشرات'!$J$2:$J$223,'قاعدة المؤشرات'!$B$2:$B$223,"الإدارة التنفيذية",'قاعدة المؤشرات'!$L$2:$L$223,"الابتكار")/SUMIFS('قاعدة المؤشرات'!$K$2:$K$223,'قاعدة المؤشرات'!$B$2:$B$223,"الإدارة التنفيذية",'قاعدة المؤشرات'!$L$2:$L$223,"الابتكار"),"") | F4: =IF($E4="","⏳ بانتظار هدف",IF($E4>=1,"✅ محقق",IF($E4>=0.85,"🟡 قريب","🔴 تحت الهدف"))) | G4: =IF($E4="","",MINIFS('قاعدة المؤشرات'!$G$2:$G$223,'قاعدة المؤشرات'!$B$2:$B$223,"الإدارة التنفيذية",'قاعدة المؤشرات'!$L$2:$L$223,"الابتكار")) | H4: =COUNTIFS('قاعدة المؤشرات'!$H$2:$H$223,"🔴 تحت الهدف",'قاعدة المؤشرات'!$B$2:$B$223,"الإدارة التنفيذية",'قاعدة المؤشرات'!$L$2:$L$223,"الابتكار") | I4: نسبة إنجاز مشاريع الخارطة التنفيذية · نسبة التحول الرقمي على مستوى الشركة
A5: 3 | B5: الإدارة التنفيذية | C5: الاستدامة | D5: 3 | E5: =IFERROR(SUMIFS('قاعدة المؤشرات'!$J$2:$J$223,'قاعدة المؤشرات'!$B$2:$B$223,"الإدارة التنفيذية",'قاعدة المؤشرات'!$L$2:$L$223,"الاستدامة")/SUMIFS('قاعدة المؤشرات'!$K$2:$K$223,'قاعدة المؤشرات'!$B$2:$B$223,"الإدارة التنفيذية",'قاعدة المؤشرات'!$L$2:$L$223,"الاستدامة"),"") | F5: =IF($E5="","⏳ بانتظار هدف",IF($E5>=1,"✅ محقق",IF($E5>=0.85,"🟡 قريب","🔴 تحت الهدف"))) | G5: =IF($E5="","",MINIFS('قاعدة المؤشرات'!$G$2:$G$223,'قاعدة المؤشرات'!$B$2:$B$223,"الإدارة التنفيذية",'قاعدة المؤشرات'!$L$2:$L$223,"الاستدامة")) | H5: =COUNTIFS('قاعدة المؤشرات'!$H$2:$H$223,"🔴 تحت الهدف",'قاعدة المؤشرات'!$B$2:$B$223,"الإدارة التنفيذية",'قاعدة المؤشرات'!$L$2:$L$223,"الاستدامة") | I5: مؤشر رضا العملاء العام (الشركة) · مؤشر رضا الموظفين العام (eNPS) · نسبة تحقيق المستهدفات الاستراتيجية العامة
A6: 4 | B6: الإدارة التنفيذية | C6: الحوكمة | D6: 1 | E6: =IFERROR(SUMIFS('قاعدة المؤشرات'!$J$2:$J$223,'قاعدة المؤشرات'!$B$2:$B$223,"الإدارة التنفيذية",'قاعدة المؤشرات'!$L$2:$L$223,"الحوكمة")/SUMIFS('قاعدة المؤشرات'!$K$2:$K$223,'قاعدة المؤشرات'!$B$2:$B$223,"الإدارة التنفيذية",'قاعدة المؤشرات'!$L$2:$L$223,"الحوكمة"),"") | F6: =IF($E6="","⏳ بانتظار هدف",IF($E6>=1,"✅ محقق",IF($E6>=0.85,"🟡 قريب","🔴 تحت الهدف"))) | G6: =IF($E6="","",MINIFS('قاعدة المؤشرات'!$G$2:$G$223,'قاعدة المؤشرات'!$B$2:$B$223,"الإدارة التنفيذية",'قاعدة المؤشرات'!$L$2:$L$223,"الحوكمة")) | H6: =COUNTIFS('قاعدة المؤشرات'!$H$2:$H$223,"🔴 تحت الهدف",'قاعدة المؤشرات'!$B$2:$B$223,"الإدارة التنفيذية",'قاعدة المؤشرات'!$L$2:$L$223,"الحوكمة") | I6: نسبة الالتزام بإطار الحوكمة المؤسسية والامتثال التنظيمي
A7: 5 | B7: الامتياز التجاري | C7: النمو والتوسع | D7: 2 | E7: =IFERROR(SUMIFS('قاعدة المؤشرات'!$J$2:$J$223,'قاعدة المؤشرات'!$B$2:$B$223,"الامتياز التجاري",'قاعدة المؤشرات'!$L$2:$L$223,"النمو والتوسع")/SUMIFS('قاعدة المؤشرات'!$K$2:$K$223,'قاعدة المؤشرات'!$B$2:$B$223,"الامتياز التجاري",'قاعدة المؤشرات'!$L$2:$L$223,"النمو والتوسع"),"") | F7: =IF($E7="","⏳ بانتظار هدف",IF($E7>=1,"✅ محقق",IF($E7>=0.85,"🟡 قريب","🔴 تحت الهدف"))) | G7: =IF($E7="","",MINIFS('قاعدة المؤشرات'!$G$2:$G$223,'قاعدة المؤشرات'!$B$2:$B$223,"الامتياز التجاري",'قاعدة المؤشرات'!$L$2:$L$223,"النمو والتوسع")) | H7: =COUNTIFS('قاعدة المؤشرات'!$H$2:$H$223,"🔴 تحت الهدف",'قاعدة المؤشرات'!$B$2:$B$223,"الامتياز التجاري",'قاعدة المؤشرات'!$L$2:$L$223,"النمو والتوسع") | I7: عدد محطات الامتياز المشغّلة (تراكمي) · عدد عقود الامتياز الجديدة الموقّعة
A8: 6 | B8: الامتياز التجاري | C8: المبيعات والأداء التجاري | D8: 2 | E8: =IFERROR(SUMIFS('قاعدة المؤشرات'!$J$2:$J$223,'قاعدة المؤشرات'!$B$2:$B$223,"الامتياز التجاري",'قاعدة المؤشرات'!$L$2:$L$223,"المبيعات والأداء التجاري")/SUMIFS('قاعدة المؤشرات'!$K$2:$K$223,'قاعدة المؤشرات'!$B$2:$B$223,"الامتياز التجاري",'قاعدة المؤشرات'!$L$2:$L$223,"المبيعات والأداء التجاري"),"") | F8: =IF($E8="","⏳ بانتظار هدف",IF($E8>=1,"✅ محقق",IF($E8>=0.85,"🟡 قريب","🔴 تحت الهدف"))) | G8: =IF($E8="","",MINIFS('قاعدة المؤشرات'!$G$2:$G$223,'قاعدة المؤشرات'!$B$2:$B$223,"الامتياز التجاري",'قاعدة المؤشرات'!$L$2:$L$223,"المبيعات والأداء التجاري")) | H8: =COUNTIFS('قاعدة المؤشرات'!$H$2:$H$223,"🔴 تحت الهدف",'قاعدة المؤشرات'!$B$2:$B$223,"الامتياز التجاري",'قاعدة المؤشرات'!$L$2:$L$223,"المبيعات والأداء التجاري") | I8: إجمالي مبيعات وقود محطات الامتياز · نسبة تأجير وحدات الامتياز
A9: 7 | B9: الامتياز التجاري | C9: الأداء المالي | D9: 8 | E9: =IFERROR(SUMIFS('قاعدة المؤشرات'!$J$2:$J$223,'قاعدة المؤشرات'!$B$2:$B$223,"الامتياز التجاري",'قاعدة المؤشرات'!$L$2:$L$223,"الأداء المالي")/SUMIFS('قاعدة المؤشرات'!$K$2:$K$223,'قاعدة المؤشرات'!$B$2:$B$223,"الامتياز التجاري",'قاعدة المؤشرات'!$L$2:$L$223,"الأداء المالي"),"") | F9: =IF($E9="","⏳ بانتظار هدف",IF($E9>=1,"✅ محقق",IF($E9>=0.85,"🟡 قريب","🔴 تحت الهدف"))) | G9: =IF($E9="","",MINIFS('قاعدة المؤشرات'!$G$2:$G$223,'قاعدة المؤشرات'!$B$2:$B$223,"الامتياز التجاري",'قاعدة المؤشرات'!$L$2:$L$223,"الأداء المالي")) | H9: =COUNTIFS('قاعدة المؤشرات'!$H$2:$H$223,"🔴 تحت الهدف",'قاعدة المؤشرات'!$B$2:$B$223,"الامتياز التجاري",'قاعدة المؤشرات'!$L$2:$L$223,"الأداء المالي") | I9: إجمالي إيرادات إدارة الامتياز · رفع هامش الربحية للامتياز · نسبة التحصيل المالي من شركاء الامتياز · متوسط أيام تحصيل شركاء الامتياز (DSO) · إجمالي المستحقات المتأخرة (+30 يوم) · نسبة الشركاء الملتزمين بمواعيد السداد · معدل دوران رأس المال (أيام الدورة) · نسبة التحصيل خلال 5 أيام عمل
A10: 8 | B10: الامتياز التجاري | C10: التشغيل والجودة | D10: 9 | E10: =IFERROR(SUMIFS('قاعدة المؤشرات'!$J$2:$J$223,'قاعدة المؤشرات'!$B$2:$B$223,"الامتياز التجاري",'قاعدة المؤشرات'!$L$2:$L$223,"التشغيل والجودة")/SUMIFS('قاعدة المؤشرات'!$K$2:$K$223,'قاعدة المؤشرات'!$B$2:$B$223,"الامتياز التجاري",'قاعدة المؤشرات'!$L$2:$L$223,"التشغيل والجودة"),"") | F10: =IF($E10="","⏳ بانتظار هدف",IF($E10>=1,"✅ محقق",IF($E10>=0.85,"🟡 قريب","🔴 تحت الهدف"))) | G10: =IF($E10="","",MINIFS('قاعدة المؤشرات'!$G$2:$G$223,'قاعدة المؤشرات'!$B$2:$B$223,"الامتياز التجاري",'قاعدة المؤشرات'!$L$2:$L$223,"التشغيل والجودة")) | H10: =COUNTIFS('قاعدة المؤشرات'!$H$2:$H$223,"🔴 تحت الهدف",'قاعدة المؤشرات'!$B$2:$B$223,"الامتياز التجاري",'قاعدة المؤشرات'!$L$2:$L$223,"التشغيل والجودة") | I10: نسبة جاهزية محطات الامتياز (صفر انقطاع) · عدد حالات انقطاع الوقود الموثّقة · نسبة إغلاق ملاحظات الجودة الميدانية · متوسط درجة تقييم جودة المحطة (قائمة التحقق) · نسبة تنفيذ الزيارات الميدانية المجدولة · نسبة المحطات المستوفية لمعايير السلامة · متوسط وقت معالجة البلاغات التشغيلية · نسبة أتمتة محطات الامتياز · نسبة تطبيق المعيار الشامل داخل المحطات
A11: 9 | B11: الامتياز التجاري | C11: الهوية والتسويق | D11: 1 | E11: =IFERROR(SUMIFS('قاعدة المؤشرات'!$J$2:$J$223,'قاعدة المؤشرات'!$B$2:$B$223,"الامتياز التجاري",'قاعدة المؤشرات'!$L$2:$L$223,"الهوية والتسويق")/SUMIFS('قاعدة المؤشرات'!$K$2:$K$223,'قاعدة المؤشرات'!$B$2:$B$223,"الامتياز التجاري",'قاعدة المؤشرات'!$L$2:$L$223,"الهوية والتسويق"),"") | F11: =IF($E11="","⏳ بانتظار هدف",IF($E11>=1,"✅ محقق",IF($E11>=0.85,"🟡 قريب","🔴 تحت الهدف"))) | G11: =IF($E11="","",MINIFS('قاعدة المؤشرات'!$G$2:$G$223,'قاعدة المؤشرات'!$B$2:$B$223,"الامتياز التجاري",'قاعدة المؤشرات'!$L$2:$L$223,"الهوية والتسويق")) | H11: =COUNTIFS('قاعدة المؤشرات'!$H$2:$H$223,"🔴 تحت الهدف",'قاعدة المؤشرات'!$B$2:$B$223,"الامتياز التجاري",'قاعدة المؤشرات'!$L$2:$L$223,"الهوية والتسويق") | I11: نسبة التزام المحطات بالهوية المؤسسية
A12: 10 | B12: الامتياز التجاري | C12: تجربة العملاء والشركاء | D12: 4 | E12: =IFERROR(SUMIFS('قاعدة المؤشرات'!$J$2:$J$223,'قاعدة المؤشرات'!$B$2:$B$223,"الامتياز التجاري",'قاعدة المؤشرات'!$L$2:$L$223,"تجربة العملاء والشركاء")/SUMIFS('قاعدة المؤشرات'!$K$2:$K$223,'قاعدة المؤشرات'!$B$2:$B$223,"الامتياز التجاري",'قاعدة المؤشرات'!$L$2:$L$223,"تجربة العملاء والشركاء"),"") | F12: =IF($E12="","⏳ بانتظار هدف",IF($E12>=1,"✅ محقق",IF($E12>=0.85,"🟡 قريب","🔴 تحت الهدف"))) | G12: =IF($E12="","",MINIFS('قاعدة المؤشرات'!$G$2:$G$223,'قاعدة المؤشرات'!$B$2:$B$223,"الامتياز التجاري",'قاعدة المؤشرات'!$L$2:$L$223,"تجربة العملاء والشركاء")) | H12: =COUNTIFS('قاعدة المؤشرات'!$H$2:$H$223,"🔴 تحت الهدف",'قاعدة المؤشرات'!$B$2:$B$223,"الامتياز التجاري",'قاعدة المؤشرات'!$L$2:$L$223,"تجربة العملاء والشركاء") | I12: متوسط تقييم المحطات على خرائط قوقل · معدل رضا شركاء الامتياز (CSAT) · نسبة حل الشكاوى خلال المدة المحددة · نسبة انخفاض الشكاوى التشغيلية والإدارية
A13: 11 | B13: الامتياز التجاري | C13: استدامة الشراكة والامتثال | D13: 3 | E13: =IFERROR(SUMIFS('قاعدة المؤشرات'!$J$2:$J$223,'قاعدة المؤشرات'!$B$2:$B$223,"الامتياز التجاري",'قاعدة المؤشرات'!$L$2:$L$223,"استدامة الشراكة والامتثال")/SUMIFS('قاعدة المؤشرات'!$K$2:$K$223,'قاعدة المؤشرات'!$B$2:$B$223,"الامتياز التجاري",'قاعدة المؤشرات'!$L$2:$L$223,"استدامة الشراكة والامتثال"),"") | F13: =IF($E13="","⏳ بانتظار هدف",IF($E13>=1,"✅ محقق",IF($E13>=0.85,"🟡 قريب","🔴 تحت الهدف"))) | G13: =IF($E13="","",MINIFS('قاعدة المؤشرات'!$G$2:$G$223,'قاعدة المؤشرات'!$B$2:$B$223,"الامتياز التجاري",'قاعدة المؤشرات'!$L$2:$L$223,"استدامة الشراكة والامتثال")) | H13: =COUNTIFS('قاعدة المؤشرات'!$H$2:$H$223,"🔴 تحت الهدف",'قاعدة المؤشرات'!$B$2:$B$223,"الامتياز التجاري",'قاعدة المؤشرات'!$L$2:$L$223,"استدامة الشراكة والامتثال") | I13: نسبة استدامة أصحاب الامتياز (Retention) · نسبة زيادة عدد أصحاب الامتياز · متوسط مدة إغلاق عقد الامتياز
A14: 12 | B14: التشغيل والمحطات | C14: النمو | D14: 1 | E14: =IFERROR(SUMIFS('قاعدة المؤشرات'!$J$2:$J$223,'قاعدة المؤشرات'!$B$2:$B$223,"التشغيل والمحطات",'قاعدة المؤشرات'!$L$2:$L$223,"النمو")/SUMIFS('قاعدة المؤشرات'!$K$2:$K$223,'قاعدة المؤشرات'!$B$2:$B$223,"التشغيل والمحطات",'قاعدة المؤشرات'!$L$2:$L$223,"النمو"),"") | F14: =IF($E14="","⏳ بانتظار هدف",IF($E14>=1,"✅ محقق",IF($E14>=0.85,"🟡 قريب","🔴 تحت الهدف"))) | G14: =IF($E14="","",MINIFS('قاعدة المؤشرات'!$G$2:$G$223,'قاعدة المؤشرات'!$B$2:$B$223,"التشغيل والمحطات",'قاعدة المؤشرات'!$L$2:$L$223,"النمو")) | H14: =COUNTIFS('قاعدة المؤشرات'!$H$2:$H$223,"🔴 تحت الهدف",'قاعدة المؤشرات'!$B$2:$B$223,"التشغيل والمحطات",'قاعدة المؤشرات'!$L$2:$L$223,"النمو") | I14: عدد المحطات المشغّلة (تراكمي)
A15: 13 | B15: التشغيل والمحطات | C15: الربحية | D15: 4 | E15: =IFERROR(SUMIFS('قاعدة المؤشرات'!$J$2:$J$223,'قاعدة المؤشرات'!$B$2:$B$223,"التشغيل والمحطات",'قاعدة المؤشرات'!$L$2:$L$223,"الربحية")/SUMIFS('قاعدة المؤشرات'!$K$2:$K$223,'قاعدة المؤشرات'!$B$2:$B$223,"التشغيل والمحطات",'قاعدة المؤشرات'!$L$2:$L$223,"الربحية"),"") | F15: =IF($E15="","⏳ بانتظار هدف",IF($E15>=1,"✅ محقق",IF($E15>=0.85,"🟡 قريب","🔴 تحت الهدف"))) | G15: =IF($E15="","",MINIFS('قاعدة المؤشرات'!$G$2:$G$223,'قاعدة المؤشرات'!$B$2:$B$223,"التشغيل والمحطات",'قاعدة المؤشرات'!$L$2:$L$223,"الربحية")) | H15: =COUNTIFS('قاعدة المؤشرات'!$H$2:$H$223,"🔴 تحت الهدف",'قاعدة المؤشرات'!$B$2:$B$223,"التشغيل والمحطات",'قاعدة المؤشرات'!$L$2:$L$223,"الربحية") | I15: نمو مبيعات بنزين 91 مقارنة بالعام السابق · نمو مبيعات بنزين 95 مقارنة بالعام السابق · نمو مبيعات بنزين 98 مقارنة بالعام السابق · نمو مبيعات الديزل مقارنة بالعام السابق
A16: 14 | B16: التشغيل والمحطات | C16: حماية الإيراد | D16: 2 | E16: =IFERROR(SUMIFS('قاعدة المؤشرات'!$J$2:$J$223,'قاعدة المؤشرات'!$B$2:$B$223,"التشغيل والمحطات",'قاعدة المؤشرات'!$L$2:$L$223,"حماية الإيراد")/SUMIFS('قاعدة المؤشرات'!$K$2:$K$223,'قاعدة المؤشرات'!$B$2:$B$223,"التشغيل والمحطات",'قاعدة المؤشرات'!$L$2:$L$223,"حماية الإيراد"),"") | F16: =IF($E16="","⏳ بانتظار هدف",IF($E16>=1,"✅ محقق",IF($E16>=0.85,"🟡 قريب","🔴 تحت الهدف"))) | G16: =IF($E16="","",MINIFS('قاعدة المؤشرات'!$G$2:$G$223,'قاعدة المؤشرات'!$B$2:$B$223,"التشغيل والمحطات",'قاعدة المؤشرات'!$L$2:$L$223,"حماية الإيراد")) | H16: =COUNTIFS('قاعدة المؤشرات'!$H$2:$H$223,"🔴 تحت الهدف",'قاعدة المؤشرات'!$B$2:$B$223,"التشغيل والمحطات",'قاعدة المؤشرات'!$L$2:$L$223,"حماية الإيراد") | I16: نسبة جاهزية المحطة الشاملة (Uptime) · نسبة المضخات العاملة
A17: 15 | B17: التشغيل والمحطات | C17: ضغط التكلفة | D17: 1 | E17: =IFERROR(SUMIFS('قاعدة المؤشرات'!$J$2:$J$223,'قاعدة المؤشرات'!$B$2:$B$223,"التشغيل والمحطات",'قاعدة المؤشرات'!$L$2:$L$223,"ضغط التكلفة")/SUMIFS('قاعدة المؤشرات'!$K$2:$K$223,'قاعدة المؤشرات'!$B$2:$B$223,"التشغيل والمحطات",'قاعدة المؤشرات'!$L$2:$L$223,"ضغط التكلفة"),"") | F17: =IF($E17="","⏳ بانتظار هدف",IF($E17>=1,"✅ محقق",IF($E17>=0.85,"🟡 قريب","🔴 تحت الهدف"))) | G17: =IF($E17="","",MINIFS('قاعدة المؤشرات'!$G$2:$G$223,'قاعدة المؤشرات'!$B$2:$B$223,"التشغيل والمحطات",'قاعدة المؤشرات'!$L$2:$L$223,"ضغط التكلفة")) | H17: =COUNTIFS('قاعدة المؤشرات'!$H$2:$H$223,"🔴 تحت الهدف",'قاعدة المؤشرات'!$B$2:$B$223,"التشغيل والمحطات",'قاعدة المؤشرات'!$L$2:$L$223,"ضغط التكلفة") | I17: تكلفة التشغيل لكل لتر مباع
A18: 16 | B18: التشغيل والمحطات | C18: حماية الأصول | D18: 1 | E18: =IFERROR(SUMIFS('قاعدة المؤشرات'!$J$2:$J$223,'قاعدة المؤشرات'!$B$2:$B$223,"التشغيل والمحطات",'قاعدة المؤشرات'!$L$2:$L$223,"حماية الأصول")/SUMIFS('قاعدة المؤشرات'!$K$2:$K$223,'قاعدة المؤشرات'!$B$2:$B$223,"التشغيل والمحطات",'قاعدة المؤشرات'!$L$2:$L$223,"حماية الأصول"),"") | F18: =IF($E18="","⏳ بانتظار هدف",IF($E18>=1,"✅ محقق",IF($E18>=0.85,"🟡 قريب","🔴 تحت الهدف"))) | G18: =IF($E18="","",MINIFS('قاعدة المؤشرات'!$G$2:$G$223,'قاعدة المؤشرات'!$B$2:$B$223,"التشغيل والمحطات",'قاعدة المؤشرات'!$L$2:$L$223,"حماية الأصول")) | H18: =COUNTIFS('قاعدة المؤشرات'!$H$2:$H$223,"🔴 تحت الهدف",'قاعدة المؤشرات'!$B$2:$B$223,"التشغيل والمحطات",'قاعدة المؤشرات'!$L$2:$L$223,"حماية الأصول") | I18: نسبة الصيانة الوقائية المنفذة في موعدها
A19: 17 | B19: التشغيل والمحطات | C19: تجربة العميل | D19: 5 | E19: =IFERROR(SUMIFS('قاعدة المؤشرات'!$J$2:$J$223,'قاعدة المؤشرات'!$B$2:$B$223,"التشغيل والمحطات",'قاعدة المؤشرات'!$L$2:$L$223,"تجربة العميل")/SUMIFS('قاعدة المؤشرات'!$K$2:$K$223,'قاعدة المؤشرات'!$B$2:$B$223,"التشغيل والمحطات",'قاعدة المؤشرات'!$L$2:$L$223,"تجربة العميل"),"") | F19: =IF($E19="","⏳ بانتظار هدف",IF($E19>=1,"✅ محقق",IF($E19>=0.85,"🟡 قريب","🔴 تحت الهدف"))) | G19: =IF($E19="","",MINIFS('قاعدة المؤشرات'!$G$2:$G$223,'قاعدة المؤشرات'!$B$2:$B$223,"التشغيل والمحطات",'قاعدة المؤشرات'!$L$2:$L$223,"تجربة العميل")) | H19: =COUNTIFS('قاعدة المؤشرات'!$H$2:$H$223,"🔴 تحت الهدف",'قاعدة المؤشرات'!$B$2:$B$223,"التشغيل والمحطات",'قاعدة المؤشرات'!$L$2:$L$223,"تجربة العميل") | I19: نسبة انخفاض الشكاوى مقارنة بالشهر السابق · تقييم Google Maps للمحطات · سرعة تعبئة الوقود · دقة التعبئة بدون أخطاء · تطبيق المعيار الشامل في المحطات
A20: 18 | B20: التشغيل والمحطات | C20: السلامة | D20: 1 | E20: =IFERROR(SUMIFS('قاعدة المؤشرات'!$J$2:$J$223,'قاعدة المؤشرات'!$B$2:$B$223,"التشغيل والمحطات",'قاعدة المؤشرات'!$L$2:$L$223,"السلامة")/SUMIFS('قاعدة المؤشرات'!$K$2:$K$223,'قاعدة المؤشرات'!$B$2:$B$223,"التشغيل والمحطات",'قاعدة المؤشرات'!$L$2:$L$223,"السلامة"),"") | F20: =IF($E20="","⏳ بانتظار هدف",IF($E20>=1,"✅ محقق",IF($E20>=0.85,"🟡 قريب","🔴 تحت الهدف"))) | G20: =IF($E20="","",MINIFS('قاعدة المؤشرات'!$G$2:$G$223,'قاعدة المؤشرات'!$B$2:$B$223,"التشغيل والمحطات",'قاعدة المؤشرات'!$L$2:$L$223,"السلامة")) | H20: =COUNTIFS('قاعدة المؤشرات'!$H$2:$H$223,"🔴 تحت الهدف",'قاعدة المؤشرات'!$B$2:$B$223,"التشغيل والمحطات",'قاعدة المؤشرات'!$L$2:$L$223,"السلامة") | I20: الالتزام بمعايير السلامة داخل المحطة
A21: 19 | B21: التشغيل والمحطات | C21: البيئة | D21: 1 | E21: =IFERROR(SUMIFS('قاعدة المؤشرات'!$J$2:$J$223,'قاعدة المؤشرات'!$B$2:$B$223,"التشغيل والمحطات",'قاعدة المؤشرات'!$L$2:$L$223,"البيئة")/SUMIFS('قاعدة المؤشرات'!$K$2:$K$223,'قاعدة المؤشرات'!$B$2:$B$223,"التشغيل والمحطات",'قاعدة المؤشرات'!$L$2:$L$223,"البيئة"),"") | F21: =IF($E21="","⏳ بانتظار هدف",IF($E21>=1,"✅ محقق",IF($E21>=0.85,"🟡 قريب","🔴 تحت الهدف"))) | G21: =IF($E21="","",MINIFS('قاعدة المؤشرات'!$G$2:$G$223,'قاعدة المؤشرات'!$B$2:$B$223,"التشغيل والمحطات",'قاعدة المؤشرات'!$L$2:$L$223,"البيئة")) | H21: =COUNTIFS('قاعدة المؤشرات'!$H$2:$H$223,"🔴 تحت الهدف",'قاعدة المؤشرات'!$B$2:$B$223,"التشغيل والمحطات",'قاعدة المؤشرات'!$L$2:$L$223,"البيئة") | I21: التشجير داخل المحطة (معيار الوزارة)
A22: 20 | B22: الاستثمار | C22: نمو المحفظة | D22: 7 | E22: =IFERROR(SUMIFS('قاعدة المؤشرات'!$J$2:$J$223,'قاعدة المؤشرات'!$B$2:$B$223,"الاستثمار",'قاعدة المؤشرات'!$L$2:$L$223,"نمو المحفظة")/SUMIFS('قاعدة المؤشرات'!$K$2:$K$223,'قاعدة المؤشرات'!$B$2:$B$223,"الاستثمار",'قاعدة المؤشرات'!$L$2:$L$223,"نمو المحفظة"),"") | F22: =IF($E22="","⏳ بانتظار هدف",IF($E22>=1,"✅ محقق",IF($E22>=0.85,"🟡 قريب","🔴 تحت الهدف"))) | G22: =IF($E22="","",MINIFS('قاعدة المؤشرات'!$G$2:$G$223,'قاعدة المؤشرات'!$B$2:$B$223,"الاستثمار",'قاعدة المؤشرات'!$L$2:$L$223,"نمو المحفظة")) | H22: =COUNTIFS('قاعدة المؤشرات'!$H$2:$H$223,"🔴 تحت الهدف",'قاعدة المؤشرات'!$B$2:$B$223,"الاستثمار",'قاعدة المؤشرات'!$L$2:$L$223,"نمو المحفظة") | I22: إجمالي عقود الاستثمار الجديدة (جميع النماذج) · عقود الاستثمار العادي الجديدة · عقود الاستحواذ الجديدة · المحطات المستحوَذ عليها المشغّلة (تراكمي) · عقود تأجير الأرض الجديدة · عقود إيجار المحطة الجديدة · عقود تشغيل المحطة الجديدة
A23: 21 | B23: الاستثمار | C23: الربحية وجودة الموقع | D23: 3 | E23: =IFERROR(SUMIFS('قاعدة المؤشرات'!$J$2:$J$223,'قاعدة المؤشرات'!$B$2:$B$223,"الاستثمار",'قاعدة المؤشرات'!$L$2:$L$223,"الربحية وجودة الموقع")/SUMIFS('قاعدة المؤشرات'!$K$2:$K$223,'قاعدة المؤشرات'!$B$2:$B$223,"الاستثمار",'قاعدة المؤشرات'!$L$2:$L$223,"الربحية وجودة الموقع"),"") | F23: =IF($E23="","⏳ بانتظار هدف",IF($E23>=1,"✅ محقق",IF($E23>=0.85,"🟡 قريب","🔴 تحت الهدف"))) | G23: =IF($E23="","",MINIFS('قاعدة المؤشرات'!$G$2:$G$223,'قاعدة المؤشرات'!$B$2:$B$223,"الاستثمار",'قاعدة المؤشرات'!$L$2:$L$223,"الربحية وجودة الموقع")) | H23: =COUNTIFS('قاعدة المؤشرات'!$H$2:$H$223,"🔴 تحت الهدف",'قاعدة المؤشرات'!$B$2:$B$223,"الاستثمار",'قاعدة المؤشرات'!$L$2:$L$223,"الربحية وجودة الموقع") | I23: نسبة المواقع المعتمدة ذات العائد المجدي · متوسط فترة استرداد رأس المال · متوسط قيمة عقد الإيجار السنوي (أرض)
A24: 22 | B24: الاستثمار | C24: التوسع الإقليمي | D24: 4 | E24: =IFERROR(SUMIFS('قاعدة المؤشرات'!$J$2:$J$223,'قاعدة المؤشرات'!$B$2:$B$223,"الاستثمار",'قاعدة المؤشرات'!$L$2:$L$223,"التوسع الإقليمي")/SUMIFS('قاعدة المؤشرات'!$K$2:$K$223,'قاعدة المؤشرات'!$B$2:$B$223,"الاستثمار",'قاعدة المؤشرات'!$L$2:$L$223,"التوسع الإقليمي"),"") | F24: =IF($E24="","⏳ بانتظار هدف",IF($E24>=1,"✅ محقق",IF($E24>=0.85,"🟡 قريب","🔴 تحت الهدف"))) | G24: =IF($E24="","",MINIFS('قاعدة المؤشرات'!$G$2:$G$223,'قاعدة المؤشرات'!$B$2:$B$223,"الاستثمار",'قاعدة المؤشرات'!$L$2:$L$223,"التوسع الإقليمي")) | H24: =COUNTIFS('قاعدة المؤشرات'!$H$2:$H$223,"🔴 تحت الهدف",'قاعدة المؤشرات'!$B$2:$B$223,"الاستثمار",'قاعدة المؤشرات'!$L$2:$L$223,"التوسع الإقليمي") | I24: نسبة العقود التي تغطي المناطق الـ13 · نسبة العقود خارج المدن الرئيسية · نسبة العقود في الـ12 مدينة الرئيسية · نسبة العقود على الطرق الإقليمية
A25: 23 | B25: الاستثمار | C25: كفاءة الدورة | D25: 3 | E25: =IFERROR(SUMIFS('قاعدة المؤشرات'!$J$2:$J$223,'قاعدة المؤشرات'!$B$2:$B$223,"الاستثمار",'قاعدة المؤشرات'!$L$2:$L$223,"كفاءة الدورة")/SUMIFS('قاعدة المؤشرات'!$K$2:$K$223,'قاعدة المؤشرات'!$B$2:$B$223,"الاستثمار",'قاعدة المؤشرات'!$L$2:$L$223,"كفاءة الدورة"),"") | F25: =IF($E25="","⏳ بانتظار هدف",IF($E25>=1,"✅ محقق",IF($E25>=0.85,"🟡 قريب","🔴 تحت الهدف"))) | G25: =IF($E25="","",MINIFS('قاعدة المؤشرات'!$G$2:$G$223,'قاعدة المؤشرات'!$B$2:$B$223,"الاستثمار",'قاعدة المؤشرات'!$L$2:$L$223,"كفاءة الدورة")) | H25: =COUNTIFS('قاعدة المؤشرات'!$H$2:$H$223,"🔴 تحت الهدف",'قاعدة المؤشرات'!$B$2:$B$223,"الاستثمار",'قاعدة المؤشرات'!$L$2:$L$223,"كفاءة الدورة") | I25: متوسط مدة إغلاق عقد الاستثمار · نسبة العقود المتحوّلة لمحطات مشغّلة · نسبة تخفيض إيجار المواقع عالية التكاليف
A26: 24 | B26: الاستثمار | C26: الامتثال | D26: 2 | E26: =IFERROR(SUMIFS('قاعدة المؤشرات'!$J$2:$J$223,'قاعدة المؤشرات'!$B$2:$B$223,"الاستثمار",'قاعدة المؤشرات'!$L$2:$L$223,"الامتثال")/SUMIFS('قاعدة المؤشرات'!$K$2:$K$223,'قاعدة المؤشرات'!$B$2:$B$223,"الاستثمار",'قاعدة المؤشرات'!$L$2:$L$223,"الامتثال"),"") | F26: =IF($E26="","⏳ بانتظار هدف",IF($E26>=1,"✅ محقق",IF($E26>=0.85,"🟡 قريب","🔴 تحت الهدف"))) | G26: =IF($E26="","",MINIFS('قاعدة المؤشرات'!$G$2:$G$223,'قاعدة المؤشرات'!$B$2:$B$223,"الاستثمار",'قاعدة المؤشرات'!$L$2:$L$223,"الامتثال")) | H26: =COUNTIFS('قاعدة المؤشرات'!$H$2:$H$223,"🔴 تحت الهدف",'قاعدة المؤشرات'!$B$2:$B$223,"الاستثمار",'قاعدة المؤشرات'!$L$2:$L$223,"الامتثال") | I26: نسبة اكتمال المستندات النظامية قبل التوقيع · نسبة العقود المؤرشفة إلكترونياً خلال 48 ساعة
A27: 25 | B27: الاستثمار | C27: جودة التعاقد | D27: 5 | E27: =IFERROR(SUMIFS('قاعدة المؤشرات'!$J$2:$J$223,'قاعدة المؤشرات'!$B$2:$B$223,"الاستثمار",'قاعدة المؤشرات'!$L$2:$L$223,"جودة التعاقد")/SUMIFS('قاعدة المؤشرات'!$K$2:$K$223,'قاعدة المؤشرات'!$B$2:$B$223,"الاستثمار",'قاعدة المؤشرات'!$L$2:$L$223,"جودة التعاقد"),"") | F27: =IF($E27="","⏳ بانتظار هدف",IF($E27>=1,"✅ محقق",IF($E27>=0.85,"🟡 قريب","🔴 تحت الهدف"))) | G27: =IF($E27="","",MINIFS('قاعدة المؤشرات'!$G$2:$G$223,'قاعدة المؤشرات'!$B$2:$B$223,"الاستثمار",'قاعدة المؤشرات'!$L$2:$L$223,"جودة التعاقد")) | H27: =COUNTIFS('قاعدة المؤشرات'!$H$2:$H$223,"🔴 تحت الهدف",'قاعدة المؤشرات'!$B$2:$B$223,"الاستثمار",'قاعدة المؤشرات'!$L$2:$L$223,"جودة التعاقد") | I27: جودة التفاوض مع المستثمرين · سرعة إنجاز إجراءات التعاقد · مدى رضا المستثمرين وشركاء الاستثمار · نسبة اكتمال أرشفة ملفات العملاء · نسبة إنجاز التقارير الدورية في موعدها
A28: 26 | B28: العقار | C28: الإدارة | D28: 3 | E28: =IFERROR(SUMIFS('قاعدة المؤشرات'!$J$2:$J$223,'قاعدة المؤشرات'!$B$2:$B$223,"العقار",'قاعدة المؤشرات'!$L$2:$L$223,"الإدارة")/SUMIFS('قاعدة المؤشرات'!$K$2:$K$223,'قاعدة المؤشرات'!$B$2:$B$223,"العقار",'قاعدة المؤشرات'!$L$2:$L$223,"الإدارة"),"") | F28: =IF($E28="","⏳ بانتظار هدف",IF($E28>=1,"✅ محقق",IF($E28>=0.85,"🟡 قريب","🔴 تحت الهدف"))) | G28: =IF($E28="","",MINIFS('قاعدة المؤشرات'!$G$2:$G$223,'قاعدة المؤشرات'!$B$2:$B$223,"العقار",'قاعدة المؤشرات'!$L$2:$L$223,"الإدارة")) | H28: =COUNTIFS('قاعدة المؤشرات'!$H$2:$H$223,"🔴 تحت الهدف",'قاعدة المؤشرات'!$B$2:$B$223,"العقار",'قاعدة المؤشرات'!$L$2:$L$223,"الإدارة") | I28: نمو الإيرادات الإيجارية · نسبة الالتزام بالعقود · نسبة تحصيل الإيجارات
A29: 27 | B29: العقار | C29: التأجير | D29: 5 | E29: =IFERROR(SUMIFS('قاعدة المؤشرات'!$J$2:$J$223,'قاعدة المؤشرات'!$B$2:$B$223,"العقار",'قاعدة المؤشرات'!$L$2:$L$223,"التأجير")/SUMIFS('قاعدة المؤشرات'!$K$2:$K$223,'قاعدة المؤشرات'!$B$2:$B$223,"العقار",'قاعدة المؤشرات'!$L$2:$L$223,"التأجير"),"") | F29: =IF($E29="","⏳ بانتظار هدف",IF($E29>=1,"✅ محقق",IF($E29>=0.85,"🟡 قريب","🔴 تحت الهدف"))) | G29: =IF($E29="","",MINIFS('قاعدة المؤشرات'!$G$2:$G$223,'قاعدة المؤشرات'!$B$2:$B$223,"العقار",'قاعدة المؤشرات'!$L$2:$L$223,"التأجير")) | H29: =COUNTIFS('قاعدة المؤشرات'!$H$2:$H$223,"🔴 تحت الهدف",'قاعدة المؤشرات'!$B$2:$B$223,"العقار",'قاعدة المؤشرات'!$L$2:$L$223,"التأجير") | I29: نسبة الإشغال · الوحدات المؤجَّرة شهرياً · العملاء المحتملون (LEADS) · معدل التحويل · زيادة عدد العلامات التجارية
A30: 28 | B30: العقار | C30: الإبداع والتكامل | D30: 3 | E30: =IFERROR(SUMIFS('قاعدة المؤشرات'!$J$2:$J$223,'قاعدة المؤشرات'!$B$2:$B$223,"العقار",'قاعدة المؤشرات'!$L$2:$L$223,"الإبداع والتكامل")/SUMIFS('قاعدة المؤشرات'!$K$2:$K$223,'قاعدة المؤشرات'!$B$2:$B$223,"العقار",'قاعدة المؤشرات'!$L$2:$L$223,"الإبداع والتكامل"),"") | F30: =IF($E30="","⏳ بانتظار هدف",IF($E30>=1,"✅ محقق",IF($E30>=0.85,"🟡 قريب","🔴 تحت الهدف"))) | G30: =IF($E30="","",MINIFS('قاعدة المؤشرات'!$G$2:$G$223,'قاعدة المؤشرات'!$B$2:$B$223,"العقار",'قاعدة المؤشرات'!$L$2:$L$223,"الإبداع والتكامل")) | H30: =COUNTIFS('قاعدة المؤشرات'!$H$2:$H$223,"🔴 تحت الهدف",'قاعدة المؤشرات'!$B$2:$B$223,"العقار",'قاعدة المؤشرات'!$L$2:$L$223,"الإبداع والتكامل") | I30: نسبة تأجير ساحة درب · علامات تجارية جديدة (ساحة درب) · الشراكات الاستراتيجية
A31: 29 | B31: العقار | C31: إدارة الأملاك | D31: 1 | E31: =IFERROR(SUMIFS('قاعدة المؤشرات'!$J$2:$J$223,'قاعدة المؤشرات'!$B$2:$B$223,"العقار",'قاعدة المؤشرات'!$L$2:$L$223,"إدارة الأملاك")/SUMIFS('قاعدة المؤشرات'!$K$2:$K$223,'قاعدة المؤشرات'!$B$2:$B$223,"العقار",'قاعدة المؤشرات'!$L$2:$L$223,"إدارة الأملاك"),"") | F31: =IF($E31="","⏳ بانتظار هدف",IF($E31>=1,"✅ محقق",IF($E31>=0.85,"🟡 قريب","🔴 تحت الهدف"))) | G31: =IF($E31="","",MINIFS('قاعدة المؤشرات'!$G$2:$G$223,'قاعدة المؤشرات'!$B$2:$B$223,"العقار",'قاعدة المؤشرات'!$L$2:$L$223,"إدارة الأملاك")) | H31: =COUNTIFS('قاعدة المؤشرات'!$H$2:$H$223,"🔴 تحت الهدف",'قاعدة المؤشرات'!$B$2:$B$223,"العقار",'قاعدة المؤشرات'!$L$2:$L$223,"إدارة الأملاك") | I31: نسبة تجديد العقود
A32: 30 | B32: العقار | C32: تنسيق المشاريع | D32: 2 | E32: =IFERROR(SUMIFS('قاعدة المؤشرات'!$J$2:$J$223,'قاعدة المؤشرات'!$B$2:$B$223,"العقار",'قاعدة المؤشرات'!$L$2:$L$223,"تنسيق المشاريع")/SUMIFS('قاعدة المؤشرات'!$K$2:$K$223,'قاعدة المؤشرات'!$B$2:$B$223,"العقار",'قاعدة المؤشرات'!$L$2:$L$223,"تنسيق المشاريع"),"") | F32: =IF($E32="","⏳ بانتظار هدف",IF($E32>=1,"✅ محقق",IF($E32>=0.85,"🟡 قريب","🔴 تحت الهدف"))) | G32: =IF($E32="","",MINIFS('قاعدة المؤشرات'!$G$2:$G$223,'قاعدة المؤشرات'!$B$2:$B$223,"العقار",'قاعدة المؤشرات'!$L$2:$L$223,"تنسيق المشاريع")) | H32: =COUNTIFS('قاعدة المؤشرات'!$H$2:$H$223,"🔴 تحت الهدف",'قاعدة المؤشرات'!$B$2:$B$223,"العقار",'قاعدة المؤشرات'!$L$2:$L$223,"تنسيق المشاريع") | I32: متوسط زمن تسليم الوحدة · نسبة إغلاق الطلبات خلال 3 أسابيع
A33: 31 | B33: العقار | C33: الجودة والاستدامة | D33: 2 | E33: =IFERROR(SUMIFS('قاعدة المؤشرات'!$J$2:$J$223,'قاعدة المؤشرات'!$B$2:$B$223,"العقار",'قاعدة المؤشرات'!$L$2:$L$223,"الجودة والاستدامة")/SUMIFS('قاعدة المؤشرات'!$K$2:$K$223,'قاعدة المؤشرات'!$B$2:$B$223,"العقار",'قاعدة المؤشرات'!$L$2:$L$223,"الجودة والاستدامة"),"") | F33: =IF($E33="","⏳ بانتظار هدف",IF($E33>=1,"✅ محقق",IF($E33>=0.85,"🟡 قريب","🔴 تحت الهدف"))) | G33: =IF($E33="","",MINIFS('قاعدة المؤشرات'!$G$2:$G$223,'قاعدة المؤشرات'!$B$2:$B$223,"العقار",'قاعدة المؤشرات'!$L$2:$L$223,"الجودة والاستدامة")) | H33: =COUNTIFS('قاعدة المؤشرات'!$H$2:$H$223,"🔴 تحت الهدف",'قاعدة المؤشرات'!$B$2:$B$223,"العقار",'قاعدة المؤشرات'!$L$2:$L$223,"الجودة والاستدامة") | I33: استدامة المستأجرين (لم يُنهَ مبكراً) · معدل رضا المستأجرين (استبيان ربعي)
A34: 32 | B34: إدارة المشاريع | C34: تسليم محطات الشركة | D34: 4 | E34: =IFERROR(SUMIFS('قاعدة المؤشرات'!$J$2:$J$223,'قاعدة المؤشرات'!$B$2:$B$223,"إدارة المشاريع",'قاعدة المؤشرات'!$L$2:$L$223,"تسليم محطات الشركة")/SUMIFS('قاعدة المؤشرات'!$K$2:$K$223,'قاعدة المؤشرات'!$B$2:$B$223,"إدارة المشاريع",'قاعدة المؤشرات'!$L$2:$L$223,"تسليم محطات الشركة"),"") | F34: =IF($E34="","⏳ بانتظار هدف",IF($E34>=1,"✅ محقق",IF($E34>=0.85,"🟡 قريب","🔴 تحت الهدف"))) | G34: =IF($E34="","",MINIFS('قاعدة المؤشرات'!$G$2:$G$223,'قاعدة المؤشرات'!$B$2:$B$223,"إدارة المشاريع",'قاعدة المؤشرات'!$L$2:$L$223,"تسليم محطات الشركة")) | H34: =COUNTIFS('قاعدة المؤشرات'!$H$2:$H$223,"🔴 تحت الهدف",'قاعدة المؤشرات'!$B$2:$B$223,"إدارة المشاريع",'قاعدة المؤشرات'!$L$2:$L$223,"تسليم محطات الشركة") | I34: عدد محطات الشركة المُسلَّمة · نسبة إنجاز محفظة مشاريع التوسع · نسبة تسليم المحطات في الموعد المخطط · نسبة المشاريع المنفّذة ضمن الميزانية
A35: 33 | B35: إدارة المشاريع | C35: الإشراف على الامتياز | D35: 4 | E35: =IFERROR(SUMIFS('قاعدة المؤشرات'!$J$2:$J$223,'قاعدة المؤشرات'!$B$2:$B$223,"إدارة المشاريع",'قاعدة المؤشرات'!$L$2:$L$223,"الإشراف على الامتياز")/SUMIFS('قاعدة المؤشرات'!$K$2:$K$223,'قاعدة المؤشرات'!$B$2:$B$223,"إدارة المشاريع",'قاعدة المؤشرات'!$L$2:$L$223,"الإشراف على الامتياز"),"") | F35: =IF($E35="","⏳ بانتظار هدف",IF($E35>=1,"✅ محقق",IF($E35>=0.85,"🟡 قريب","🔴 تحت الهدف"))) | G35: =IF($E35="","",MINIFS('قاعدة المؤشرات'!$G$2:$G$223,'قاعدة المؤشرات'!$B$2:$B$223,"إدارة المشاريع",'قاعدة المؤشرات'!$L$2:$L$223,"الإشراف على الامتياز")) | H35: =COUNTIFS('قاعدة المؤشرات'!$H$2:$H$223,"🔴 تحت الهدف",'قاعدة المؤشرات'!$B$2:$B$223,"إدارة المشاريع",'قاعدة المؤشرات'!$L$2:$L$223,"الإشراف على الامتياز") | I35: عدد محطات الامتياز المُسلَّمة بالهوية · نسبة تنفيذ زيارات الإشراف المجدولة · نسبة التزام المطوّرين بالجدول الزمني · نسبة إغلاق ملاحظات الجودة على المطوّرين
A36: 34 | B36: إدارة المشاريع | C36: إجمالي التسليم | D36: 1 | E36: =IFERROR(SUMIFS('قاعدة المؤشرات'!$J$2:$J$223,'قاعدة المؤشرات'!$B$2:$B$223,"إدارة المشاريع",'قاعدة المؤشرات'!$L$2:$L$223,"إجمالي التسليم")/SUMIFS('قاعدة المؤشرات'!$K$2:$K$223,'قاعدة المؤشرات'!$B$2:$B$223,"إدارة المشاريع",'قاعدة المؤشرات'!$L$2:$L$223,"إجمالي التسليم"),"") | F36: =IF($E36="","⏳ بانتظار هدف",IF($E36>=1,"✅ محقق",IF($E36>=0.85,"🟡 قريب","🔴 تحت الهدف"))) | G36: =IF($E36="","",MINIFS('قاعدة المؤشرات'!$G$2:$G$223,'قاعدة المؤشرات'!$B$2:$B$223,"إدارة المشاريع",'قاعدة المؤشرات'!$L$2:$L$223,"إجمالي التسليم")) | H36: =COUNTIFS('قاعدة المؤشرات'!$H$2:$H$223,"🔴 تحت الهدف",'قاعدة المؤشرات'!$B$2:$B$223,"إدارة المشاريع",'قاعدة المؤشرات'!$L$2:$L$223,"إجمالي التسليم") | I36: إجمالي المحطات المُسلَّمة بالهوية (شركة + امتياز)
A37: 35 | B37: إدارة المشاريع | C37: الجودة والمقاولون | D37: 3 | E37: =IFERROR(SUMIFS('قاعدة المؤشرات'!$J$2:$J$223,'قاعدة المؤشرات'!$B$2:$B$223,"إدارة المشاريع",'قاعدة المؤشرات'!$L$2:$L$223,"الجودة والمقاولون")/SUMIFS('قاعدة المؤشرات'!$K$2:$K$223,'قاعدة المؤشرات'!$B$2:$B$223,"إدارة المشاريع",'قاعدة المؤشرات'!$L$2:$L$223,"الجودة والمقاولون"),"") | F37: =IF($E37="","⏳ بانتظار هدف",IF($E37>=1,"✅ محقق",IF($E37>=0.85,"🟡 قريب","🔴 تحت الهدف"))) | G37: =IF($E37="","",MINIFS('قاعدة المؤشرات'!$G$2:$G$223,'قاعدة المؤشرات'!$B$2:$B$223,"إدارة المشاريع",'قاعدة المؤشرات'!$L$2:$L$223,"الجودة والمقاولون")) | H37: =COUNTIFS('قاعدة المؤشرات'!$H$2:$H$223,"🔴 تحت الهدف",'قاعدة المؤشرات'!$B$2:$B$223,"إدارة المشاريع",'قاعدة المؤشرات'!$L$2:$L$223,"الجودة والمقاولون") | I37: نسبة المشاريع الخالية من مخالفات الجودة · عدد مخالفات المقاولين (سنوي) · نسبة التزام المقاولين بمعايير السلامة
A38: 36 | B38: إدارة المشاريع | C38: الالتزام بالخطة | D38: 2 | E38: =IFERROR(SUMIFS('قاعدة المؤشرات'!$J$2:$J$223,'قاعدة المؤشرات'!$B$2:$B$223,"إدارة المشاريع",'قاعدة المؤشرات'!$L$2:$L$223,"الالتزام بالخطة")/SUMIFS('قاعدة المؤشرات'!$K$2:$K$223,'قاعدة المؤشرات'!$B$2:$B$223,"إدارة المشاريع",'قاعدة المؤشرات'!$L$2:$L$223,"الالتزام بالخطة"),"") | F38: =IF($E38="","⏳ بانتظار هدف",IF($E38>=1,"✅ محقق",IF($E38>=0.85,"🟡 قريب","🔴 تحت الهدف"))) | G38: =IF($E38="","",MINIFS('قاعدة المؤشرات'!$G$2:$G$223,'قاعدة المؤشرات'!$B$2:$B$223,"إدارة المشاريع",'قاعدة المؤشرات'!$L$2:$L$223,"الالتزام بالخطة")) | H38: =COUNTIFS('قاعدة المؤشرات'!$H$2:$H$223,"🔴 تحت الهدف",'قاعدة المؤشرات'!$B$2:$B$223,"إدارة المشاريع",'قاعدة المؤشرات'!$L$2:$L$223,"الالتزام بالخطة") | I38: نسبة الالتزام بالميزانية المعتمدة · نسبة الالتزام بالجدول الزمني العام
A39: 37 | B39: إدارة المشاريع | C39: التصاميم وأوامر التغيير | D39: 1 | E39: =IFERROR(SUMIFS('قاعدة المؤشرات'!$J$2:$J$223,'قاعدة المؤشرات'!$B$2:$B$223,"إدارة المشاريع",'قاعدة المؤشرات'!$L$2:$L$223,"التصاميم وأوامر التغيير")/SUMIFS('قاعدة المؤشرات'!$K$2:$K$223,'قاعدة المؤشرات'!$B$2:$B$223,"إدارة المشاريع",'قاعدة المؤشرات'!$L$2:$L$223,"التصاميم وأوامر التغيير"),"") | F39: =IF($E39="","⏳ بانتظار هدف",IF($E39>=1,"✅ محقق",IF($E39>=0.85,"🟡 قريب","🔴 تحت الهدف"))) | G39: =IF($E39="","",MINIFS('قاعدة المؤشرات'!$G$2:$G$223,'قاعدة المؤشرات'!$B$2:$B$223,"إدارة المشاريع",'قاعدة المؤشرات'!$L$2:$L$223,"التصاميم وأوامر التغيير")) | H39: =COUNTIFS('قاعدة المؤشرات'!$H$2:$H$223,"🔴 تحت الهدف",'قاعدة المؤشرات'!$B$2:$B$223,"إدارة المشاريع",'قاعدة المؤشرات'!$L$2:$L$223,"التصاميم وأوامر التغيير") | I39: متوسط مدة إغلاق قائمة الملاحظات النهائية
A40: 38 | B40: سلاسل الإمداد | C40: خدمة العميل والتوفّر | D40: 2 | E40: =IFERROR(SUMIFS('قاعدة المؤشرات'!$J$2:$J$223,'قاعدة المؤشرات'!$B$2:$B$223,"سلاسل الإمداد",'قاعدة المؤشرات'!$L$2:$L$223,"خدمة العميل والتوفّر")/SUMIFS('قاعدة المؤشرات'!$K$2:$K$223,'قاعدة المؤشرات'!$B$2:$B$223,"سلاسل الإمداد",'قاعدة المؤشرات'!$L$2:$L$223,"خدمة العميل والتوفّر"),"") | F40: =IF($E40="","⏳ بانتظار هدف",IF($E40>=1,"✅ محقق",IF($E40>=0.85,"🟡 قريب","🔴 تحت الهدف"))) | G40: =IF($E40="","",MINIFS('قاعدة المؤشرات'!$G$2:$G$223,'قاعدة المؤشرات'!$B$2:$B$223,"سلاسل الإمداد",'قاعدة المؤشرات'!$L$2:$L$223,"خدمة العميل والتوفّر")) | H40: =COUNTIFS('قاعدة المؤشرات'!$H$2:$H$223,"🔴 تحت الهدف",'قاعدة المؤشرات'!$B$2:$B$223,"سلاسل الإمداد",'قاعدة المؤشرات'!$L$2:$L$223,"خدمة العميل والتوفّر") | I40: نسبة تلبية طلبات المحطات من الوقود Fill Rate · عدد انقطاعات التوريد المؤثرة شهريًا
A41: 39 | B41: سلاسل الإمداد | C41: المخزون | D41: 3 | E41: =IFERROR(SUMIFS('قاعدة المؤشرات'!$J$2:$J$223,'قاعدة المؤشرات'!$B$2:$B$223,"سلاسل الإمداد",'قاعدة المؤشرات'!$L$2:$L$223,"المخزون")/SUMIFS('قاعدة المؤشرات'!$K$2:$K$223,'قاعدة المؤشرات'!$B$2:$B$223,"سلاسل الإمداد",'قاعدة المؤشرات'!$L$2:$L$223,"المخزون"),"") | F41: =IF($E41="","⏳ بانتظار هدف",IF($E41>=1,"✅ محقق",IF($E41>=0.85,"🟡 قريب","🔴 تحت الهدف"))) | G41: =IF($E41="","",MINIFS('قاعدة المؤشرات'!$G$2:$G$223,'قاعدة المؤشرات'!$B$2:$B$223,"سلاسل الإمداد",'قاعدة المؤشرات'!$L$2:$L$223,"المخزون")) | H41: =COUNTIFS('قاعدة المؤشرات'!$H$2:$H$223,"🔴 تحت الهدف",'قاعدة المؤشرات'!$B$2:$B$223,"سلاسل الإمداد",'قاعدة المؤشرات'!$L$2:$L$223,"المخزون") | I41: نسبة تغطية مخزون الوقود بالأيام · نسبة توفر المواد المخزنية والحرجة · نسبة المواد الراكدة من المخزون
A42: 40 | B42: سلاسل الإمداد | C42: المشتريات | D42: 2 | E42: =IFERROR(SUMIFS('قاعدة المؤشرات'!$J$2:$J$223,'قاعدة المؤشرات'!$B$2:$B$223,"سلاسل الإمداد",'قاعدة المؤشرات'!$L$2:$L$223,"المشتريات")/SUMIFS('قاعدة المؤشرات'!$K$2:$K$223,'قاعدة المؤشرات'!$B$2:$B$223,"سلاسل الإمداد",'قاعدة المؤشرات'!$L$2:$L$223,"المشتريات"),"") | F42: =IF($E42="","⏳ بانتظار هدف",IF($E42>=1,"✅ محقق",IF($E42>=0.85,"🟡 قريب","🔴 تحت الهدف"))) | G42: =IF($E42="","",MINIFS('قاعدة المؤشرات'!$G$2:$G$223,'قاعدة المؤشرات'!$B$2:$B$223,"سلاسل الإمداد",'قاعدة المؤشرات'!$L$2:$L$223,"المشتريات")) | H42: =COUNTIFS('قاعدة المؤشرات'!$H$2:$H$223,"🔴 تحت الهدف",'قاعدة المؤشرات'!$B$2:$B$223,"سلاسل الإمداد",'قاعدة المؤشرات'!$L$2:$L$223,"المشتريات") | I42: دقة أوامر الشراء ومستنداتها · نسبة إنجاز أوامر الشراء خلال المدة المستهدفة
A43: 41 | B43: سلاسل الإمداد | C43: التوريد والتسليم | D43: 2 | E43: =IFERROR(SUMIFS('قاعدة المؤشرات'!$J$2:$J$223,'قاعدة المؤشرات'!$B$2:$B$223,"سلاسل الإمداد",'قاعدة المؤشرات'!$L$2:$L$223,"التوريد والتسليم")/SUMIFS('قاعدة المؤشرات'!$K$2:$K$223,'قاعدة المؤشرات'!$B$2:$B$223,"سلاسل الإمداد",'قاعدة المؤشرات'!$L$2:$L$223,"التوريد والتسليم"),"") | F43: =IF($E43="","⏳ بانتظار هدف",IF($E43>=1,"✅ محقق",IF($E43>=0.85,"🟡 قريب","🔴 تحت الهدف"))) | G43: =IF($E43="","",MINIFS('قاعدة المؤشرات'!$G$2:$G$223,'قاعدة المؤشرات'!$B$2:$B$223,"سلاسل الإمداد",'قاعدة المؤشرات'!$L$2:$L$223,"التوريد والتسليم")) | H43: =COUNTIFS('قاعدة المؤشرات'!$H$2:$H$223,"🔴 تحت الهدف",'قاعدة المؤشرات'!$B$2:$B$223,"سلاسل الإمداد",'قاعدة المؤشرات'!$L$2:$L$223,"التوريد والتسليم") | I43: نسبة الالتزام بزمن التسليم والتوريد للمحطات والإدارات · نسبة جاهزية الإمداد للمحطات الجديدة وخطط الافتتاح
A44: 42 | B44: سلاسل الإمداد | C44: النقل والأسطول | D44: 1 | E44: =IFERROR(SUMIFS('قاعدة المؤشرات'!$J$2:$J$223,'قاعدة المؤشرات'!$B$2:$B$223,"سلاسل الإمداد",'قاعدة المؤشرات'!$L$2:$L$223,"النقل والأسطول")/SUMIFS('قاعدة المؤشرات'!$K$2:$K$223,'قاعدة المؤشرات'!$B$2:$B$223,"سلاسل الإمداد",'قاعدة المؤشرات'!$L$2:$L$223,"النقل والأسطول"),"") | F44: =IF($E44="","⏳ بانتظار هدف",IF($E44>=1,"✅ محقق",IF($E44>=0.85,"🟡 قريب","🔴 تحت الهدف"))) | G44: =IF($E44="","",MINIFS('قاعدة المؤشرات'!$G$2:$G$223,'قاعدة المؤشرات'!$B$2:$B$223,"سلاسل الإمداد",'قاعدة المؤشرات'!$L$2:$L$223,"النقل والأسطول")) | H44: =COUNTIFS('قاعدة المؤشرات'!$H$2:$H$223,"🔴 تحت الهدف",'قاعدة المؤشرات'!$B$2:$B$223,"سلاسل الإمداد",'قاعدة المؤشرات'!$L$2:$L$223,"النقل والأسطول") | I44: نسبة الالتزام بجدول النقل واستخدام الأسطول بكفاءة
A45: 43 | B45: سلاسل الإمداد | C45: الموردون والرضا | D45: 2 | E45: =IFERROR(SUMIFS('قاعدة المؤشرات'!$J$2:$J$223,'قاعدة المؤشرات'!$B$2:$B$223,"سلاسل الإمداد",'قاعدة المؤشرات'!$L$2:$L$223,"الموردون والرضا")/SUMIFS('قاعدة المؤشرات'!$K$2:$K$223,'قاعدة المؤشرات'!$B$2:$B$223,"سلاسل الإمداد",'قاعدة المؤشرات'!$L$2:$L$223,"الموردون والرضا"),"") | F45: =IF($E45="","⏳ بانتظار هدف",IF($E45>=1,"✅ محقق",IF($E45>=0.85,"🟡 قريب","🔴 تحت الهدف"))) | G45: =IF($E45="","",MINIFS('قاعدة المؤشرات'!$G$2:$G$223,'قاعدة المؤشرات'!$B$2:$B$223,"سلاسل الإمداد",'قاعدة المؤشرات'!$L$2:$L$223,"الموردون والرضا")) | H45: =COUNTIFS('قاعدة المؤشرات'!$H$2:$H$223,"🔴 تحت الهدف",'قاعدة المؤشرات'!$B$2:$B$223,"سلاسل الإمداد",'قاعدة المؤشرات'!$L$2:$L$223,"الموردون والرضا") | I45: كفاءة إدارة الموردين · مستوى رضا الإدارات عن خدمات سلاسل الإمداد
A46: 44 | B46: الصيانة والأتمتة | C46: جاهزية الأصول | D46: 2 | E46: =IFERROR(SUMIFS('قاعدة المؤشرات'!$J$2:$J$223,'قاعدة المؤشرات'!$B$2:$B$223,"الصيانة والأتمتة",'قاعدة المؤشرات'!$L$2:$L$223,"جاهزية الأصول")/SUMIFS('قاعدة المؤشرات'!$K$2:$K$223,'قاعدة المؤشرات'!$B$2:$B$223,"الصيانة والأتمتة",'قاعدة المؤشرات'!$L$2:$L$223,"جاهزية الأصول"),"") | F46: =IF($E46="","⏳ بانتظار هدف",IF($E46>=1,"✅ محقق",IF($E46>=0.85,"🟡 قريب","🔴 تحت الهدف"))) | G46: =IF($E46="","",MINIFS('قاعدة المؤشرات'!$G$2:$G$223,'قاعدة المؤشرات'!$B$2:$B$223,"الصيانة والأتمتة",'قاعدة المؤشرات'!$L$2:$L$223,"جاهزية الأصول")) | H46: =COUNTIFS('قاعدة المؤشرات'!$H$2:$H$223,"🔴 تحت الهدف",'قاعدة المؤشرات'!$B$2:$B$223,"الصيانة والأتمتة",'قاعدة المؤشرات'!$L$2:$L$223,"جاهزية الأصول") | I46: نسبة الجاهزية الفنية للأصول والمعدات (Availability) · نسبة تنفيذ الصيانة الوقائية في موعدها (PM)
A47: 45 | B47: الصيانة والأتمتة | C47: الاستجابة والإصلاح | D47: 4 | E47: =IFERROR(SUMIFS('قاعدة المؤشرات'!$J$2:$J$223,'قاعدة المؤشرات'!$B$2:$B$223,"الصيانة والأتمتة",'قاعدة المؤشرات'!$L$2:$L$223,"الاستجابة والإصلاح")/SUMIFS('قاعدة المؤشرات'!$K$2:$K$223,'قاعدة المؤشرات'!$B$2:$B$223,"الصيانة والأتمتة",'قاعدة المؤشرات'!$L$2:$L$223,"الاستجابة والإصلاح"),"") | F47: =IF($E47="","⏳ بانتظار هدف",IF($E47>=1,"✅ محقق",IF($E47>=0.85,"🟡 قريب","🔴 تحت الهدف"))) | G47: =IF($E47="","",MINIFS('قاعدة المؤشرات'!$G$2:$G$223,'قاعدة المؤشرات'!$B$2:$B$223,"الصيانة والأتمتة",'قاعدة المؤشرات'!$L$2:$L$223,"الاستجابة والإصلاح")) | H47: =COUNTIFS('قاعدة المؤشرات'!$H$2:$H$223,"🔴 تحت الهدف",'قاعدة المؤشرات'!$B$2:$B$223,"الصيانة والأتمتة",'قاعدة المؤشرات'!$L$2:$L$223,"الاستجابة والإصلاح") | I47: نسبة إغلاق بلاغات الصيانة ضمن اتفاقية الخدمة (SLA) · متوسط زمن الاستجابة للبلاغات الطارئة · متوسط زمن إصلاح الأعطال (MTTR) · معدل تكرار الأعطال
A48: 46 | B48: الصيانة والأتمتة | C48: استمرارية التشغيل | D48: 1 | E48: =IFERROR(SUMIFS('قاعدة المؤشرات'!$J$2:$J$223,'قاعدة المؤشرات'!$B$2:$B$223,"الصيانة والأتمتة",'قاعدة المؤشرات'!$L$2:$L$223,"استمرارية التشغيل")/SUMIFS('قاعدة المؤشرات'!$K$2:$K$223,'قاعدة المؤشرات'!$B$2:$B$223,"الصيانة والأتمتة",'قاعدة المؤشرات'!$L$2:$L$223,"استمرارية التشغيل"),"") | F48: =IF($E48="","⏳ بانتظار هدف",IF($E48>=1,"✅ محقق",IF($E48>=0.85,"🟡 قريب","🔴 تحت الهدف"))) | G48: =IF($E48="","",MINIFS('قاعدة المؤشرات'!$G$2:$G$223,'قاعدة المؤشرات'!$B$2:$B$223,"الصيانة والأتمتة",'قاعدة المؤشرات'!$L$2:$L$223,"استمرارية التشغيل")) | H48: =COUNTIFS('قاعدة المؤشرات'!$H$2:$H$223,"🔴 تحت الهدف",'قاعدة المؤشرات'!$B$2:$B$223,"الصيانة والأتمتة",'قاعدة المؤشرات'!$L$2:$L$223,"استمرارية التشغيل") | I48: نسبة استمرارية تشغيل المحطات دون توقف فني
A49: 47 | B49: الصيانة والأتمتة | C49: موثوقية الأتمتة | D49: 2 | E49: =IFERROR(SUMIFS('قاعدة المؤشرات'!$J$2:$J$223,'قاعدة المؤشرات'!$B$2:$B$223,"الصيانة والأتمتة",'قاعدة المؤشرات'!$L$2:$L$223,"موثوقية الأتمتة")/SUMIFS('قاعدة المؤشرات'!$K$2:$K$223,'قاعدة المؤشرات'!$B$2:$B$223,"الصيانة والأتمتة",'قاعدة المؤشرات'!$L$2:$L$223,"موثوقية الأتمتة"),"") | F49: =IF($E49="","⏳ بانتظار هدف",IF($E49>=1,"✅ محقق",IF($E49>=0.85,"🟡 قريب","🔴 تحت الهدف"))) | G49: =IF($E49="","",MINIFS('قاعدة المؤشرات'!$G$2:$G$223,'قاعدة المؤشرات'!$B$2:$B$223,"الصيانة والأتمتة",'قاعدة المؤشرات'!$L$2:$L$223,"موثوقية الأتمتة")) | H49: =COUNTIFS('قاعدة المؤشرات'!$H$2:$H$223,"🔴 تحت الهدف",'قاعدة المؤشرات'!$B$2:$B$223,"الصيانة والأتمتة",'قاعدة المؤشرات'!$L$2:$L$223,"موثوقية الأتمتة") | I49: نسبة التشغيل السليم لأنظمة الأتمتة (Uptime) · نسبة استعادة أنظمة الأتمتة ضمن الزمن المحدد
A50: 48 | B50: الصيانة والأتمتة | C50: كفاءة التكاليف | D50: 1 | E50: =IFERROR(SUMIFS('قاعدة المؤشرات'!$J$2:$J$223,'قاعدة المؤشرات'!$B$2:$B$223,"الصيانة والأتمتة",'قاعدة المؤشرات'!$L$2:$L$223,"كفاءة التكاليف")/SUMIFS('قاعدة المؤشرات'!$K$2:$K$223,'قاعدة المؤشرات'!$B$2:$B$223,"الصيانة والأتمتة",'قاعدة المؤشرات'!$L$2:$L$223,"كفاءة التكاليف"),"") | F50: =IF($E50="","⏳ بانتظار هدف",IF($E50>=1,"✅ محقق",IF($E50>=0.85,"🟡 قريب","🔴 تحت الهدف"))) | G50: =IF($E50="","",MINIFS('قاعدة المؤشرات'!$G$2:$G$223,'قاعدة المؤشرات'!$B$2:$B$223,"الصيانة والأتمتة",'قاعدة المؤشرات'!$L$2:$L$223,"كفاءة التكاليف")) | H50: =COUNTIFS('قاعدة المؤشرات'!$H$2:$H$223,"🔴 تحت الهدف",'قاعدة المؤشرات'!$B$2:$B$223,"الصيانة والأتمتة",'قاعدة المؤشرات'!$L$2:$L$223,"كفاءة التكاليف") | I50: كفاءة تكاليف الصيانة (الالتزام بالميزانية)
A51: 49 | B51: التقنية الرقمية | C51: توفّر واستقرار الأنظمة | D51: 3 | E51: =IFERROR(SUMIFS('قاعدة المؤشرات'!$J$2:$J$223,'قاعدة المؤشرات'!$B$2:$B$223,"التقنية الرقمية",'قاعدة المؤشرات'!$L$2:$L$223,"توفّر واستقرار الأنظمة")/SUMIFS('قاعدة المؤشرات'!$K$2:$K$223,'قاعدة المؤشرات'!$B$2:$B$223,"التقنية الرقمية",'قاعدة المؤشرات'!$L$2:$L$223,"توفّر واستقرار الأنظمة"),"") | F51: =IF($E51="","⏳ بانتظار هدف",IF($E51>=1,"✅ محقق",IF($E51>=0.85,"🟡 قريب","🔴 تحت الهدف"))) | G51: =IF($E51="","",MINIFS('قاعدة المؤشرات'!$G$2:$G$223,'قاعدة المؤشرات'!$B$2:$B$223,"التقنية الرقمية",'قاعدة المؤشرات'!$L$2:$L$223,"توفّر واستقرار الأنظمة")) | H51: =COUNTIFS('قاعدة المؤشرات'!$H$2:$H$223,"🔴 تحت الهدف",'قاعدة المؤشرات'!$B$2:$B$223,"التقنية الرقمية",'قاعدة المؤشرات'!$L$2:$L$223,"توفّر واستقرار الأنظمة") | I51: نسبة توفر الأنظمة والخدمات التقنية المركزية · نسبة معالجة الأعطال وطلبات الدعم الفني ضمن المدة المستهدفة SLA · نسبة استقرار التشغيل التقني للمحطات
A52: 50 | B52: التقنية الرقمية | C52: المشاريع التقنية | D52: 2 | E52: =IFERROR(SUMIFS('قاعدة المؤشرات'!$J$2:$J$223,'قاعدة المؤشرات'!$B$2:$B$223,"التقنية الرقمية",'قاعدة المؤشرات'!$L$2:$L$223,"المشاريع التقنية")/SUMIFS('قاعدة المؤشرات'!$K$2:$K$223,'قاعدة المؤشرات'!$B$2:$B$223,"التقنية الرقمية",'قاعدة المؤشرات'!$L$2:$L$223,"المشاريع التقنية"),"") | F52: =IF($E52="","⏳ بانتظار هدف",IF($E52>=1,"✅ محقق",IF($E52>=0.85,"🟡 قريب","🔴 تحت الهدف"))) | G52: =IF($E52="","",MINIFS('قاعدة المؤشرات'!$G$2:$G$223,'قاعدة المؤشرات'!$B$2:$B$223,"التقنية الرقمية",'قاعدة المؤشرات'!$L$2:$L$223,"المشاريع التقنية")) | H52: =COUNTIFS('قاعدة المؤشرات'!$H$2:$H$223,"🔴 تحت الهدف",'قاعدة المؤشرات'!$B$2:$B$223,"التقنية الرقمية",'قاعدة المؤشرات'!$L$2:$L$223,"المشاريع التقنية") | I52: نسبة إنجاز مشاريع التحول الرقمي والمشاريع التقنية حسب الخطة · نسبة تسليم المشاريع التقنية ضمن الوقت والميزانية ونطاق العمل المعتمد
A53: 51 | B53: التقنية الرقمية | C53: الأمن والصلاحيات | D53: 3 | E53: =IFERROR(SUMIFS('قاعدة المؤشرات'!$J$2:$J$223,'قاعدة المؤشرات'!$B$2:$B$223,"التقنية الرقمية",'قاعدة المؤشرات'!$L$2:$L$223,"الأمن والصلاحيات")/SUMIFS('قاعدة المؤشرات'!$K$2:$K$223,'قاعدة المؤشرات'!$B$2:$B$223,"التقنية الرقمية",'قاعدة المؤشرات'!$L$2:$L$223,"الأمن والصلاحيات"),"") | F53: =IF($E53="","⏳ بانتظار هدف",IF($E53>=1,"✅ محقق",IF($E53>=0.85,"🟡 قريب","🔴 تحت الهدف"))) | G53: =IF($E53="","",MINIFS('قاعدة المؤشرات'!$G$2:$G$223,'قاعدة المؤشرات'!$B$2:$B$223,"التقنية الرقمية",'قاعدة المؤشرات'!$L$2:$L$223,"الأمن والصلاحيات")) | H53: =COUNTIFS('قاعدة المؤشرات'!$H$2:$H$223,"🔴 تحت الهدف",'قاعدة المؤشرات'!$B$2:$B$223,"التقنية الرقمية",'قاعدة المؤشرات'!$L$2:$L$223,"الأمن والصلاحيات") | I53: نسبة الالتزام بإدارة صلاحيات المستخدمين والحسابات · نسبة نجاح النسخ الاحتياطي واختبارات استعادة البيانات · نسبة الامتثال لضوابط الأمن السيبراني الأساسية
A54: 52 | B54: التقنية الرقمية | C54: الحوكمة والبيانات | D54: 2 | E54: =IFERROR(SUMIFS('قاعدة المؤشرات'!$J$2:$J$223,'قاعدة المؤشرات'!$B$2:$B$223,"التقنية الرقمية",'قاعدة المؤشرات'!$L$2:$L$223,"الحوكمة والبيانات")/SUMIFS('قاعدة المؤشرات'!$K$2:$K$223,'قاعدة المؤشرات'!$B$2:$B$223,"التقنية الرقمية",'قاعدة المؤشرات'!$L$2:$L$223,"الحوكمة والبيانات"),"") | F54: =IF($E54="","⏳ بانتظار هدف",IF($E54>=1,"✅ محقق",IF($E54>=0.85,"🟡 قريب","🔴 تحت الهدف"))) | G54: =IF($E54="","",MINIFS('قاعدة المؤشرات'!$G$2:$G$223,'قاعدة المؤشرات'!$B$2:$B$223,"التقنية الرقمية",'قاعدة المؤشرات'!$L$2:$L$223,"الحوكمة والبيانات")) | H54: =COUNTIFS('قاعدة المؤشرات'!$H$2:$H$223,"🔴 تحت الهدف",'قاعدة المؤشرات'!$B$2:$B$223,"التقنية الرقمية",'قاعدة المؤشرات'!$L$2:$L$223,"الحوكمة والبيانات") | I54: نسبة دقة وتكامل البيانات بين الأنظمة الرقمية · نسبة الالتزام بتحديث وتوثيق أصول تقنية المعلومات والتراخيص
A55: 53 | B55: التقنية الرقمية | C55: الصيانة والرضا | D55: 2 | E55: =IFERROR(SUMIFS('قاعدة المؤشرات'!$J$2:$J$223,'قاعدة المؤشرات'!$B$2:$B$223,"التقنية الرقمية",'قاعدة المؤشرات'!$L$2:$L$223,"الصيانة والرضا")/SUMIFS('قاعدة المؤشرات'!$K$2:$K$223,'قاعدة المؤشرات'!$B$2:$B$223,"التقنية الرقمية",'قاعدة المؤشرات'!$L$2:$L$223,"الصيانة والرضا"),"") | F55: =IF($E55="","⏳ بانتظار هدف",IF($E55>=1,"✅ محقق",IF($E55>=0.85,"🟡 قريب","🔴 تحت الهدف"))) | G55: =IF($E55="","",MINIFS('قاعدة المؤشرات'!$G$2:$G$223,'قاعدة المؤشرات'!$B$2:$B$223,"التقنية الرقمية",'قاعدة المؤشرات'!$L$2:$L$223,"الصيانة والرضا")) | H55: =COUNTIFS('قاعدة المؤشرات'!$H$2:$H$223,"🔴 تحت الهدف",'قاعدة المؤشرات'!$B$2:$B$223,"التقنية الرقمية",'قاعدة المؤشرات'!$L$2:$L$223,"الصيانة والرضا") | I55: نسبة تنفيذ الصيانة الوقائية للأجهزة والبنية التقنية · مستوى رضا الإدارات والمستخدمين عن خدمات تقنية المعلومات
A56: 54 | B56: الموارد البشرية | C56: الامتثال والالتزام | D56: 3 | E56: =IFERROR(SUMIFS('قاعدة المؤشرات'!$J$2:$J$223,'قاعدة المؤشرات'!$B$2:$B$223,"الموارد البشرية",'قاعدة المؤشرات'!$L$2:$L$223,"الامتثال والالتزام")/SUMIFS('قاعدة المؤشرات'!$K$2:$K$223,'قاعدة المؤشرات'!$B$2:$B$223,"الموارد البشرية",'قاعدة المؤشرات'!$L$2:$L$223,"الامتثال والالتزام"),"") | F56: =IF($E56="","⏳ بانتظار هدف",IF($E56>=1,"✅ محقق",IF($E56>=0.85,"🟡 قريب","🔴 تحت الهدف"))) | G56: =IF($E56="","",MINIFS('قاعدة المؤشرات'!$G$2:$G$223,'قاعدة المؤشرات'!$B$2:$B$223,"الموارد البشرية",'قاعدة المؤشرات'!$L$2:$L$223,"الامتثال والالتزام")) | H56: =COUNTIFS('قاعدة المؤشرات'!$H$2:$H$223,"🔴 تحت الهدف",'قاعدة المؤشرات'!$B$2:$B$223,"الموارد البشرية",'قاعدة المؤشرات'!$L$2:$L$223,"الامتثال والالتزام") | I56: نسبة الالتزام بالتوطين والامتثال الحكومي دون مخالفات · نسبة الالتزام بنظام العمل واللوائح وخطة القوى العاملة المعتمدة · نسبة الالتزام بتجديد الوثائق واكتمال ملفات الموظفين
A57: 55 | B57: الموارد البشرية | C57: خدمات الموظفين | D57: 1 | E57: =IFERROR(SUMIFS('قاعدة المؤشرات'!$J$2:$J$223,'قاعدة المؤشرات'!$B$2:$B$223,"الموارد البشرية",'قاعدة المؤشرات'!$L$2:$L$223,"خدمات الموظفين")/SUMIFS('قاعدة المؤشرات'!$K$2:$K$223,'قاعدة المؤشرات'!$B$2:$B$223,"الموارد البشرية",'قاعدة المؤشرات'!$L$2:$L$223,"خدمات الموظفين"),"") | F57: =IF($E57="","⏳ بانتظار هدف",IF($E57>=1,"✅ محقق",IF($E57>=0.85,"🟡 قريب","🔴 تحت الهدف"))) | G57: =IF($E57="","",MINIFS('قاعدة المؤشرات'!$G$2:$G$223,'قاعدة المؤشرات'!$B$2:$B$223,"الموارد البشرية",'قاعدة المؤشرات'!$L$2:$L$223,"خدمات الموظفين")) | H57: =COUNTIFS('قاعدة المؤشرات'!$H$2:$H$223,"🔴 تحت الهدف",'قاعدة المؤشرات'!$B$2:$B$223,"الموارد البشرية",'قاعدة المؤشرات'!$L$2:$L$223,"خدمات الموظفين") | I57: نسبة إنجاز معاملات شؤون الموظفين ضمن المدة المستهدفة SLA
A58: 56 | B58: الموارد البشرية | C58: التشغيل والتغطية | D58: 1 | E58: =IFERROR(SUMIFS('قاعدة المؤشرات'!$J$2:$J$223,'قاعدة المؤشرات'!$B$2:$B$223,"الموارد البشرية",'قاعدة المؤشرات'!$L$2:$L$223,"التشغيل والتغطية")/SUMIFS('قاعدة المؤشرات'!$K$2:$K$223,'قاعدة المؤشرات'!$B$2:$B$223,"الموارد البشرية",'قاعدة المؤشرات'!$L$2:$L$223,"التشغيل والتغطية"),"") | F58: =IF($E58="","⏳ بانتظار هدف",IF($E58>=1,"✅ محقق",IF($E58>=0.85,"🟡 قريب","🔴 تحت الهدف"))) | G58: =IF($E58="","",MINIFS('قاعدة المؤشرات'!$G$2:$G$223,'قاعدة المؤشرات'!$B$2:$B$223,"الموارد البشرية",'قاعدة المؤشرات'!$L$2:$L$223,"التشغيل والتغطية")) | H58: =COUNTIFS('قاعدة المؤشرات'!$H$2:$H$223,"🔴 تحت الهدف",'قاعدة المؤشرات'!$B$2:$B$223,"الموارد البشرية",'قاعدة المؤشرات'!$L$2:$L$223,"التشغيل والتغطية") | I58: نسبة جاهزية وتغطية عمالة المحطات حسب خطة التشغيل والافتتاحات
A59: 57 | B59: الموارد البشرية | C59: الاستقطاب | D59: 2 | E59: =IFERROR(SUMIFS('قاعدة المؤشرات'!$J$2:$J$223,'قاعدة المؤشرات'!$B$2:$B$223,"الموارد البشرية",'قاعدة المؤشرات'!$L$2:$L$223,"الاستقطاب")/SUMIFS('قاعدة المؤشرات'!$K$2:$K$223,'قاعدة المؤشرات'!$B$2:$B$223,"الموارد البشرية",'قاعدة المؤشرات'!$L$2:$L$223,"الاستقطاب"),"") | F59: =IF($E59="","⏳ بانتظار هدف",IF($E59>=1,"✅ محقق",IF($E59>=0.85,"🟡 قريب","🔴 تحت الهدف"))) | G59: =IF($E59="","",MINIFS('قاعدة المؤشرات'!$G$2:$G$223,'قاعدة المؤشرات'!$B$2:$B$223,"الموارد البشرية",'قاعدة المؤشرات'!$L$2:$L$223,"الاستقطاب")) | H59: =COUNTIFS('قاعدة المؤشرات'!$H$2:$H$223,"🔴 تحت الهدف",'قاعدة المؤشرات'!$B$2:$B$223,"الموارد البشرية",'قاعدة المؤشرات'!$L$2:$L$223,"الاستقطاب") | I59: متوسط مدة إغلاق الشواغر المعتمدة · نسبة نجاح التعيينات الجديدة خلال فترة التجربة
A60: 58 | B60: الموارد البشرية | C60: التكلفة والرواتب | D60: 2 | E60: =IFERROR(SUMIFS('قاعدة المؤشرات'!$J$2:$J$223,'قاعدة المؤشرات'!$B$2:$B$223,"الموارد البشرية",'قاعدة المؤشرات'!$L$2:$L$223,"التكلفة والرواتب")/SUMIFS('قاعدة المؤشرات'!$K$2:$K$223,'قاعدة المؤشرات'!$B$2:$B$223,"الموارد البشرية",'قاعدة المؤشرات'!$L$2:$L$223,"التكلفة والرواتب"),"") | F60: =IF($E60="","⏳ بانتظار هدف",IF($E60>=1,"✅ محقق",IF($E60>=0.85,"🟡 قريب","🔴 تحت الهدف"))) | G60: =IF($E60="","",MINIFS('قاعدة المؤشرات'!$G$2:$G$223,'قاعدة المؤشرات'!$B$2:$B$223,"الموارد البشرية",'قاعدة المؤشرات'!$L$2:$L$223,"التكلفة والرواتب")) | H60: =COUNTIFS('قاعدة المؤشرات'!$H$2:$H$223,"🔴 تحت الهدف",'قاعدة المؤشرات'!$B$2:$B$223,"الموارد البشرية",'قاعدة المؤشرات'!$L$2:$L$223,"التكلفة والرواتب") | I60: نسبة كفاءة تكلفة القوى العاملة · نسبة دقة الرواتب والمستحقات الشهرية
A61: 59 | B61: الموارد البشرية | C61: الاستقرار والتطوير | D61: 3 | E61: =IFERROR(SUMIFS('قاعدة المؤشرات'!$J$2:$J$223,'قاعدة المؤشرات'!$B$2:$B$223,"الموارد البشرية",'قاعدة المؤشرات'!$L$2:$L$223,"الاستقرار والتطوير")/SUMIFS('قاعدة المؤشرات'!$K$2:$K$223,'قاعدة المؤشرات'!$B$2:$B$223,"الموارد البشرية",'قاعدة المؤشرات'!$L$2:$L$223,"الاستقرار والتطوير"),"") | F61: =IF($E61="","⏳ بانتظار هدف",IF($E61>=1,"✅ محقق",IF($E61>=0.85,"🟡 قريب","🔴 تحت الهدف"))) | G61: =IF($E61="","",MINIFS('قاعدة المؤشرات'!$G$2:$G$223,'قاعدة المؤشرات'!$B$2:$B$223,"الموارد البشرية",'قاعدة المؤشرات'!$L$2:$L$223,"الاستقرار والتطوير")) | H61: =COUNTIFS('قاعدة المؤشرات'!$H$2:$H$223,"🔴 تحت الهدف",'قاعدة المؤشرات'!$B$2:$B$223,"الموارد البشرية",'قاعدة المؤشرات'!$L$2:$L$223,"الاستقرار والتطوير") | I61: معدل دوران الموظفين · نسبة تنفيذ برامج التدريب والتأهيل المعتمدة · نسبة إغلاق تقييمات الأداء وخطط الإحلال للوظائف الحرجة
A62: 60 | B62: التسويق | C62: الإدارة العامة | D62: 2 | E62: =IFERROR(SUMIFS('قاعدة المؤشرات'!$J$2:$J$223,'قاعدة المؤشرات'!$B$2:$B$223,"التسويق",'قاعدة المؤشرات'!$L$2:$L$223,"الإدارة العامة")/SUMIFS('قاعدة المؤشرات'!$K$2:$K$223,'قاعدة المؤشرات'!$B$2:$B$223,"التسويق",'قاعدة المؤشرات'!$L$2:$L$223,"الإدارة العامة"),"") | F62: =IF($E62="","⏳ بانتظار هدف",IF($E62>=1,"✅ محقق",IF($E62>=0.85,"🟡 قريب","🔴 تحت الهدف"))) | G62: =IF($E62="","",MINIFS('قاعدة المؤشرات'!$G$2:$G$223,'قاعدة المؤشرات'!$B$2:$B$223,"التسويق",'قاعدة المؤشرات'!$L$2:$L$223,"الإدارة العامة")) | H62: =COUNTIFS('قاعدة المؤشرات'!$H$2:$H$223,"🔴 تحت الهدف",'قاعدة المؤشرات'!$B$2:$B$223,"التسويق",'قاعدة المؤشرات'!$L$2:$L$223,"الإدارة العامة") | I62: الوصول الكلي (Total Reach) · عملاء تجاريون جدد
A63: 61 | B63: التسويق | C63: الفريق الإبداعي | D63: 2 | E63: =IFERROR(SUMIFS('قاعدة المؤشرات'!$J$2:$J$223,'قاعدة المؤشرات'!$B$2:$B$223,"التسويق",'قاعدة المؤشرات'!$L$2:$L$223,"الفريق الإبداعي")/SUMIFS('قاعدة المؤشرات'!$K$2:$K$223,'قاعدة المؤشرات'!$B$2:$B$223,"التسويق",'قاعدة المؤشرات'!$L$2:$L$223,"الفريق الإبداعي"),"") | F63: =IF($E63="","⏳ بانتظار هدف",IF($E63>=1,"✅ محقق",IF($E63>=0.85,"🟡 قريب","🔴 تحت الهدف"))) | G63: =IF($E63="","",MINIFS('قاعدة المؤشرات'!$G$2:$G$223,'قاعدة المؤشرات'!$B$2:$B$223,"التسويق",'قاعدة المؤشرات'!$L$2:$L$223,"الفريق الإبداعي")) | H63: =COUNTIFS('قاعدة المؤشرات'!$H$2:$H$223,"🔴 تحت الهدف",'قاعدة المؤشرات'!$B$2:$B$223,"التسويق",'قاعدة المؤشرات'!$L$2:$L$223,"الفريق الإبداعي") | I63: إجمالي المتابعين (كل المنصات) · معدل التفاعل (Engagement)
A64: 62 | B64: التسويق | C64: الحملات التسويقية | D64: 3 | E64: =IFERROR(SUMIFS('قاعدة المؤشرات'!$J$2:$J$223,'قاعدة المؤشرات'!$B$2:$B$223,"التسويق",'قاعدة المؤشرات'!$L$2:$L$223,"الحملات التسويقية")/SUMIFS('قاعدة المؤشرات'!$K$2:$K$223,'قاعدة المؤشرات'!$B$2:$B$223,"التسويق",'قاعدة المؤشرات'!$L$2:$L$223,"الحملات التسويقية"),"") | F64: =IF($E64="","⏳ بانتظار هدف",IF($E64>=1,"✅ محقق",IF($E64>=0.85,"🟡 قريب","🔴 تحت الهدف"))) | G64: =IF($E64="","",MINIFS('قاعدة المؤشرات'!$G$2:$G$223,'قاعدة المؤشرات'!$B$2:$B$223,"التسويق",'قاعدة المؤشرات'!$L$2:$L$223,"الحملات التسويقية")) | H64: =COUNTIFS('قاعدة المؤشرات'!$H$2:$H$223,"🔴 تحت الهدف",'قاعدة المؤشرات'!$B$2:$B$223,"التسويق",'قاعدة المؤشرات'!$L$2:$L$223,"الحملات التسويقية") | I64: حملات تسويقية منجزة · تحويل الفرص إلى عقود · نسبة المبيعات لكل حملة
A65: 63 | B65: التسويق | C65: الدعاية والإعلان | D65: 1 | E65: =IFERROR(SUMIFS('قاعدة المؤشرات'!$J$2:$J$223,'قاعدة المؤشرات'!$B$2:$B$223,"التسويق",'قاعدة المؤشرات'!$L$2:$L$223,"الدعاية والإعلان")/SUMIFS('قاعدة المؤشرات'!$K$2:$K$223,'قاعدة المؤشرات'!$B$2:$B$223,"التسويق",'قاعدة المؤشرات'!$L$2:$L$223,"الدعاية والإعلان"),"") | F65: =IF($E65="","⏳ بانتظار هدف",IF($E65>=1,"✅ محقق",IF($E65>=0.85,"🟡 قريب","🔴 تحت الهدف"))) | G65: =IF($E65="","",MINIFS('قاعدة المؤشرات'!$G$2:$G$223,'قاعدة المؤشرات'!$B$2:$B$223,"التسويق",'قاعدة المؤشرات'!$L$2:$L$223,"الدعاية والإعلان")) | H65: =COUNTIFS('قاعدة المؤشرات'!$H$2:$H$223,"🔴 تحت الهدف",'قاعدة المؤشرات'!$B$2:$B$223,"التسويق",'قاعدة المؤشرات'!$L$2:$L$223,"الدعاية والإعلان") | I65: نسبة التزام الهوية البصرية
A66: 64 | B66: التسويق | C66: العلاقات والشراكات | D66: 3 | E66: =IFERROR(SUMIFS('قاعدة المؤشرات'!$J$2:$J$223,'قاعدة المؤشرات'!$B$2:$B$223,"التسويق",'قاعدة المؤشرات'!$L$2:$L$223,"العلاقات والشراكات")/SUMIFS('قاعدة المؤشرات'!$K$2:$K$223,'قاعدة المؤشرات'!$B$2:$B$223,"التسويق",'قاعدة المؤشرات'!$L$2:$L$223,"العلاقات والشراكات"),"") | F66: =IF($E66="","⏳ بانتظار هدف",IF($E66>=1,"✅ محقق",IF($E66>=0.85,"🟡 قريب","🔴 تحت الهدف"))) | G66: =IF($E66="","",MINIFS('قاعدة المؤشرات'!$G$2:$G$223,'قاعدة المؤشرات'!$B$2:$B$223,"التسويق",'قاعدة المؤشرات'!$L$2:$L$223,"العلاقات والشراكات")) | H66: =COUNTIFS('قاعدة المؤشرات'!$H$2:$H$223,"🔴 تحت الهدف",'قاعدة المؤشرات'!$B$2:$B$223,"التسويق",'قاعدة المؤشرات'!$L$2:$L$223,"العلاقات والشراكات") | I66: وصول العلاقات العامة (PR) · عدد المعارض بالسنة · اتفاقيات استراتيجية
A67: 65 | B67: التسويق | C67: خدمة العملاء والدعم | D67: 2 | E67: =IFERROR(SUMIFS('قاعدة المؤشرات'!$J$2:$J$223,'قاعدة المؤشرات'!$B$2:$B$223,"التسويق",'قاعدة المؤشرات'!$L$2:$L$223,"خدمة العملاء والدعم")/SUMIFS('قاعدة المؤشرات'!$K$2:$K$223,'قاعدة المؤشرات'!$B$2:$B$223,"التسويق",'قاعدة المؤشرات'!$L$2:$L$223,"خدمة العملاء والدعم"),"") | F67: =IF($E67="","⏳ بانتظار هدف",IF($E67>=1,"✅ محقق",IF($E67>=0.85,"🟡 قريب","🔴 تحت الهدف"))) | G67: =IF($E67="","",MINIFS('قاعدة المؤشرات'!$G$2:$G$223,'قاعدة المؤشرات'!$B$2:$B$223,"التسويق",'قاعدة المؤشرات'!$L$2:$L$223,"خدمة العملاء والدعم")) | H67: =COUNTIFS('قاعدة المؤشرات'!$H$2:$H$223,"🔴 تحت الهدف",'قاعدة المؤشرات'!$B$2:$B$223,"التسويق",'قاعدة المؤشرات'!$L$2:$L$223,"خدمة العملاء والدعم") | I67: تقييم خرائط قوقل · معدل خفض الشكاوى
A68: 66 | B68: التسويق | C68: تطبيق تانكي | D68: 2 | E68: =IFERROR(SUMIFS('قاعدة المؤشرات'!$J$2:$J$223,'قاعدة المؤشرات'!$B$2:$B$223,"التسويق",'قاعدة المؤشرات'!$L$2:$L$223,"تطبيق تانكي")/SUMIFS('قاعدة المؤشرات'!$K$2:$K$223,'قاعدة المؤشرات'!$B$2:$B$223,"التسويق",'قاعدة المؤشرات'!$L$2:$L$223,"تطبيق تانكي"),"") | F68: =IF($E68="","⏳ بانتظار هدف",IF($E68>=1,"✅ محقق",IF($E68>=0.85,"🟡 قريب","🔴 تحت الهدف"))) | G68: =IF($E68="","",MINIFS('قاعدة المؤشرات'!$G$2:$G$223,'قاعدة المؤشرات'!$B$2:$B$223,"التسويق",'قاعدة المؤشرات'!$L$2:$L$223,"تطبيق تانكي")) | H68: =COUNTIFS('قاعدة المؤشرات'!$H$2:$H$223,"🔴 تحت الهدف",'قاعدة المؤشرات'!$B$2:$B$223,"التسويق",'قاعدة المؤشرات'!$L$2:$L$223,"تطبيق تانكي") | I68: وصول محتوى تطبيق تانكي · مشاركات تطبيق تانكي
A69: 67 | B69: الجودة | C69: مخاطر الجودة | D69: 3 | E69: =IFERROR(SUMIFS('قاعدة المؤشرات'!$J$2:$J$223,'قاعدة المؤشرات'!$B$2:$B$223,"الجودة",'قاعدة المؤشرات'!$L$2:$L$223,"مخاطر الجودة")/SUMIFS('قاعدة المؤشرات'!$K$2:$K$223,'قاعدة المؤشرات'!$B$2:$B$223,"الجودة",'قاعدة المؤشرات'!$L$2:$L$223,"مخاطر الجودة"),"") | F69: =IF($E69="","⏳ بانتظار هدف",IF($E69>=1,"✅ محقق",IF($E69>=0.85,"🟡 قريب","🔴 تحت الهدف"))) | G69: =IF($E69="","",MINIFS('قاعدة المؤشرات'!$G$2:$G$223,'قاعدة المؤشرات'!$B$2:$B$223,"الجودة",'قاعدة المؤشرات'!$L$2:$L$223,"مخاطر الجودة")) | H69: =COUNTIFS('قاعدة المؤشرات'!$H$2:$H$223,"🔴 تحت الهدف",'قاعدة المؤشرات'!$B$2:$B$223,"الجودة",'قاعدة المؤشرات'!$L$2:$L$223,"مخاطر الجودة") | I69: نسبة المحطات الحرجة · عدد مخاطر الجودة الحرجة المفتوحة · نسبة إغلاق مخاطر الجودة في الوقت المحدد
A70: 68 | B70: الجودة | C70: جودة الوقود | D70: 1 | E70: =IFERROR(SUMIFS('قاعدة المؤشرات'!$J$2:$J$223,'قاعدة المؤشرات'!$B$2:$B$223,"الجودة",'قاعدة المؤشرات'!$L$2:$L$223,"جودة الوقود")/SUMIFS('قاعدة المؤشرات'!$K$2:$K$223,'قاعدة المؤشرات'!$B$2:$B$223,"الجودة",'قاعدة المؤشرات'!$L$2:$L$223,"جودة الوقود"),"") | F70: =IF($E70="","⏳ بانتظار هدف",IF($E70>=1,"✅ محقق",IF($E70>=0.85,"🟡 قريب","🔴 تحت الهدف"))) | G70: =IF($E70="","",MINIFS('قاعدة المؤشرات'!$G$2:$G$223,'قاعدة المؤشرات'!$B$2:$B$223,"الجودة",'قاعدة المؤشرات'!$L$2:$L$223,"جودة الوقود")) | H70: =COUNTIFS('قاعدة المؤشرات'!$H$2:$H$223,"🔴 تحت الهدف",'قاعدة المؤشرات'!$B$2:$B$223,"الجودة",'قاعدة المؤشرات'!$L$2:$L$223,"جودة الوقود") | I70: نسبة مطابقة جودة الوقود
A71: 69 | B71: الجودة | C71: معالجة وتصحيح | D71: 1 | E71: =IFERROR(SUMIFS('قاعدة المؤشرات'!$J$2:$J$223,'قاعدة المؤشرات'!$B$2:$B$223,"الجودة",'قاعدة المؤشرات'!$L$2:$L$223,"معالجة وتصحيح")/SUMIFS('قاعدة المؤشرات'!$K$2:$K$223,'قاعدة المؤشرات'!$B$2:$B$223,"الجودة",'قاعدة المؤشرات'!$L$2:$L$223,"معالجة وتصحيح"),"") | F71: =IF($E71="","⏳ بانتظار هدف",IF($E71>=1,"✅ محقق",IF($E71>=0.85,"🟡 قريب","🔴 تحت الهدف"))) | G71: =IF($E71="","",MINIFS('قاعدة المؤشرات'!$G$2:$G$223,'قاعدة المؤشرات'!$B$2:$B$223,"الجودة",'قاعدة المؤشرات'!$L$2:$L$223,"معالجة وتصحيح")) | H71: =COUNTIFS('قاعدة المؤشرات'!$H$2:$H$223,"🔴 تحت الهدف",'قاعدة المؤشرات'!$B$2:$B$223,"الجودة",'قاعدة المؤشرات'!$L$2:$L$223,"معالجة وتصحيح") | I71: نسبة إغلاق الملاحظات في الوقت المحدد
A72: 70 | B72: الجودة | C72: تحسين ووقاية | D72: 1 | E72: =IFERROR(SUMIFS('قاعدة المؤشرات'!$J$2:$J$223,'قاعدة المؤشرات'!$B$2:$B$223,"الجودة",'قاعدة المؤشرات'!$L$2:$L$223,"تحسين ووقاية")/SUMIFS('قاعدة المؤشرات'!$K$2:$K$223,'قاعدة المؤشرات'!$B$2:$B$223,"الجودة",'قاعدة المؤشرات'!$L$2:$L$223,"تحسين ووقاية"),"") | F72: =IF($E72="","⏳ بانتظار هدف",IF($E72>=1,"✅ محقق",IF($E72>=0.85,"🟡 قريب","🔴 تحت الهدف"))) | G72: =IF($E72="","",MINIFS('قاعدة المؤشرات'!$G$2:$G$223,'قاعدة المؤشرات'!$B$2:$B$223,"الجودة",'قاعدة المؤشرات'!$L$2:$L$223,"تحسين ووقاية")) | H72: =COUNTIFS('قاعدة المؤشرات'!$H$2:$H$223,"🔴 تحت الهدف",'قاعدة المؤشرات'!$B$2:$B$223,"الجودة",'قاعدة المؤشرات'!$L$2:$L$223,"تحسين ووقاية") | I72: نسبة فعالية الإجراءات التصحيحية
A73: 71 | B73: الجودة | C73: منع التكرار | D73: 1 | E73: =IFERROR(SUMIFS('قاعدة المؤشرات'!$J$2:$J$223,'قاعدة المؤشرات'!$B$2:$B$223,"الجودة",'قاعدة المؤشرات'!$L$2:$L$223,"منع التكرار")/SUMIFS('قاعدة المؤشرات'!$K$2:$K$223,'قاعدة المؤشرات'!$B$2:$B$223,"الجودة",'قاعدة المؤشرات'!$L$2:$L$223,"منع التكرار"),"") | F73: =IF($E73="","⏳ بانتظار هدف",IF($E73>=1,"✅ محقق",IF($E73>=0.85,"🟡 قريب","🔴 تحت الهدف"))) | G73: =IF($E73="","",MINIFS('قاعدة المؤشرات'!$G$2:$G$223,'قاعدة المؤشرات'!$B$2:$B$223,"الجودة",'قاعدة المؤشرات'!$L$2:$L$223,"منع التكرار")) | H73: =COUNTIFS('قاعدة المؤشرات'!$H$2:$H$223,"🔴 تحت الهدف",'قاعدة المؤشرات'!$B$2:$B$223,"الجودة",'قاعدة المؤشرات'!$L$2:$L$223,"منع التكرار") | I73: نسبة تكرار الملاحظات
A74: 72 | B74: الجودة | C74: تفتيش وتدقيق | D74: 1 | E74: =IFERROR(SUMIFS('قاعدة المؤشرات'!$J$2:$J$223,'قاعدة المؤشرات'!$B$2:$B$223,"الجودة",'قاعدة المؤشرات'!$L$2:$L$223,"تفتيش وتدقيق")/SUMIFS('قاعدة المؤشرات'!$K$2:$K$223,'قاعدة المؤشرات'!$B$2:$B$223,"الجودة",'قاعدة المؤشرات'!$L$2:$L$223,"تفتيش وتدقيق"),"") | F74: =IF($E74="","⏳ بانتظار هدف",IF($E74>=1,"✅ محقق",IF($E74>=0.85,"🟡 قريب","🔴 تحت الهدف"))) | G74: =IF($E74="","",MINIFS('قاعدة المؤشرات'!$G$2:$G$223,'قاعدة المؤشرات'!$B$2:$B$223,"الجودة",'قاعدة المؤشرات'!$L$2:$L$223,"تفتيش وتدقيق")) | H74: =COUNTIFS('قاعدة المؤشرات'!$H$2:$H$223,"🔴 تحت الهدف",'قاعدة المؤشرات'!$B$2:$B$223,"الجودة",'قاعدة المؤشرات'!$L$2:$L$223,"تفتيش وتدقيق") | I74: نسبة تنفيذ خطة التفتيش والتدقيق
A75: 73 | B75: الجودة | C75: حوكمة الجودة | D75: 1 | E75: =IFERROR(SUMIFS('قاعدة المؤشرات'!$J$2:$J$223,'قاعدة المؤشرات'!$B$2:$B$223,"الجودة",'قاعدة المؤشرات'!$L$2:$L$223,"حوكمة الجودة")/SUMIFS('قاعدة المؤشرات'!$K$2:$K$223,'قاعدة المؤشرات'!$B$2:$B$223,"الجودة",'قاعدة المؤشرات'!$L$2:$L$223,"حوكمة الجودة"),"") | F75: =IF($E75="","⏳ بانتظار هدف",IF($E75>=1,"✅ محقق",IF($E75>=0.85,"🟡 قريب","🔴 تحت الهدف"))) | G75: =IF($E75="","",MINIFS('قاعدة المؤشرات'!$G$2:$G$223,'قاعدة المؤشرات'!$B$2:$B$223,"الجودة",'قاعدة المؤشرات'!$L$2:$L$223,"حوكمة الجودة")) | H75: =COUNTIFS('قاعدة المؤشرات'!$H$2:$H$223,"🔴 تحت الهدف",'قاعدة المؤشرات'!$B$2:$B$223,"الجودة",'قاعدة المؤشرات'!$L$2:$L$223,"حوكمة الجودة") | I75: نسبة جاهزية نظام إدارة الجودة QMS
A76: 74 | B76: الجودة | C76: تجربة العميل | D76: 1 | E76: =IFERROR(SUMIFS('قاعدة المؤشرات'!$J$2:$J$223,'قاعدة المؤشرات'!$B$2:$B$223,"الجودة",'قاعدة المؤشرات'!$L$2:$L$223,"تجربة العميل")/SUMIFS('قاعدة المؤشرات'!$K$2:$K$223,'قاعدة المؤشرات'!$B$2:$B$223,"الجودة",'قاعدة المؤشرات'!$L$2:$L$223,"تجربة العميل"),"") | F76: =IF($E76="","⏳ بانتظار هدف",IF($E76>=1,"✅ محقق",IF($E76>=0.85,"🟡 قريب","🔴 تحت الهدف"))) | G76: =IF($E76="","",MINIFS('قاعدة المؤشرات'!$G$2:$G$223,'قاعدة المؤشرات'!$B$2:$B$223,"الجودة",'قاعدة المؤشرات'!$L$2:$L$223,"تجربة العميل")) | H76: =COUNTIFS('قاعدة المؤشرات'!$H$2:$H$223,"🔴 تحت الهدف",'قاعدة المؤشرات'!$B$2:$B$223,"الجودة",'قاعدة المؤشرات'!$L$2:$L$223,"تجربة العميل") | I76: نسبة انخفاض الشكاوى المتكررة ذات العلاقة بالجودة
A77: 75 | B77: الجودة | C77: الجودة الإدارية | D77: 1 | E77: =IFERROR(SUMIFS('قاعدة المؤشرات'!$J$2:$J$223,'قاعدة المؤشرات'!$B$2:$B$223,"الجودة",'قاعدة المؤشرات'!$L$2:$L$223,"الجودة الإدارية")/SUMIFS('قاعدة المؤشرات'!$K$2:$K$223,'قاعدة المؤشرات'!$B$2:$B$223,"الجودة",'قاعدة المؤشرات'!$L$2:$L$223,"الجودة الإدارية"),"") | F77: =IF($E77="","⏳ بانتظار هدف",IF($E77>=1,"✅ محقق",IF($E77>=0.85,"🟡 قريب","🔴 تحت الهدف"))) | G77: =IF($E77="","",MINIFS('قاعدة المؤشرات'!$G$2:$G$223,'قاعدة المؤشرات'!$B$2:$B$223,"الجودة",'قاعدة المؤشرات'!$L$2:$L$223,"الجودة الإدارية")) | H77: =COUNTIFS('قاعدة المؤشرات'!$H$2:$H$223,"🔴 تحت الهدف",'قاعدة المؤشرات'!$B$2:$B$223,"الجودة",'قاعدة المؤشرات'!$L$2:$L$223,"الجودة الإدارية") | I77: نسبة اكتمال وتحديث الإجراءات المعتمدة
A78: 76 | B78: الجودة | C78: توثيق وحوكمة | D78: 1 | E78: =IFERROR(SUMIFS('قاعدة المؤشرات'!$J$2:$J$223,'قاعدة المؤشرات'!$B$2:$B$223,"الجودة",'قاعدة المؤشرات'!$L$2:$L$223,"توثيق وحوكمة")/SUMIFS('قاعدة المؤشرات'!$K$2:$K$223,'قاعدة المؤشرات'!$B$2:$B$223,"الجودة",'قاعدة المؤشرات'!$L$2:$L$223,"توثيق وحوكمة"),"") | F78: =IF($E78="","⏳ بانتظار هدف",IF($E78>=1,"✅ محقق",IF($E78>=0.85,"🟡 قريب","🔴 تحت الهدف"))) | G78: =IF($E78="","",MINIFS('قاعدة المؤشرات'!$G$2:$G$223,'قاعدة المؤشرات'!$B$2:$B$223,"الجودة",'قاعدة المؤشرات'!$L$2:$L$223,"توثيق وحوكمة")) | H78: =COUNTIFS('قاعدة المؤشرات'!$H$2:$H$223,"🔴 تحت الهدف",'قاعدة المؤشرات'!$B$2:$B$223,"الجودة",'قاعدة المؤشرات'!$L$2:$L$223,"توثيق وحوكمة") | I78: نسبة اكتمال سجلات الجودة
A79: 77 | B79: الجودة | C79: الابتكار والرقمنة | D79: 1 | E79: =IFERROR(SUMIFS('قاعدة المؤشرات'!$J$2:$J$223,'قاعدة المؤشرات'!$B$2:$B$223,"الجودة",'قاعدة المؤشرات'!$L$2:$L$223,"الابتكار والرقمنة")/SUMIFS('قاعدة المؤشرات'!$K$2:$K$223,'قاعدة المؤشرات'!$B$2:$B$223,"الجودة",'قاعدة المؤشرات'!$L$2:$L$223,"الابتكار والرقمنة"),"") | F79: =IF($E79="","⏳ بانتظار هدف",IF($E79>=1,"✅ محقق",IF($E79>=0.85,"🟡 قريب","🔴 تحت الهدف"))) | G79: =IF($E79="","",MINIFS('قاعدة المؤشرات'!$G$2:$G$223,'قاعدة المؤشرات'!$B$2:$B$223,"الجودة",'قاعدة المؤشرات'!$L$2:$L$223,"الابتكار والرقمنة")) | H79: =COUNTIFS('قاعدة المؤشرات'!$H$2:$H$223,"🔴 تحت الهدف",'قاعدة المؤشرات'!$B$2:$B$223,"الجودة",'قاعدة المؤشرات'!$L$2:$L$223,"الابتكار والرقمنة") | I79: نسبة رقمنة عمليات الجودة
A80: 78 | B80: الجودة | C80: التحسين المستمر | D80: 1 | E80: =IFERROR(SUMIFS('قاعدة المؤشرات'!$J$2:$J$223,'قاعدة المؤشرات'!$B$2:$B$223,"الجودة",'قاعدة المؤشرات'!$L$2:$L$223,"التحسين المستمر")/SUMIFS('قاعدة المؤشرات'!$K$2:$K$223,'قاعدة المؤشرات'!$B$2:$B$223,"الجودة",'قاعدة المؤشرات'!$L$2:$L$223,"التحسين المستمر"),"") | F80: =IF($E80="","⏳ بانتظار هدف",IF($E80>=1,"✅ محقق",IF($E80>=0.85,"🟡 قريب","🔴 تحت الهدف"))) | G80: =IF($E80="","",MINIFS('قاعدة المؤشرات'!$G$2:$G$223,'قاعدة المؤشرات'!$B$2:$B$223,"الجودة",'قاعدة المؤشرات'!$L$2:$L$223,"التحسين المستمر")) | H80: =COUNTIFS('قاعدة المؤشرات'!$H$2:$H$223,"🔴 تحت الهدف",'قاعدة المؤشرات'!$B$2:$B$223,"الجودة",'قاعدة المؤشرات'!$L$2:$L$223,"التحسين المستمر") | I80: عدد مبادرات التحسين المؤثرة
A81: 79 | B81: الإدارة القانونية | C81: أعمال العقود | D81: 3 | E81: =IFERROR(SUMIFS('قاعدة المؤشرات'!$J$2:$J$223,'قاعدة المؤشرات'!$B$2:$B$223,"الإدارة القانونية",'قاعدة المؤشرات'!$L$2:$L$223,"أعمال العقود")/SUMIFS('قاعدة المؤشرات'!$K$2:$K$223,'قاعدة المؤشرات'!$B$2:$B$223,"الإدارة القانونية",'قاعدة المؤشرات'!$L$2:$L$223,"أعمال العقود"),"") | F81: =IF($E81="","⏳ بانتظار هدف",IF($E81>=1,"✅ محقق",IF($E81>=0.85,"🟡 قريب","🔴 تحت الهدف"))) | G81: =IF($E81="","",MINIFS('قاعدة المؤشرات'!$G$2:$G$223,'قاعدة المؤشرات'!$B$2:$B$223,"الإدارة القانونية",'قاعدة المؤشرات'!$L$2:$L$223,"أعمال العقود")) | H81: =COUNTIFS('قاعدة المؤشرات'!$H$2:$H$223,"🔴 تحت الهدف",'قاعدة المؤشرات'!$B$2:$B$223,"الإدارة القانونية",'قاعدة المؤشرات'!$L$2:$L$223,"أعمال العقود") | I81: نسبة العقود المُراجَعة قانونياً قبل التوقيع · متوسط زمن صياغة ومراجعة العقد · نسبة العقود الخالية من الملاحظات والمخاطر القانونية
A82: 80 | B82: الإدارة القانونية | C82: أعمال القضايا | D82: 3 | E82: =IFERROR(SUMIFS('قاعدة المؤشرات'!$J$2:$J$223,'قاعدة المؤشرات'!$B$2:$B$223,"الإدارة القانونية",'قاعدة المؤشرات'!$L$2:$L$223,"أعمال القضايا")/SUMIFS('قاعدة المؤشرات'!$K$2:$K$223,'قاعدة المؤشرات'!$B$2:$B$223,"الإدارة القانونية",'قاعدة المؤشرات'!$L$2:$L$223,"أعمال القضايا"),"") | F82: =IF($E82="","⏳ بانتظار هدف",IF($E82>=1,"✅ محقق",IF($E82>=0.85,"🟡 قريب","🔴 تحت الهدف"))) | G82: =IF($E82="","",MINIFS('قاعدة المؤشرات'!$G$2:$G$223,'قاعدة المؤشرات'!$B$2:$B$223,"الإدارة القانونية",'قاعدة المؤشرات'!$L$2:$L$223,"أعمال القضايا")) | H82: =COUNTIFS('قاعدة المؤشرات'!$H$2:$H$223,"🔴 تحت الهدف",'قاعدة المؤشرات'!$B$2:$B$223,"الإدارة القانونية",'قاعدة المؤشرات'!$L$2:$L$223,"أعمال القضايا") | I82: نسبة القضايا المُغلقة لصالح الشركة · نسبة تقديم المذكرات والردود في المواعيد النظامية · متوسط زمن إعداد المذكرة القانونية
A83: 81 | B83: الإدارة القانونية | C83: الاستشارات القانونية | D83: 2 | E83: =IFERROR(SUMIFS('قاعدة المؤشرات'!$J$2:$J$223,'قاعدة المؤشرات'!$B$2:$B$223,"الإدارة القانونية",'قاعدة المؤشرات'!$L$2:$L$223,"الاستشارات القانونية")/SUMIFS('قاعدة المؤشرات'!$K$2:$K$223,'قاعدة المؤشرات'!$B$2:$B$223,"الإدارة القانونية",'قاعدة المؤشرات'!$L$2:$L$223,"الاستشارات القانونية"),"") | F83: =IF($E83="","⏳ بانتظار هدف",IF($E83>=1,"✅ محقق",IF($E83>=0.85,"🟡 قريب","🔴 تحت الهدف"))) | G83: =IF($E83="","",MINIFS('قاعدة المؤشرات'!$G$2:$G$223,'قاعدة المؤشرات'!$B$2:$B$223,"الإدارة القانونية",'قاعدة المؤشرات'!$L$2:$L$223,"الاستشارات القانونية")) | H83: =COUNTIFS('قاعدة المؤشرات'!$H$2:$H$223,"🔴 تحت الهدف",'قاعدة المؤشرات'!$B$2:$B$223,"الإدارة القانونية",'قاعدة المؤشرات'!$L$2:$L$223,"الاستشارات القانونية") | I83: نسبة الاستشارات المُنجزة ضمن المدة المستهدفة (SLA) · مستوى رضا الإدارات عن الدعم القانوني
A84: 82 | B84: الإدارة القانونية | C84: التحقيق | D84: 5 | E84: =IFERROR(SUMIFS('قاعدة المؤشرات'!$J$2:$J$223,'قاعدة المؤشرات'!$B$2:$B$223,"الإدارة القانونية",'قاعدة المؤشرات'!$L$2:$L$223,"التحقيق")/SUMIFS('قاعدة المؤشرات'!$K$2:$K$223,'قاعدة المؤشرات'!$B$2:$B$223,"الإدارة القانونية",'قاعدة المؤشرات'!$L$2:$L$223,"التحقيق"),"") | F84: =IF($E84="","⏳ بانتظار هدف",IF($E84>=1,"✅ محقق",IF($E84>=0.85,"🟡 قريب","🔴 تحت الهدف"))) | G84: =IF($E84="","",MINIFS('قاعدة المؤشرات'!$G$2:$G$223,'قاعدة المؤشرات'!$B$2:$B$223,"الإدارة القانونية",'قاعدة المؤشرات'!$L$2:$L$223,"التحقيق")) | H84: =COUNTIFS('قاعدة المؤشرات'!$H$2:$H$223,"🔴 تحت الهدف",'قاعدة المؤشرات'!$B$2:$B$223,"الإدارة القانونية",'قاعدة المؤشرات'!$L$2:$L$223,"التحقيق") | I84: نسبة إنجاز التحقيقات ضمن المدة المحددة · نسبة التحقيقات المُغلقة من إجمالي المُحالة · متوسط زمن إغلاق قضية التحقيق · نسبة تنفيذ التوصيات الصادرة عن التحقيقات · نسبة التزام التحقيقات بالإجراءات النظامية والعدالة الإجرائية
A85: 83 | B85: الإدارة المالية | C85: المالية الاستراتيجية | D85: 5 | E85: =IFERROR(SUMIFS('قاعدة المؤشرات'!$J$2:$J$223,'قاعدة المؤشرات'!$B$2:$B$223,"الإدارة المالية",'قاعدة المؤشرات'!$L$2:$L$223,"المالية الاستراتيجية")/SUMIFS('قاعدة المؤشرات'!$K$2:$K$223,'قاعدة المؤشرات'!$B$2:$B$223,"الإدارة المالية",'قاعدة المؤشرات'!$L$2:$L$223,"المالية الاستراتيجية"),"") | F85: =IF($E85="","⏳ بانتظار هدف",IF($E85>=1,"✅ محقق",IF($E85>=0.85,"🟡 قريب","🔴 تحت الهدف"))) | G85: =IF($E85="","",MINIFS('قاعدة المؤشرات'!$G$2:$G$223,'قاعدة المؤشرات'!$B$2:$B$223,"الإدارة المالية",'قاعدة المؤشرات'!$L$2:$L$223,"المالية الاستراتيجية")) | H85: =COUNTIFS('قاعدة المؤشرات'!$H$2:$H$223,"🔴 تحت الهدف",'قاعدة المؤشرات'!$B$2:$B$223,"الإدارة المالية",'قاعدة المؤشرات'!$L$2:$L$223,"المالية الاستراتيجية") | I85: نمو الإيرادات السنوي · هامش EBITDA · هامش صافي الربح · العائد على حقوق الملكية (ROE) · نسبة التدفق النقدي التشغيلي
A86: 84 | B86: الإدارة المالية | C86: السيولة ورأس المال | D86: 2 | E86: =IFERROR(SUMIFS('قاعدة المؤشرات'!$J$2:$J$223,'قاعدة المؤشرات'!$B$2:$B$223,"الإدارة المالية",'قاعدة المؤشرات'!$L$2:$L$223,"السيولة ورأس المال")/SUMIFS('قاعدة المؤشرات'!$K$2:$K$223,'قاعدة المؤشرات'!$B$2:$B$223,"الإدارة المالية",'قاعدة المؤشرات'!$L$2:$L$223,"السيولة ورأس المال"),"") | F86: =IF($E86="","⏳ بانتظار هدف",IF($E86>=1,"✅ محقق",IF($E86>=0.85,"🟡 قريب","🔴 تحت الهدف"))) | G86: =IF($E86="","",MINIFS('قاعدة المؤشرات'!$G$2:$G$223,'قاعدة المؤشرات'!$B$2:$B$223,"الإدارة المالية",'قاعدة المؤشرات'!$L$2:$L$223,"السيولة ورأس المال")) | H86: =COUNTIFS('قاعدة المؤشرات'!$H$2:$H$223,"🔴 تحت الهدف",'قاعدة المؤشرات'!$B$2:$B$223,"الإدارة المالية",'قاعدة المؤشرات'!$L$2:$L$223,"السيولة ورأس المال") | I86: النسبة الجارية (Current Ratio) · دورة التحويل النقدي
A87: 85 | B87: الإدارة المالية | C87: الذمم المدينة | D87: 4 | E87: =IFERROR(SUMIFS('قاعدة المؤشرات'!$J$2:$J$223,'قاعدة المؤشرات'!$B$2:$B$223,"الإدارة المالية",'قاعدة المؤشرات'!$L$2:$L$223,"الذمم المدينة")/SUMIFS('قاعدة المؤشرات'!$K$2:$K$223,'قاعدة المؤشرات'!$B$2:$B$223,"الإدارة المالية",'قاعدة المؤشرات'!$L$2:$L$223,"الذمم المدينة"),"") | F87: =IF($E87="","⏳ بانتظار هدف",IF($E87>=1,"✅ محقق",IF($E87>=0.85,"🟡 قريب","🔴 تحت الهدف"))) | G87: =IF($E87="","",MINIFS('قاعدة المؤشرات'!$G$2:$G$223,'قاعدة المؤشرات'!$B$2:$B$223,"الإدارة المالية",'قاعدة المؤشرات'!$L$2:$L$223,"الذمم المدينة")) | H87: =COUNTIFS('قاعدة المؤشرات'!$H$2:$H$223,"🔴 تحت الهدف",'قاعدة المؤشرات'!$B$2:$B$223,"الإدارة المالية",'قاعدة المؤشرات'!$L$2:$L$223,"الذمم المدينة") | I87: متوسط أيام التحصيل العام (DSO) · نسبة التحصيل العام (الشركة) · نسبة الذمم المتأخرة · نسبة الديون المعدومة
A88: 86 | B88: الإدارة المالية | C88: الذمم الدائنة | D88: 2 | E88: =IFERROR(SUMIFS('قاعدة المؤشرات'!$J$2:$J$223,'قاعدة المؤشرات'!$B$2:$B$223,"الإدارة المالية",'قاعدة المؤشرات'!$L$2:$L$223,"الذمم الدائنة")/SUMIFS('قاعدة المؤشرات'!$K$2:$K$223,'قاعدة المؤشرات'!$B$2:$B$223,"الإدارة المالية",'قاعدة المؤشرات'!$L$2:$L$223,"الذمم الدائنة"),"") | F88: =IF($E88="","⏳ بانتظار هدف",IF($E88>=1,"✅ محقق",IF($E88>=0.85,"🟡 قريب","🔴 تحت الهدف"))) | G88: =IF($E88="","",MINIFS('قاعدة المؤشرات'!$G$2:$G$223,'قاعدة المؤشرات'!$B$2:$B$223,"الإدارة المالية",'قاعدة المؤشرات'!$L$2:$L$223,"الذمم الدائنة")) | H88: =COUNTIFS('قاعدة المؤشرات'!$H$2:$H$223,"🔴 تحت الهدف",'قاعدة المؤشرات'!$B$2:$B$223,"الإدارة المالية",'قاعدة المؤشرات'!$L$2:$L$223,"الذمم الدائنة") | I88: سداد الموردين في الموعد · اكتمال مطابقة حسابات الموردين
A89: 87 | B89: الإدارة المالية | C89: الخزينة | D89: 1 | E89: =IFERROR(SUMIFS('قاعدة المؤشرات'!$J$2:$J$223,'قاعدة المؤشرات'!$B$2:$B$223,"الإدارة المالية",'قاعدة المؤشرات'!$L$2:$L$223,"الخزينة")/SUMIFS('قاعدة المؤشرات'!$K$2:$K$223,'قاعدة المؤشرات'!$B$2:$B$223,"الإدارة المالية",'قاعدة المؤشرات'!$L$2:$L$223,"الخزينة"),"") | F89: =IF($E89="","⏳ بانتظار هدف",IF($E89>=1,"✅ محقق",IF($E89>=0.85,"🟡 قريب","🔴 تحت الهدف"))) | G89: =IF($E89="","",MINIFS('قاعدة المؤشرات'!$G$2:$G$223,'قاعدة المؤشرات'!$B$2:$B$223,"الإدارة المالية",'قاعدة المؤشرات'!$L$2:$L$223,"الخزينة")) | H89: =COUNTIFS('قاعدة المؤشرات'!$H$2:$H$223,"🔴 تحت الهدف",'قاعدة المؤشرات'!$B$2:$B$223,"الإدارة المالية",'قاعدة المؤشرات'!$L$2:$L$223,"الخزينة") | I89: دقة التنبؤ النقدي
A90: 88 | B90: الإدارة المالية | C90: صناعة الوقود | D90: 3 | E90: =IFERROR(SUMIFS('قاعدة المؤشرات'!$J$2:$J$223,'قاعدة المؤشرات'!$B$2:$B$223,"الإدارة المالية",'قاعدة المؤشرات'!$L$2:$L$223,"صناعة الوقود")/SUMIFS('قاعدة المؤشرات'!$K$2:$K$223,'قاعدة المؤشرات'!$B$2:$B$223,"الإدارة المالية",'قاعدة المؤشرات'!$L$2:$L$223,"صناعة الوقود"),"") | F90: =IF($E90="","⏳ بانتظار هدف",IF($E90>=1,"✅ محقق",IF($E90>=0.85,"🟡 قريب","🔴 تحت الهدف"))) | G90: =IF($E90="","",MINIFS('قاعدة المؤشرات'!$G$2:$G$223,'قاعدة المؤشرات'!$B$2:$B$223,"الإدارة المالية",'قاعدة المؤشرات'!$L$2:$L$223,"صناعة الوقود")) | H90: =COUNTIFS('قاعدة المؤشرات'!$H$2:$H$223,"🔴 تحت الهدف",'قاعدة المؤشرات'!$B$2:$B$223,"الإدارة المالية",'قاعدة المؤشرات'!$L$2:$L$223,"صناعة الوقود") | I90: تباين مخزون الوقود · دقة مطابقة المخزون · دقة تسوية أرامكو
A91: 89 | B91: الإدارة المالية | C91: تمويل الامتياز | D91: 2 | E91: =IFERROR(SUMIFS('قاعدة المؤشرات'!$J$2:$J$223,'قاعدة المؤشرات'!$B$2:$B$223,"الإدارة المالية",'قاعدة المؤشرات'!$L$2:$L$223,"تمويل الامتياز")/SUMIFS('قاعدة المؤشرات'!$K$2:$K$223,'قاعدة المؤشرات'!$B$2:$B$223,"الإدارة المالية",'قاعدة المؤشرات'!$L$2:$L$223,"تمويل الامتياز"),"") | F91: =IF($E91="","⏳ بانتظار هدف",IF($E91>=1,"✅ محقق",IF($E91>=0.85,"🟡 قريب","🔴 تحت الهدف"))) | G91: =IF($E91="","",MINIFS('قاعدة المؤشرات'!$G$2:$G$223,'قاعدة المؤشرات'!$B$2:$B$223,"الإدارة المالية",'قاعدة المؤشرات'!$L$2:$L$223,"تمويل الامتياز")) | H91: =COUNTIFS('قاعدة المؤشرات'!$H$2:$H$223,"🔴 تحت الهدف",'قاعدة المؤشرات'!$B$2:$B$223,"الإدارة المالية",'قاعدة المؤشرات'!$L$2:$L$223,"تمويل الامتياز") | I91: نسبة تحصيل الامتياز · أيام تحصيل رسوم الامتياز
A92: 90 | B92: الإدارة المالية | C92: العقار والإيجار | D92: 2 | E92: =IFERROR(SUMIFS('قاعدة المؤشرات'!$J$2:$J$223,'قاعدة المؤشرات'!$B$2:$B$223,"الإدارة المالية",'قاعدة المؤشرات'!$L$2:$L$223,"العقار والإيجار")/SUMIFS('قاعدة المؤشرات'!$K$2:$K$223,'قاعدة المؤشرات'!$B$2:$B$223,"الإدارة المالية",'قاعدة المؤشرات'!$L$2:$L$223,"العقار والإيجار"),"") | F92: =IF($E92="","⏳ بانتظار هدف",IF($E92>=1,"✅ محقق",IF($E92>=0.85,"🟡 قريب","🔴 تحت الهدف"))) | G92: =IF($E92="","",MINIFS('قاعدة المؤشرات'!$G$2:$G$223,'قاعدة المؤشرات'!$B$2:$B$223,"الإدارة المالية",'قاعدة المؤشرات'!$L$2:$L$223,"العقار والإيجار")) | H92: =COUNTIFS('قاعدة المؤشرات'!$H$2:$H$223,"🔴 تحت الهدف",'قاعدة المؤشرات'!$B$2:$B$223,"الإدارة المالية",'قاعدة المؤشرات'!$L$2:$L$223,"العقار والإيجار") | I92: نسبة تحصيل الإيجار · معدل تجديد عقود الإيجار
A93: 91 | B93: الإدارة المالية | C93: الموازنة والتقارير | D93: 3 | E93: =IFERROR(SUMIFS('قاعدة المؤشرات'!$J$2:$J$223,'قاعدة المؤشرات'!$B$2:$B$223,"الإدارة المالية",'قاعدة المؤشرات'!$L$2:$L$223,"الموازنة والتقارير")/SUMIFS('قاعدة المؤشرات'!$K$2:$K$223,'قاعدة المؤشرات'!$B$2:$B$223,"الإدارة المالية",'قاعدة المؤشرات'!$L$2:$L$223,"الموازنة والتقارير"),"") | F93: =IF($E93="","⏳ بانتظار هدف",IF($E93>=1,"✅ محقق",IF($E93>=0.85,"🟡 قريب","🔴 تحت الهدف"))) | G93: =IF($E93="","",MINIFS('قاعدة المؤشرات'!$G$2:$G$223,'قاعدة المؤشرات'!$B$2:$B$223,"الإدارة المالية",'قاعدة المؤشرات'!$L$2:$L$223,"الموازنة والتقارير")) | H93: =COUNTIFS('قاعدة المؤشرات'!$H$2:$H$223,"🔴 تحت الهدف",'قاعدة المؤشرات'!$B$2:$B$223,"الإدارة المالية",'قاعدة المؤشرات'!$L$2:$L$223,"الموازنة والتقارير") | I93: انحراف الموازنة · أيام الإقفال الشهري · نسبة تسويات التدقيق

Sheet الاستراتيجية والمستهدفات
B2: درب · الاستراتيجية ومستهدفات 2026 — قطاع المحطات والعقار
B4: الركيزة (5 سنوات) / الهدف | C4: الوصف | D4: مستهدف 2026
B5: النمو | C5: التوسع في المواقع وزيادة الوصول وتنمية الإيراد.
B6: التوسع في المواقع | C6: افتتاح وتشغيل محطات جديدة. | D6: التشغيل 85 · الامتياز 150 محطة
B7: الامتياز والعقود | C7: تنمية الإيراد عبر الامتياز والاستثمار. | D7: الامتياز 167 · الاستثمار 190 عقد
B8: زيادة وصول العملاء | C8: رفع المبيعات والتغطية الجغرافية. | D8: 718.8M لتر · 13 منطقة · 59 مدينة
B9: الابتكار | C9: مشاريع جديدة وتحول تقني وهوية وتانكي.
B10: التحول التقني | C10: أتمتة 164 محطة · D365 · جاهزية الأنظمة. | D10: أتمتة 90% · جاهزية 99%
B11: ساحات درب وتانكي | C11: تشغيل ساحات درب ونمو تطبيق تانكي (التسويق). | D11: تأجير ساحة ≥80% · تانكي تصاعدي
B12: الاستدامة | C12: جودة التشغيل وتجربة العميل والموظفين.
B13: تجربة العميل وجودة التشغيل | C13: رضا وأمن سيبراني وجاهزية. | D13: CSAT 90% · جاهزية 99%
B14: منظومة التأجير | C14: الإشغال والتحصيل واستدامة المستأجرين. | D14: إشغال ≥60% · 246 علامة
B15: الاستثمار في الموظفين | C15: التوطين والتدريب والاستبقاء. | D15: 6 دورات · استبقاء 90% · سعودة
B17: الخارطة التنفيذية — المشاريع (أداء حي)
B18: المشروع | C18: الركيزة | D18: عدد المؤشرات | E18: الأداء (حي)
B19: التوسع في المواقع | C19: النمو | D19: =COUNTIF('قاعدة المؤشرات'!$E$2:$E$223,"التوسع في المواقع") | E19: =IFERROR(AVERAGEIFS('قاعدة المؤشرات'!$G$2:$G$223,'قاعدة المؤشرات'!$E$2:$E$223,"التوسع في المواقع"),"—")
B20: الامتياز التجاري | C20: النمو | D20: =COUNTIF('قاعدة المؤشرات'!$E$2:$E$223,"الامتياز التجاري") | E20: =IFERROR(AVERAGEIFS('قاعدة المؤشرات'!$G$2:$G$223,'قاعدة المؤشرات'!$E$2:$E$223,"الامتياز التجاري"),"—")
B21: زيادة وصول العملاء | C21: النمو | D21: =COUNTIF('قاعدة المؤشرات'!$E$2:$E$223,"زيادة وصول العملاء") | E21: =IFERROR(AVERAGEIFS('قاعدة المؤشرات'!$G$2:$G$223,'قاعدة المؤشرات'!$E$2:$E$223,"زيادة وصول العملاء"),"—")
B22: إطلاق مشاريع جديدة | C22: الابتكار | D22: =COUNTIF('قاعدة المؤشرات'!$E$2:$E$223,"إطلاق مشاريع جديدة") | E22: =IFERROR(AVERAGEIFS('قاعدة المؤشرات'!$G$2:$G$223,'قاعدة المؤشرات'!$E$2:$E$223,"إطلاق مشاريع جديدة"),"—")
B23: تطوير التصاميم والهوية | C23: الابتكار | D23: =COUNTIF('قاعدة المؤشرات'!$E$2:$E$223,"تطوير التصاميم والهوية") | E23: =IFERROR(AVERAGEIFS('قاعدة المؤشرات'!$G$2:$G$223,'قاعدة المؤشرات'!$E$2:$E$223,"تطوير التصاميم والهوية"),"—")
B24: التحول التقني | C24: الابتكار | D24: =COUNTIF('قاعدة المؤشرات'!$E$2:$E$223,"التحول التقني") | E24: =IFERROR(AVERAGEIFS('قاعدة المؤشرات'!$G$2:$G$223,'قاعدة المؤشرات'!$E$2:$E$223,"التحول التقني"),"—")
B25: ساحات درب | C25: الابتكار | D25: =COUNTIF('قاعدة المؤشرات'!$E$2:$E$223,"ساحات درب") | E25: =IFERROR(AVERAGEIFS('قاعدة المؤشرات'!$G$2:$G$223,'قاعدة المؤشرات'!$E$2:$E$223,"ساحات درب"),"—")
B26: تطبيق «تانكي» | C26: الابتكار | D26: =COUNTIF('قاعدة المؤشرات'!$E$2:$E$223,"تطبيق «تانكي»") | E26: =IFERROR(AVERAGEIFS('قاعدة المؤشرات'!$G$2:$G$223,'قاعدة المؤشرات'!$E$2:$E$223,"تطبيق «تانكي»"),"—")
B27: تعزيز تجربة العملاء | C27: الاستدامة | D27: =COUNTIF('قاعدة المؤشرات'!$E$2:$E$223,"تعزيز تجربة العملاء") | E27: =IFERROR(AVERAGEIFS('قاعدة المؤشرات'!$G$2:$G$223,'قاعدة المؤشرات'!$E$2:$E$223,"تعزيز تجربة العملاء"),"—")
B28: جودة التشغيل | C28: الاستدامة | D28: =COUNTIF('قاعدة المؤشرات'!$E$2:$E$223,"جودة التشغيل") | E28: =IFERROR(AVERAGEIFS('قاعدة المؤشرات'!$G$2:$G$223,'قاعدة المؤشرات'!$E$2:$E$223,"جودة التشغيل"),"—")
B29: منظومة التأجير | C29: الاستدامة | D29: =COUNTIF('قاعدة المؤشرات'!$E$2:$E$223,"منظومة التأجير") | E29: =IFERROR(AVERAGEIFS('قاعدة المؤشرات'!$G$2:$G$223,'قاعدة المؤشرات'!$E$2:$E$223,"منظومة التأجير"),"—")
B30: الاستثمار في الموظفين | C30: الاستدامة | D30: =COUNTIF('قاعدة المؤشرات'!$E$2:$E$223,"الاستثمار في الموظفين") | E30: =IFERROR(AVERAGEIFS('قاعدة المؤشرات'!$G$2:$G$223,'قاعدة المؤشرات'!$E$2:$E$223,"الاستثمار في الموظفين"),"—")

Sheet الخريطة الاستراتيجية
B2: الخريطة الاستراتيجية — علاقات السبب والأثر (Balanced Scorecard) · الأداء حي
B4: ⬆ المنظور المالي — القيمة للمساهمين
B5: النمو · الربحية · التدفّق النقدي والتحصيل
B6: =IFERROR(AVERAGEIFS('قاعدة المؤشرات'!$G$2:$G$223,'قاعدة المؤشرات'!$F$2:$F$223,"مالي"),"—")
C7: ⬆ | E7: ⬆ | G7: ⬆ | I7: ⬆ | K7: ⬆
B8: المنظور — العملاء
B9: زيادة وصول العملاء | E9: تعزيز تجربة العملاء | H9: تطبيق تانكي والولاء
B10: =IFERROR(AVERAGEIFS('قاعدة المؤشرات'!$G$2:$G$223,'قاعدة المؤشرات'!$E$2:$E$223,"زيادة وصول العملاء"),"—") | E10: =IFERROR(AVERAGEIFS('قاعدة المؤشرات'!$G$2:$G$223,'قاعدة المؤشرات'!$E$2:$E$223,"تعزيز تجربة العملاء"),"—") | H10: =IFERROR(AVERAGEIFS('قاعدة المؤشرات'!$G$2:$G$223,'قاعدة المؤشرات'!$E$2:$E$223,"تطبيق «تانكي»"),"—")
C11: ⬆ | E11: ⬆ | G11: ⬆ | I11: ⬆ | K11: ⬆
B12: المنظور — العمليات الداخلية
B13: التوسع في المواقع | D13: الامتياز التجاري | F13: منظومة التأجير | H13: ساحات درب | J13: جودة التشغيل
B14: =IFERROR(AVERAGEIFS('قاعدة المؤشرات'!$G$2:$G$223,'قاعدة المؤشرات'!$E$2:$E$223,"التوسع في المواقع"),"—") | D14: =IFERROR(AVERAGEIFS('قاعدة المؤشرات'!$G$2:$G$223,'قاعدة المؤشرات'!$E$2:$E$223,"الامتياز التجاري"),"—") | F14: =IFERROR(AVERAGEIFS('قاعدة المؤشرات'!$G$2:$G$223,'قاعدة المؤشرات'!$E$2:$E$223,"منظومة التأجير"),"—") | H14: =IFERROR(AVERAGEIFS('قاعدة المؤشرات'!$G$2:$G$223,'قاعدة المؤشرات'!$E$2:$E$223,"ساحات درب"),"—") | J14: =IFERROR(AVERAGEIFS('قاعدة المؤشرات'!$G$2:$G$223,'قاعدة المؤشرات'!$E$2:$E$223,"جودة التشغيل"),"—")
C15: ⬆ | E15: ⬆ | G15: ⬆ | I15: ⬆ | K15: ⬆
B16: المنظور — التعلّم والنمو (الأساس الممكِّن)
B17: الاستثمار في الموظفين | D17: التحول التقني | F17: إطلاق مشاريع جديدة | H17: التصاميم والهوية
B18: =IFERROR(AVERAGEIFS('قاعدة المؤشرات'!$G$2:$G$223,'قاعدة المؤشرات'!$E$2:$E$223,"الاستثمار في الموظفين"),"—") | D18: =IFERROR(AVERAGEIFS('قاعدة المؤشرات'!$G$2:$G$223,'قاعدة المؤشرات'!$E$2:$E$223,"التحول التقني"),"—") | F18: =IFERROR(AVERAGEIFS('قاعدة المؤشرات'!$G$2:$G$223,'قاعدة المؤشرات'!$E$2:$E$223,"إطلاق مشاريع جديدة"),"—") | H18: =IFERROR(AVERAGEIFS('قاعدة المؤشرات'!$G$2:$G$223,'قاعدة المؤشرات'!$E$2:$E$223,"تطوير التصاميم والهوية"),"—")
B19: القراءة من الأسفل للأعلى: تطوير الكوادر والتقنية ⟵ يُمكّن العمليات ⟵ يخلق قيمة للعملاء ⟵ يُنتج النتائج المالية

Sheet اللوحة الموجزة
B2: اللوحة الموجزة — إنجاز موزون (وزن المؤشر × وزن الإدارة) · سقف 100%
B4: الإنجاز العام (موزون) | C4: ✅ محقق | D4: 🟡 قريب | E4: 🔴 تحت الهدف
B5: =IFERROR(SUMPRODUCT(I9:I22,H9:H22)/SUMPRODUCT(I9:I22,J9:J22),0) | C5: =COUNTIFS('قاعدة المؤشرات'!$H$2:$H$223,"✅ محقق",'قاعدة المؤشرات'!$B$2:$B$223,"<>الإدارة التنفيذية") | D5: =COUNTIFS('قاعدة المؤشرات'!$H$2:$H$223,"🟡 قريب",'قاعدة المؤشرات'!$B$2:$B$223,"<>الإدارة التنفيذية") | E5: =COUNTIFS('قاعدة المؤشرات'!$H$2:$H$223,"🔴 تحت الهدف",'قاعدة المؤشرات'!$B$2:$B$223,"<>الإدارة التنفيذية")
B7: الأداء حسب الإدارة (موزون) | D7: حسب الركيزة
B8: الإدارة | C8: الأداء | D8: الركيزة | E8: الأداء
B9: الإدارة التنفيذية | C9: =IFERROR(SUMIF('قاعدة المؤشرات'!$B$2:$B$223,"الإدارة التنفيذية",'قاعدة المؤشرات'!$J$2:$J$223)/SUMIF('قاعدة المؤشرات'!$B$2:$B$223,"الإدارة التنفيذية",'قاعدة المؤشرات'!$K$2:$K$223),"—") | D9: النمو | E9: =IFERROR(AVERAGEIFS('قاعدة المؤشرات'!$G$2:$G$223,'قاعدة المؤشرات'!$D$2:$D$223,"النمو"),"—") | H9: =IFERROR(SUMIF('قاعدة المؤشرات'!$B$2:$B$223,"الإدارة التنفيذية",'قاعدة المؤشرات'!$J$2:$J$223)/SUMIF('قاعدة المؤشرات'!$B$2:$B$223,"الإدارة التنفيذية",'قاعدة المؤشرات'!$K$2:$K$223),0) | I9: 0 | J9: =IF(SUMIF('قاعدة المؤشرات'!$B$2:$B$223,"الإدارة التنفيذية",'قاعدة المؤشرات'!$K$2:$K$223)=0,0,1)
B10: الامتياز التجاري | C10: =IFERROR(SUMIF('قاعدة المؤشرات'!$B$2:$B$223,"الامتياز التجاري",'قاعدة المؤشرات'!$J$2:$J$223)/SUMIF('قاعدة المؤشرات'!$B$2:$B$223,"الامتياز التجاري",'قاعدة المؤشرات'!$K$2:$K$223),"—") | D10: الابتكار | E10: =IFERROR(AVERAGEIFS('قاعدة المؤشرات'!$G$2:$G$223,'قاعدة المؤشرات'!$D$2:$D$223,"الابتكار"),"—") | H10: =IFERROR(SUMIF('قاعدة المؤشرات'!$B$2:$B$223,"الامتياز التجاري",'قاعدة المؤشرات'!$J$2:$J$223)/SUMIF('قاعدة المؤشرات'!$B$2:$B$223,"الامتياز التجاري",'قاعدة المؤشرات'!$K$2:$K$223),0) | I10: 0.14 | J10: =IF(SUMIF('قاعدة المؤشرات'!$B$2:$B$223,"الامتياز التجاري",'قاعدة المؤشرات'!$K$2:$K$223)=0,0,1)
B11: التشغيل والمحطات | C11: =IFERROR(SUMIF('قاعدة المؤشرات'!$B$2:$B$223,"التشغيل والمحطات",'قاعدة المؤشرات'!$J$2:$J$223)/SUMIF('قاعدة المؤشرات'!$B$2:$B$223,"التشغيل والمحطات",'قاعدة المؤشرات'!$K$2:$K$223),"—") | D11: الاستدامة | E11: =IFERROR(AVERAGEIFS('قاعدة المؤشرات'!$G$2:$G$223,'قاعدة المؤشرات'!$D$2:$D$223,"الاستدامة"),"—") | H11: =IFERROR(SUMIF('قاعدة المؤشرات'!$B$2:$B$223,"التشغيل والمحطات",'قاعدة المؤشرات'!$J$2:$J$223)/SUMIF('قاعدة المؤشرات'!$B$2:$B$223,"التشغيل والمحطات",'قاعدة المؤشرات'!$K$2:$K$223),0) | I11: 0.12 | J11: =IF(SUMIF('قاعدة المؤشرات'!$B$2:$B$223,"التشغيل والمحطات",'قاعدة المؤشرات'!$K$2:$K$223)=0,0,1)
B12: الاستثمار | C12: =IFERROR(SUMIF('قاعدة المؤشرات'!$B$2:$B$223,"الاستثمار",'قاعدة المؤشرات'!$J$2:$J$223)/SUMIF('قاعدة المؤشرات'!$B$2:$B$223,"الاستثمار",'قاعدة المؤشرات'!$K$2:$K$223),"—") | H12: =IFERROR(SUMIF('قاعدة المؤشرات'!$B$2:$B$223,"الاستثمار",'قاعدة المؤشرات'!$J$2:$J$223)/SUMIF('قاعدة المؤشرات'!$B$2:$B$223,"الاستثمار",'قاعدة المؤشرات'!$K$2:$K$223),0) | I12: 0.11 | J12: =IF(SUMIF('قاعدة المؤشرات'!$B$2:$B$223,"الاستثمار",'قاعدة المؤشرات'!$K$2:$K$223)=0,0,1)
B13: العقار | C13: =IFERROR(SUMIF('قاعدة المؤشرات'!$B$2:$B$223,"العقار",'قاعدة المؤشرات'!$J$2:$J$223)/SUMIF('قاعدة المؤشرات'!$B$2:$B$223,"العقار",'قاعدة المؤشرات'!$K$2:$K$223),"—") | D13: حسب منظور BSC | H13: =IFERROR(SUMIF('قاعدة المؤشرات'!$B$2:$B$223,"العقار",'قاعدة المؤشرات'!$J$2:$J$223)/SUMIF('قاعدة المؤشرات'!$B$2:$B$223,"العقار",'قاعدة المؤشرات'!$K$2:$K$223),0) | I13: 0.09 | J13: =IF(SUMIF('قاعدة المؤشرات'!$B$2:$B$223,"العقار",'قاعدة المؤشرات'!$K$2:$K$223)=0,0,1)
B14: إدارة المشاريع | C14: =IFERROR(SUMIF('قاعدة المؤشرات'!$B$2:$B$223,"إدارة المشاريع",'قاعدة المؤشرات'!$J$2:$J$223)/SUMIF('قاعدة المؤشرات'!$B$2:$B$223,"إدارة المشاريع",'قاعدة المؤشرات'!$K$2:$K$223),"—") | D14: مالي | E14: =IFERROR(AVERAGEIFS('قاعدة المؤشرات'!$G$2:$G$223,'قاعدة المؤشرات'!$F$2:$F$223,"مالي"),"—") | H14: =IFERROR(SUMIF('قاعدة المؤشرات'!$B$2:$B$223,"إدارة المشاريع",'قاعدة المؤشرات'!$J$2:$J$223)/SUMIF('قاعدة المؤشرات'!$B$2:$B$223,"إدارة المشاريع",'قاعدة المؤشرات'!$K$2:$K$223),0) | I14: 0.08 | J14: =IF(SUMIF('قاعدة المؤشرات'!$B$2:$B$223,"إدارة المشاريع",'قاعدة المؤشرات'!$K$2:$K$223)=0,0,1)
B15: سلاسل الإمداد | C15: =IFERROR(SUMIF('قاعدة المؤشرات'!$B$2:$B$223,"سلاسل الإمداد",'قاعدة المؤشرات'!$J$2:$J$223)/SUMIF('قاعدة المؤشرات'!$B$2:$B$223,"سلاسل الإمداد",'قاعدة المؤشرات'!$K$2:$K$223),"—") | D15: العملاء | E15: =IFERROR(AVERAGEIFS('قاعدة المؤشرات'!$G$2:$G$223,'قاعدة المؤشرات'!$F$2:$F$223,"العملاء"),"—") | H15: =IFERROR(SUMIF('قاعدة المؤشرات'!$B$2:$B$223,"سلاسل الإمداد",'قاعدة المؤشرات'!$J$2:$J$223)/SUMIF('قاعدة المؤشرات'!$B$2:$B$223,"سلاسل الإمداد",'قاعدة المؤشرات'!$K$2:$K$223),0) | I15: 0.1 | J15: =IF(SUMIF('قاعدة المؤشرات'!$B$2:$B$223,"سلاسل الإمداد",'قاعدة المؤشرات'!$K$2:$K$223)=0,0,1)
B16: الصيانة والأتمتة | C16: =IFERROR(SUMIF('قاعدة المؤشرات'!$B$2:$B$223,"الصيانة والأتمتة",'قاعدة المؤشرات'!$J$2:$J$223)/SUMIF('قاعدة المؤشرات'!$B$2:$B$223,"الصيانة والأتمتة",'قاعدة المؤشرات'!$K$2:$K$223),"—") | D16: العمليات الداخلية | E16: =IFERROR(AVERAGEIFS('قاعدة المؤشرات'!$G$2:$G$223,'قاعدة المؤشرات'!$F$2:$F$223,"العمليات الداخلية"),"—") | H16: =IFERROR(SUMIF('قاعدة المؤشرات'!$B$2:$B$223,"الصيانة والأتمتة",'قاعدة المؤشرات'!$J$2:$J$223)/SUMIF('قاعدة المؤشرات'!$B$2:$B$223,"الصيانة والأتمتة",'قاعدة المؤشرات'!$K$2:$K$223),0) | I16: 0.07 | J16: =IF(SUMIF('قاعدة المؤشرات'!$B$2:$B$223,"الصيانة والأتمتة",'قاعدة المؤشرات'!$K$2:$K$223)=0,0,1)
B17: التقنية الرقمية | C17: =IFERROR(SUMIF('قاعدة المؤشرات'!$B$2:$B$223,"التقنية الرقمية",'قاعدة المؤشرات'!$J$2:$J$223)/SUMIF('قاعدة المؤشرات'!$B$2:$B$223,"التقنية الرقمية",'قاعدة المؤشرات'!$K$2:$K$223),"—") | D17: التعلّم والنمو | E17: =IFERROR(AVERAGEIFS('قاعدة المؤشرات'!$G$2:$G$223,'قاعدة المؤشرات'!$F$2:$F$223,"التعلّم والنمو"),"—") | H17: =IFERROR(SUMIF('قاعدة المؤشرات'!$B$2:$B$223,"التقنية الرقمية",'قاعدة المؤشرات'!$J$2:$J$223)/SUMIF('قاعدة المؤشرات'!$B$2:$B$223,"التقنية الرقمية",'قاعدة المؤشرات'!$K$2:$K$223),0) | I17: 0.04 | J17: =IF(SUMIF('قاعدة المؤشرات'!$B$2:$B$223,"التقنية الرقمية",'قاعدة المؤشرات'!$K$2:$K$223)=0,0,1)
B18: الموارد البشرية | C18: =IFERROR(SUMIF('قاعدة المؤشرات'!$B$2:$B$223,"الموارد البشرية",'قاعدة المؤشرات'!$J$2:$J$223)/SUMIF('قاعدة المؤشرات'!$B$2:$B$223,"الموارد البشرية",'قاعدة المؤشرات'!$K$2:$K$223),"—") | H18: =IFERROR(SUMIF('قاعدة المؤشرات'!$B$2:$B$223,"الموارد البشرية",'قاعدة المؤشرات'!$J$2:$J$223)/SUMIF('قاعدة المؤشرات'!$B$2:$B$223,"الموارد البشرية",'قاعدة المؤشرات'!$K$2:$K$223),0) | I18: 0.04 | J18: =IF(SUMIF('قاعدة المؤشرات'!$B$2:$B$223,"الموارد البشرية",'قاعدة المؤشرات'!$K$2:$K$223)=0,0,1)
B19: التسويق | C19: =IFERROR(SUMIF('قاعدة المؤشرات'!$B$2:$B$223,"التسويق",'قاعدة المؤشرات'!$J$2:$J$223)/SUMIF('قاعدة المؤشرات'!$B$2:$B$223,"التسويق",'قاعدة المؤشرات'!$K$2:$K$223),"—") | H19: =IFERROR(SUMIF('قاعدة المؤشرات'!$B$2:$B$223,"التسويق",'قاعدة المؤشرات'!$J$2:$J$223)/SUMIF('قاعدة المؤشرات'!$B$2:$B$223,"التسويق",'قاعدة المؤشرات'!$K$2:$K$223),0) | I19: 0.05 | J19: =IF(SUMIF('قاعدة المؤشرات'!$B$2:$B$223,"التسويق",'قاعدة المؤشرات'!$K$2:$K$223)=0,0,1)
B20: الجودة | C20: =IFERROR(SUMIF('قاعدة المؤشرات'!$B$2:$B$223,"الجودة",'قاعدة المؤشرات'!$J$2:$J$223)/SUMIF('قاعدة المؤشرات'!$B$2:$B$223,"الجودة",'قاعدة المؤشرات'!$K$2:$K$223),"—") | H20: =IFERROR(SUMIF('قاعدة المؤشرات'!$B$2:$B$223,"الجودة",'قاعدة المؤشرات'!$J$2:$J$223)/SUMIF('قاعدة المؤشرات'!$B$2:$B$223,"الجودة",'قاعدة المؤشرات'!$K$2:$K$223),0) | I20: 0.05 | J20: =IF(SUMIF('قاعدة المؤشرات'!$B$2:$B$223,"الجودة",'قاعدة المؤشرات'!$K$2:$K$223)=0,0,1)
B21: الإدارة القانونية | C21: =IFERROR(SUMIF('قاعدة المؤشرات'!$B$2:$B$223,"الإدارة القانونية",'قاعدة المؤشرات'!$J$2:$J$223)/SUMIF('قاعدة المؤشرات'!$B$2:$B$223,"الإدارة القانونية",'قاعدة المؤشرات'!$K$2:$K$223),"—") | H21: =IFERROR(SUMIF('قاعدة المؤشرات'!$B$2:$B$223,"الإدارة القانونية",'قاعدة المؤشرات'!$J$2:$J$223)/SUMIF('قاعدة المؤشرات'!$B$2:$B$223,"الإدارة القانونية",'قاعدة المؤشرات'!$K$2:$K$223),0) | I21: 0.03 | J21: =IF(SUMIF('قاعدة المؤشرات'!$B$2:$B$223,"الإدارة القانونية",'قاعدة المؤشرات'!$K$2:$K$223)=0,0,1)
B22: الإدارة المالية | C22: =IFERROR(SUMIF('قاعدة المؤشرات'!$B$2:$B$223,"الإدارة المالية",'قاعدة المؤشرات'!$J$2:$J$223)/SUMIF('قاعدة المؤشرات'!$B$2:$B$223,"الإدارة المالية",'قاعدة المؤشرات'!$K$2:$K$223),"—") | H22: =IFERROR(SUMIF('قاعدة المؤشرات'!$B$2:$B$223,"الإدارة المالية",'قاعدة المؤشرات'!$J$2:$J$223)/SUMIF('قاعدة المؤشرات'!$B$2:$B$223,"الإدارة المالية",'قاعدة المؤشرات'!$K$2:$K$223),0) | I22: 0.08 | J22: =IF(SUMIF('قاعدة المؤشرات'!$B$2:$B$223,"الإدارة المالية",'قاعدة المؤشرات'!$K$2:$K$223)=0,0,1)

Sheet تحليل الانحراف
A1: تحليل الانحراف — المؤشرات دون المستهدف مع السبب والإجراء (تقرير الاستثناءات)
A2: # | B2: الإدارة | C2: المؤشر | D2: المُحقَّق | E2: المستهدف | F2: نسبة التحقيق | G2: الفجوة | H2: التنبؤ | I2: الحالة | J2: السبب | K2: الإجراء التصحيحي | L2: المالك | M2: الموعد
A3: 1 | B3: التسويق | C3: معدل التفاعل (Engagement) | D3: 0 | E3: 0.5 | F3: 0 | G3: 1 | H3: 0 | I3: 🔴 تحت الهدف | J3: انحراف جوهري — أولوية عاجلة. | K3: إجراء تصحيحي خلال 30 يوماً. | L3: مدير التسويق
A4: 2 | B4: التسويق | C4: عدد المعارض بالسنة | D4: 0 | E4: 3 | F4: 0 | G4: 1 | H4: 0 | I4: 🔴 تحت الهدف | J4: انحراف جوهري — أولوية عاجلة. | K4: إجراء تصحيحي خلال 30 يوماً. | L4: مدير التسويق
A5: 3 | B5: التسويق | C5: اتفاقيات استراتيجية | D5: 0 | E5: 3 | F5: 0 | G5: 1 | H5: 0 | I5: 🔴 تحت الهدف | J5: انحراف جوهري — أولوية عاجلة. | K5: إجراء تصحيحي خلال 30 يوماً. | L5: مدير التسويق
A6: 4 | B6: التسويق | C6: عملاء تجاريون جدد | D6: 1 | E6: 200 | F6: 0.005 | G6: 0.995 | H6: 2 | I6: 🔴 تحت الهدف | J6: انحراف جوهري — أولوية عاجلة. | K6: إجراء تصحيحي خلال 30 يوماً. | L6: مدير التسويق
A7: 5 | B7: التسويق | C7: الوصول الكلي (Total Reach) | D7: 5000000 | E7: 50000000 | F7: 0.1 | G7: 0.9 | H7: 5000000 | I7: 🔴 تحت الهدف | J7: انحراف جوهري — أولوية عاجلة. | K7: إجراء تصحيحي خلال 30 يوماً. | L7: مدير التسويق
A8: 6 | B8: التسويق | C8: نسبة التزام الهوية البصرية | D8: 0.1 | E8: 1 | F8: 0.1 | G8: 0.9 | H8: 0.1 | I8: 🔴 تحت الهدف | J8: انحراف جوهري — أولوية عاجلة. | K8: إجراء تصحيحي خلال 30 يوماً. | L8: مدير التسويق
A9: 7 | B9: التسويق | C9: نسبة المبيعات لكل حملة | D9: 0.16 | E9: 1 | F9: 0.16 | G9: 0.84 | H9: 0.16 | I9: 🔴 تحت الهدف | J9: انحراف جوهري — أولوية عاجلة. | K9: إجراء تصحيحي خلال 30 يوماً. | L9: مدير التسويق
A10: 8 | B10: التسويق | C10: وصول العلاقات العامة (PR) | D10: 1500000 | E10: 7000000 | F10: 0.21428571 | G10: 0.78571429 | H10: 1500000 | I10: 🔴 تحت الهدف | J10: انحراف جوهري — أولوية عاجلة. | K10: إجراء تصحيحي خلال 30 يوماً. | L10: مدير التسويق
A11: 9 | B11: التسويق | C11: حملات تسويقية منجزة | D11: 11 | E11: 48 | F11: 0.22916667 | G11: 0.77083333 | H11: 22 | I11: 🔴 تحت الهدف | J11: انحراف جوهري — أولوية عاجلة. | K11: إجراء تصحيحي خلال 30 يوماً. | L11: مدير التسويق
A12: 10 | B12: التسويق | C12: إجمالي المتابعين (كل المنصات) | D12: 253000 | E12: 380000 | F12: 0.66578947 | G12: 0.33421053 | H12: 253000 | I12: 🔴 تحت الهدف | J12: انحراف جوهري — أولوية عاجلة. | K12: إجراء تصحيحي خلال 30 يوماً. | L12: مدير التسويق
A13: 11 | B13: التسويق | C13: تحويل الفرص إلى عقود | D13: 0.17 | E13: 0.25 | F13: 0.68 | G13: 0.32 | H13: 0.17 | I13: 🔴 تحت الهدف | J13: انحراف جوهري — أولوية عاجلة. | K13: إجراء تصحيحي خلال 30 يوماً. | L13: مدير التسويق
A14: 12 | B14: التسويق | C14: معدل خفض الشكاوى | D14: 0.21 | E14: 0.3 | F14: 0.7 | G14: 0.3 | H14: 0.21 | I14: 🔴 تحت الهدف | J14: انحراف جوهري — أولوية عاجلة. | K14: إجراء تصحيحي خلال 30 يوماً. | L14: مدير التسويق
... A169: 167 | B169: الامتياز التجاري | C169: نسبة تطبيق المعيار الشامل داخل المحطات | D169: 0.299 | E169: 0.3 | F169: 0.99666667 | G169: 0.0033333333 | H169: 0.299 | I169: 🟡 قريب | J169: فجوة محدودة — متابعة. | K169: متابعة أسبوعية لإغلاق الفجوة. | L169: مدير الامتياز

Sheet التتبّع الشهري
A1: التتبّع الشهري — أدخل رقم كل شهر · «المُحقَّق» ونسبة التحقيق والحالة والوتيرة تُحسب تلقائياً
A2: 🟩 خلايا الأشهر للإدخال · تراكمي=مجموع الأشهر · معدل=متوسط المُدخل · لقطة=آخر شهر · الوتيرة: 🟢 على المسار / 🟠 متأخّر مقابل المتوقّع
A3: # | B3: الإدارة | C3: المؤشر | D3: الدورية | E3: التجميع | F3: القطبية | G3: المستهدف | H3: يناير | I3: فبراير | J3: مارس | K3: أبريل | L3: مايو | M3: يونيو | N3: يوليو | O3: أغسطس | P3: سبتمبر | Q3: أكتوبر | R3: نوفمبر | S3: ديسمبر | T3: المُحقَّق (تراكمي) | U3: نسبة التحقيق | V3: الحالة | W3: المتوقّع حتى الآن | X3: الوتيرة
A4: 1 | B4: الإدارة التنفيذية | C4: إجمالي المحطات المشغّلة — الشركة (تراكمي) | D4: شهري | E4: لقطة | F4: ↑ | G4: 235 | T4: =IFERROR(LOOKUP(2,1/($H4:$S4<>""),$H4:$S4),"") | U4: =IF($G4="","",IF($T4="","",MIN(1,IF($G4=0,IF($T4<=0,1,0),IF($F4="↓",IFERROR($G4/$T4,0),IFERROR($T4/$G4,0)))))) | V4: =IF($U4="","⏳ بانتظار هدف",IF($U4>=1.0,"✅ محقق",IF($U4>=0.85,"🟡 قريب","🔴 تحت الهدف"))) | W4: =IF($G4="","",$G4) | X4: =IF($U4="","—",IF($U4>=0.85,"🟢 على المسار","🟠 متأخّر"))
A5: 2 | B5: الإدارة التنفيذية | C5: إجمالي العقود الجديدة — الشركة | D5: شهري | E5: تراكمي | F5: ↑ | G5: 357 | T5: =IF(COUNT($H5:$S5)=0,"",SUM($H5:$S5)) | U5: =IF($G5="","",IF($T5="","",MIN(1,IF($G5=0,IF($T5<=0,1,0),IF($F5="↓",IFERROR($G5/$T5,0),IFERROR($T5/$G5,0)))))) | V5: =IF($U5="","⏳ بانتظار هدف",IF($U5>=1.0,"✅ محقق",IF($U5>=0.85,"🟡 قريب","🔴 تحت الهدف"))) | W5: =IF($G5="","",$G5*COUNT($H5:$S5)/12) | X5: =IF($U5="","—",IF($U5>=COUNT($H5:$S5)/12,"🟢 على المسار","🟠 متأخّر"))
A6: 3 | B6: الإدارة التنفيذية | C6: نسبة نمو إيرادات الشركة (سنوي) | D6: شهري | E6: معدل | F6: ↑ | G6: 0.15 | T6: =IF(COUNT($H6:$S6)=0,"",SUM($H6:$S6)/COUNT($H6:$S6)) | U6: =IF($G6="","",IF($T6="","",MIN(1,IF($G6=0,IF($T6<=0,1,0),IF($F6="↓",IFERROR($G6/$T6,0),IFERROR($T6/$G6,0)))))) | V6: =IF($U6="","⏳ بانتظار هدف",IF($U6>=1.0,"✅ محقق",IF($U6>=0.85,"🟡 قريب","🔴 تحت الهدف"))) | W6: =IF($G6="","",$G6) | X6: =IF($U6="","—",IF($U6>=0.85,"🟢 على المسار","🟠 متأخّر"))
A7: 4 | B7: الإدارة التنفيذية | C7: نسبة إنجاز مشاريع الخارطة التنفيذية | D7: شهري | E7: لقطة | F7: ↑ | G7: 1 | T7: =IFERROR(LOOKUP(2,1/($H7:$S7<>""),$H7:$S7),"") | U7: =IF($G7="","",IF($T7="","",MIN(1,IF($G7=0,IF($T7<=0,1,0),IF($F7="↓",IFERROR($G7/$T7,0),IFERROR($T7/$G7,0)))))) | V7: =IF($U7="","⏳ بانتظار هدف",IF($U7>=1.0,"✅ محقق",IF($U7>=0.85,"🟡 قريب","🔴 تحت الهدف"))) | W7: =IF($G7="","",$G7) | X7: =IF($U7="","—",IF($U7>=0.85,"🟢 على المسار","🟠 متأخّر"))
A8: 5 | B8: الإدارة التنفيذية | C8: نسبة التحول الرقمي على مستوى الشركة | D8: شهري | E8: لقطة | F8: ↑ | G8: 0.9 | T8: =IFERROR(LOOKUP(2,1/($H8:$S8<>""),$H8:$S8),"") | U8: =IF($G8="","",IF($T8="","",MIN(1,IF($G8=0,IF($T8<=0,1,0),IF($F8="↓",IFERROR($G8/$T8,0),IFERROR($T8/$G8,0)))))) | V8: =IF($U8="","⏳ بانتظار هدف",IF($U8>=1.0,"✅ محقق",IF($U8>=0.85,"🟡 قريب","🔴 تحت الهدف"))) | W8: =IF($G8="","",$G8) | X8: =IF($U8="","—",IF($U8>=0.85,"🟢 على المسار","🟠 متأخّر"))
A9: 6 | B9: الإدارة التنفيذية | C9: مؤشر رضا العملاء العام (الشركة) | D9: ربعي | E9: معدل | F9: ↑ | G9: 0.9 | T9: =IF(COUNT($H9:$S9)=0,"",SUM($H9:$S9)/COUNT($H9:$S9)) | U9: =IF($G9="","",IF($T9="","",MIN(1,IF($G9=0,IF($T9<=0,1,0),IF($F9="↓",IFERROR($G9/$T9,0),IFERROR($T9/$G9,0)))))) | V9: =IF($U9="","⏳ بانتظار هدف",IF($U9>=0.9,"✅ محقق",IF($U9>=0.75,"🟡 قريب","🔴 تحت الهدف"))) | W9: =IF($G9="","",$G9) | X9: =IF($U9="","—",IF($U9>=0.75,"🟢 على المسار","🟠 متأخّر"))
A10: 7 | B10: الإدارة التنفيذية | C10: مؤشر رضا الموظفين العام (eNPS) | D10: ربعي | E10: معدل | F10: ↑ | G10: 30 | T10: =IF(COUNT($H10:$S10)=0,"",SUM($H10:$S10)/COUNT($H10:$S10)) | U10: =IF($G10="","",IF($T10="","",MIN(1,IF($G10=0,IF($T10<=0,1,0),IF($F10="↓",IFERROR($G10/$T10,0),IFERROR($T10/$G10,0)))))) | V10: =IF($U10="","⏳ بانتظار هدف",IF($U10>=0.9,"✅ محقق",IF($U10>=0.75,"🟡 قريب","🔴 تحت الهدف"))) | W10: =IF($G10="","",$G10) | X10: =IF($U10="","—",IF($U10>=0.75,"🟢 على المسار","🟠 متأخّر"))
A11: 8 | B11: الإدارة التنفيذية | C11: نسبة تحقيق المستهدفات الاستراتيجية العامة | D11: شهري | E11: معدل | F11: ↑ | G11: 1 | T11: =IF(COUNT($H11:$S11)=0,"",SUM($H11:$S11)/COUNT($H11:$S11)) | U11: =IF($G11="","",IF($T11="","",MIN(1,IF($G11=0,IF($T11<=0,1,0),IF($F11="↓",IFERROR($G11/$T11,0),IFERROR($T11/$G11,0)))))) | V11: =IF($U11="","⏳ بانتظار هدف",IF($U11>=1.0,"✅ محقق",IF($U11>=0.85,"🟡 قريب","🔴 تحت الهدف"))) | W11: =IF($G11="","",$G11) | X11: =IF($U11="","—",IF($U11>=0.85,"🟢 على المسار","🟠 متأخّر"))
A12: 9 | B12: الإدارة التنفيذية | C12: نسبة الالتزام بإطار الحوكمة المؤسسية والامتثال التنظيمي | D12: شهري | E12: معدل | F12: ↑ | G12: 0.95 | T12: =IF(COUNT($H12:$S12)=0,"",SUM($H12:$S12)/COUNT($H12:$S12)) | U12: =IF($G12="","",IF($T12="","",MIN(1,IF($G12=0,IF($T12<=0,1,0),IF($F12="↓",IFERROR($G12/$T12,0),IFERROR($T12/$G12,0)))))) | V12: =IF($U12="","⏳ بانتظار هدف",IF($U12>=1.0,"✅ محقق",IF($U12>=0.97,"🟡 قريب","🔴 تحت الهدف"))) | W12: =IF($G12="","",$G12) | X12: =IF($U12="","—",IF($U12>=0.97,"🟢 على المسار","🟠 متأخّر"))
A13: 10 | B13: الإدارة التنفيذية | C13: الالتزام بمعايير وزارة الطاقة (تغطية 13 منطقة) | D13: شهري | E13: لقطة | F13: ↑ | G13: 1 | T13: =IFERROR(LOOKUP(2,1/($H13:$S13<>""),$H13:$S13),"") | U13: =IF($G13="","",IF($T13="","",MIN(1,IF($G13=0,IF($T13<=0,1,0),IF($F13="↓",IFERROR($G13/$T13,0),IFERROR($T13/$G13,0)))))) | V13: =IF($U13="","⏳ بانتظار هدف",IF($U13>=1.0,"✅ محقق",IF($U13>=0.85,"🟡 قريب","🔴 تحت الهدف"))) | W13: =IF($G13="","",$G13) | X13: =IF($U13="","—",IF($U13>=0.85,"🟢 على المسار","🟠 متأخّر"))
A14: 11 | B14: الامتياز التجاري | C14: عدد محطات الامتياز المشغّلة (تراكمي) | D14: شهري | E14: لقطة | F14: ↑ | G14: 150 | T14: =IFERROR(LOOKUP(2,1/($H14:$S14<>""),$H14:$S14),"") | U14: =IF($G14="","",IF($T14="","",MIN(1,IF($G14=0,IF($T14<=0,1,0),IF($F14="↓",IFERROR($G14/$T14,0),IFERROR($T14/$G14,0)))))) | V14: =IF($U14="","⏳ بانتظار هدف",IF($U14>=1.0,"✅ محقق",IF($U14>=0.85,"🟡 قريب","🔴 تحت الهدف"))) | W14: =IF($G14="","",$G14) | X14: =IF($U14="","—",IF($U14>=0.85,"🟢 على المسار","🟠 متأخّر"))
A15: 12 | B15: الامتياز التجاري | C15: عدد عقود الامتياز الجديدة الموقّعة | D15: شهري | E15: تراكمي | F15: ↑ | G15: 167 | T15: =IF(COUNT($H15:$S15)=0,"",SUM($H15:$S15)) | U15: =IF($G15="","",IF($T15="","",MIN(1,IF($G15=0,IF($T15<=0,1,0),IF($F15="↓",IFERROR($G15/$T15,0),IFERROR($T15/$G15,0)))))) | V15: =IF($U15="","⏳ بانتظار هدف",IF($U15>=1.0,"✅ محقق",IF($U15>=0.85,"🟡 قريب","🔴 تحت الهدف"))) | W15: =IF($G15="","",$G15*COUNT($H15:$S15)/12) | X15: =IF($U15="","—",IF($U15>=COUNT($H15:$S15)/12,"🟢 على المسار","🟠 متأخّر"))
A16: 13 | B16: الامتياز التجاري | C16: إجمالي مبيعات وقود محطات الامتياز | D16: شهري | E16: تراكمي | F16: ↑ | G16: 718838077 | T16: =IF(COUNT($H16:$S16)=0,"",SUM($H16:$S16)) | U16: =IF($G16="","",IF($T16="","",MIN(1,IF($G16=0,IF($T16<=0,1,0),IF($F16="↓",IFERROR($G16/$T16,0),IFERROR($T16/$G16,0)))))) | V16: =IF($U16="","⏳ بانتظار هدف",IF($U16>=1.0,"✅ محقق",IF($U16>=0.85,"🟡 قريب","🔴 تحت الهدف"))) | W16: =IF($G16="","",$G16*COUNT($H16:$S16)/12) | X16: =IF($U16="","—",IF($U16>=COUNT($H16:$S16)/12,"🟢 على المسار","🟠 متأخّر"))
A17: 14 | B17: الامتياز التجاري | C17: نسبة تأجير وحدات الامتياز | D17: شهري | E17: معدل | F17: ↑ | G17: 0.7 | T17: =IF(COUNT($H17:$S17)=0,"",SUM($H17:$S17)/COUNT($H17:$S17)) | U17: =IF($G17="","",IF($T17="","",MIN(1,IF($G17=0,IF($T17<=0,1,0),IF($F17="↓",IFERROR($G17/$T17,0),IFERROR($T17/$G17,0)))))) | V17: =IF($U17="","⏳ بانتظار هدف",IF($U17>=1.0,"✅ محقق",IF($U17>=0.85,"🟡 قريب","🔴 تحت الهدف"))) | W17: =IF($G17="","",$G17) | X17: =IF($U17="","—",IF($U17>=0.85,"🟢 على المسار","🟠 متأخّر"))
A18: 15 | B18: الامتياز التجاري | C18: إجمالي إيرادات إدارة الامتياز | D18: شهري | E18: تراكمي | F18: ↑ | T18: =IF(COUNT($H18:$S18)=0,"",SUM($H18:$S18)) | U18: =IF($G18="","",IF($T18="","",MIN(1,IF($G18=0,IF($T18<=0,1,0),IF($F18="↓",IFERROR($G18/$T18,0),IFERROR($T18/$G18,0)))))) | V18: =IF($U18="","⏳ بانتظار هدف",IF($U18>=1.0,"✅ محقق",IF($U18>=0.85,"🟡 قريب","🔴 تحت الهدف"))) | W18: =IF($G18="","",$G18*COUNT($H18:$S18)/12) | X18: =IF($U18="","—",IF($U18>=COUNT($H18:$S18)/12,"🟢 على المسار","🟠 متأخّر"))
A19: 16 | B19: الامتياز التجاري | C19: رفع هامش الربحية للامتياز | D19: شهري | E19: معدل | F19: ↑ | G19: 1.8 | T19: =IF(COUNT($H19:$S19)=0,"",SUM($H19:$S19)/COUNT($H19:$S19)) | U19: =IF($G19="","",IF($T19="","",MIN(1,IF($G19=0,IF($T19<=0,1,0),IF($F19="↓",IFERROR($G19/$T19,0),IFERROR($T19/$G19,0)))))) | V19: =IF($U19="","⏳ بانتظار هدف",IF($U19>=1.0,"✅ محقق",IF($U19>=0.85,"🟡 قريب","🔴 تحت الهدف"))) | W19: =IF($G19="","",$G19) | X19: =IF($U19="","—",IF($U19>=0.85,"🟢 على المسار","🟠 متأخّر"))
A20: 17 | B20: الامتياز التجاري | C20: نسبة التحصيل المالي من شركاء الامتياز | D20: شهري | E20: معدل | F20: ↑ | G20: 0.95 | T20: =IF(COUNT($H20:$S20)=0,"",SUM($H20:$S20)/COUNT($H20:$S20)) | U20: =IF($G20="","",IF($T20="","",MIN(1,IF($G20=0,IF($T20<=0,1,0),IF($F20="↓",IFERROR($G20/$T20,0),IFERROR($T20/$G20,0)))))) | V20: =IF($U20="","⏳ بانتظار هدف",IF($U20>=1.0,"✅ محقق",IF($U20>=0.85,"🟡 قريب","🔴 تحت الهدف"))) | W20: =IF($G20="","",$G20) | X20: =IF($U20="","—",IF($U20>=0.85,"🟢 على المسار","🟠 متأخّر"))
A21: 18 | B21: الامتياز التجاري | C21: متوسط أيام تحصيل شركاء الامتياز (DSO) | D21: شهري | E21: معدل | F21: ↓ | G21: 30 | T21: =IF(COUNT($H21:$S21)=0,"",SUM($H21:$S21)/COUNT($H21:$S21)) | U21: =IF($G21="","",IF($T21="","",MIN(1,IF($G21=0,IF($T21<=0,1,0),IF($F21="↓",IFERROR($G21/$T21,0),IFERROR($T21/$G21,0)))))) | V21: =IF($U21="","⏳ بانتظار هدف",IF($U21>=1.0,"✅ محقق",IF($U21>=0.85,"🟡 قريب","🔴 تحت الهدف"))) | W21: =IF($G21="","",$G21) | X21: =IF($U21="","—",IF($U21>=0.85,"🟢 على المسار","🟠 متأخّر"))
A22: 19 | B22: الامتياز التجاري | C22: إجمالي المستحقات المتأخرة (+30 يوم) | D22: شهري | E22: لقطة | F22: ↓ | T22: =IFERROR(LOOKUP(2,1/($H22:$S22<>""),$H22:$S22),"") | U22: =IF($G22="","",IF($T22="","",MIN(1,IF($G22=0,IF($T22<=0,1,0),IF($F22="↓",IFERROR($G22/$T22,0),IFERROR($T22/$G22,0)))))) | V22: =IF($U22="","⏳ بانتظار هدف",IF($U22>=1.0,"✅ محقق",IF($U22>=0.85,"🟡 قريب","🔴 تحت الهدف"))) | W22: =IF($G22="","",$G22) | X22: =IF($U22="","—",IF($U22>=0.85,"🟢 على المسار","🟠 متأخّر"))
A23: 20 | B23: الامتياز التجاري | C23: نسبة الشركاء الملتزمين بمواعيد السداد | D23: شهري | E23: معدل | F23: ↑ | G23: 0.9 | T23: =IF(COUNT($H23:$S23)=0,"",SUM($H23:$S23)/COUNT($H23:$S23)) | U23: =IF($G23="","",IF($T23="","",MIN(1,IF($G23=0,IF($T23<=0,1,0),IF($F23="↓",IFERROR($G23/$T23,0),IFERROR($T23/$G23,0)))))) | V23: =IF($U23="","⏳ بانتظار هدف",IF($U23>=1.0,"✅ محقق",IF($U23>=0.85,"🟡 قريب","🔴 تحت الهدف"))) | W23: =IF($G23="","",$G23) | X23: =IF($U23="","—",IF($U23>=0.85,"🟢 على المسار","🟠 متأخّر"))
A24: 21 | B24: الامتياز التجاري | C24: معدل دوران رأس المال (أيام الدورة) | D24: شهري | E24: معدل | F24: ↓ | G24: 5 | T24: =IF(COUNT($H24:$S24)=0,"",SUM($H24:$S24)/COUNT($H24:$S24)) | U24: =IF($G24="","",IF($T24="","",MIN(1,IF($G24=0,IF($T24<=0,1,0),IF($F24="↓",IFERROR($G24/$T24,0),IFERROR($T24/$G24,0)))))) | V24: =IF($U24="","⏳ بانتظار هدف",IF($U24>=1.0,"✅ محقق",IF($U24>=0.85,"🟡 قريب","🔴 تحت الهدف"))) | W24: =IF($G24="","",$G24) | X24: =IF($U24="","—",IF($U24>=0.85,"🟢 على المسار","🟠 متأخّر"))
A25: 22 | B25: الامتياز التجاري | C25: نسبة جاهزية محطات الامتياز (صفر انقطاع) | D25: شهري | E25: معدل | F25: ↑ | G25: 0.99 | T25: =IF(COUNT($H25:$S25)=0,"",SUM($H25:$S25)/COUNT($H25:$S25)) | U25: =IF($G25="","",IF($T25="","",MIN(1,IF($G25=0,IF($T25<=0,1,0),IF($F25="↓",IFERROR($G25/$T25,0),IFERROR($T25/$G25,0)))))) | V25: =IF($U25="","⏳ بانتظار هدف",IF($U25>=1.0,"✅ محقق",IF($U25>=0.97,"🟡 قريب","🔴 تحت الهدف"))) | W25: =IF($G25="","",$G25) | X25: =IF($U25="","—",IF($U25>=0.97,"🟢 على المسار","🟠 متأخّر"))
A26: 23 | B26: الامتياز التجاري | C26: عدد حالات انقطاع الوقود الموثّقة | D26: شهري | E26: تراكمي | F26: ↓ | G26: 0 | T26: =IF(COUNT($H26:$S26)=0,"",SUM($H26:$S26)) | U26: =IF($G26="","",IF($T26="","",MIN(1,IF($G26=0,IF($T26<=0,1,0),IF($F26="↓",IFERROR($G26/$T26,0),IFERROR($T26/$G26,0)))))) | V26: =IF($U26="","⏳ بانتظار هدف",IF($U26>=1.0,"✅ محقق",IF($U26>=0.85,"🟡 قريب","🔴 تحت الهدف"))) | W26: =IF($G26="","",$G26*COUNT($H26:$S26)/12) | X26: =IF($U26="","—",IF($U26>=COUNT($H26:$S26)/12,"🟢 على المسار","🟠 متأخّر"))
A27: 24 | B27: الامتياز التجاري | C27: نسبة إغلاق ملاحظات الجودة الميدانية | D27: شهري | E27: معدل | F27: ↑ | G27: 0.95 | T27: =IF(COUNT($H27:$S27)=0,"",SUM($H27:$S27)/COUNT($H27:$S27)) | U27: =IF($G27="","",IF($T27="","",MIN(1,IF($G27=0,IF($T27<=0,1,0),IF($F27="↓",IFERROR($G27/$T27,0),IFERROR($T27/$G27,0)))))) | V27: =IF($U27="","⏳ بانتظار هدف",IF($U27>=1.0,"✅ محقق",IF($U27>=0.85,"🟡 قريب","🔴 تحت الهدف"))) | W27: =IF($G27="","",$G27) | X27: =IF($U27="","—",IF($U27>=0.85,"🟢 على المسار","🟠 متأخّر"))
A28: 25 | B28: الامتياز التجاري | C28: متوسط درجة تقييم جودة المحطة (قائمة التحقق) | D28: شهري | E28: معدل | F28: ↑ | G28: 85 | T28: =IF(COUNT($H28:$S28)=0,"",SUM($H28:$S28)/COUNT($H28:$S28)) | U28: =IF($G28="","",IF($T28="","",MIN(1,IF($G28=0,IF($T28<=0,1,0),IF($F28="↓",IFERROR($G28/$T28,0),IFERROR($T28/$G28,0)))))) | V28: =IF($U28="","⏳ بانتظار هدف",IF($U28>=1.0,"✅ محقق",IF($U28>=0.85,"🟡 قريب","🔴 تحت الهدف"))) | W28: =IF($G28="","",$G28) | X28: =IF($U28="","—",IF($U28>=0.85,"🟢 على المسار","🟠 متأخّر"))
A29: 26 | B29: الامتياز التجاري | C29: نسبة تنفيذ الزيارات الميدانية المجدولة | D29: شهري | E29: معدل | F29: ↑ | G29: 1 | T29: =IF(COUNT($H29:$S29)=0,"",SUM($H29:$S29)/COUNT($H29:$S29)) | U29: =IF($G29="","",IF($T29="","",MIN(1,IF($G29=0,IF($T29<=0,1,0),IF($F29="↓",IFERROR($G29/$T29,0),IFERROR($T29/$G29,0)))))) | V29: =IF($U29="","⏳ بانتظار هدف",IF($U29>=1.0,"✅ محقق",IF($U29>=0.85,"🟡 قريب","🔴 تحت الهدف"))) | W29: =IF($G29="","",$G29) | X29: =IF($U29="","—",IF($U29>=0.85,"🟢 على المسار","🟠 متأخّر"))
A30: 27 | B30: الامتياز التجاري | C30: نسبة المحطات المستوفية لمعايير السلامة | D30: شهري | E30: معدل | F30: ↑ | G30: 1 | T30: =IF(COUNT($H30:$S30)=0,"",SUM($H30:$S30)/COUNT($H30:$S30)) | U30: =IF($G30="","",IF($T30="","",MIN(1,IF($G30=0,IF($T30<=0,1,0),IF($F30="↓",IFERROR($G30/$T30,0),IFERROR($T30/$G30,0)))))) | V30: =IF($U30="","⏳ بانتظار هدف",IF($U30>=1.0,"✅ محقق",IF($U30>=0.97,"🟡 قريب","🔴 تحت الهدف"))) | W30: =IF($G30="","",$G30) | X30: =IF($U30="","—",IF($U30>=0.97,"🟢 على المسار","🟠 متأخّر"))
A31: 28 | B31: الامتياز التجاري | C31: متوسط وقت معالجة البلاغات التشغيلية | D31: شهري | E31: معدل | F31: ↓ | G31: 24 | T31: =IF(COUNT($H31:$S31)=0,"",SUM($H31:$S31)/COUNT($H31:$S31)) | U31: =IF($G31="","",IF($T31="","",MIN(1,IF($G31=0,IF($T31<=0,1,0),IF($F31="↓",IFERROR($G31/$T31,0),IFERROR($T31/$G31,0)))))) | V31: =IF($U31="","⏳ بانتظار هدف",IF($U31>=1.0,"✅ محقق",IF($U31>=0.85,"🟡 قريب","🔴 تحت الهدف"))) | W31: =IF($G31="","",$G31) | X31: =IF($U31="","—",IF($U31>=0.85,"🟢 على المسار","🟠 متأخّر"))
A32: 29 | B32: الامتياز التجاري | C32: نسبة أتمتة محطات الامتياز | D32: شهري | E32: لقطة | F32: ↑ | G32: 0.9 | T32: =IFERROR(LOOKUP(2,1/($H32:$S32<>""),$H32:$S32),"") | U32: =IF($G32="","",IF($T32="","",MIN(1,IF($G32=0,IF($T32<=0,1,0),IF($F32="↓",IFERROR($G32/$T32,0),IFERROR($T32/$G32,0)))))) | V32: =IF($U32="","⏳ بانتظار هدف",IF($U32>=1.0,"✅ محقق",IF($U32>=0.85,"🟡 قريب","🔴 تحت الهدف"))) | W32: =IF($G32="","",$G32) | X32: =IF($U32="","—",IF($U32>=0.85,"🟢 على المسار","🟠 متأخّر"))
A33: 30 | B33: الامتياز التجاري | C33: نسبة تطبيق المعيار الشامل داخل المحطات | D33: شهري | E33: لقطة | F33: ↑ | G33: 0.3 | T33: =IFERROR(LOOKUP(2,1/($H33:$S33<>""),$H33:$S33),"") | U33: =IF($G33="","",IF($T33="","",MIN(1,IF($G33=0,IF($T33<=0,1,0),IF($F33="↓",IFERROR($G33/$T33,0),IFERROR($T33/$G33,0)))))) | V33: =IF($U33="","⏳ بانتظار هدف",IF($U33>=1.0,"✅ محقق",IF($U33>=0.85,"🟡 قريب","🔴 تحت الهدف"))) | W33: =IF($G33="","",$G33) | X33: =IF($U33="","—",IF($U33>=0.85,"🟢 على المسار","🟠 متأخّر"))
A34: 31 | B34: الامتياز التجاري | C34: نسبة التزام المحطات بالهوية المؤسسية | D34: شهري | E34: لقطة | F34: ↑ | G34: 0.55 | T34: =IFERROR(LOOKUP(2,1/($H34:$S34<>""),$H34:$S34),"") | U34: =IF($G34="","",IF($T34="","",MIN(1,IF($G34=0,IF($T34<=0,1,0),IF($F34="↓",IFERROR($G34/$T34,0),IFERROR($T34/$G34,0)))))) | V34: =IF($U34="","⏳ بانتظار هدف",IF($U34>=1.0,"✅ محقق",IF($U34>=0.85,"🟡 قريب","🔴 تحت الهدف"))) | W34: =IF($G34="","",$G34) | X34: =IF($U34="","—",IF($U34>=0.85,"🟢 على المسار","🟠 متأخّر"))
A35: 32 | B35: الامتياز التجاري | C35: متوسط تقييم المحطات على خرائط قوقل | D35: شهري | E35: معدل | F35: ↑ | G35: 4.7 | T35: =IF(COUNT($H35:$S35)=0,"",SUM($H35:$S35)/COUNT($H35:$S35)) | U35: =IF($G35="","",IF($T35="","",MIN(1,IF($G35=0,IF($T35<=0,1,0),IF($F35="↓",IFERROR($G35/$T35,0),IFERROR($T35/$G35,0)))))) | V35: =IF($U35="","⏳ بانتظار هدف",IF($U35>=1.0,"✅ محقق",IF($U35>=0.85,"🟡 قريب","🔴 تحت الهدف"))) | W35: =IF($G35="","",$G35) | X35: =IF($U35="","—",IF($U35>=0.85,"🟢 على المسار","🟠 متأخّر"))
A36: 33 | B36: الامتياز التجاري | C36: معدل رضا شركاء الامتياز (CSAT) | D36: ربعي | E36: معدل | F36: ↑ | G36: 0.9 | T36: =IF(COUNT($H36:$S36)=0,"",SUM($H36:$S36)/COUNT($H36:$S36)) | U36: =IF($G36="","",IF($T36="","",MIN(1,IF($G36=0,IF($T36<=0,1,0),IF($F36="↓",IFERROR($G36/$T36,0),IFERROR($T36/$G36,0)))))) | V36: =IF($U36="","⏳ بانتظار هدف",IF($U36>=0.9,"✅ محقق",IF($U36>=0.75,"🟡 قريب","🔴 تحت الهدف"))) | W36: =IF($G36="","",$G36) | X36: =IF($U36="","—",IF($U36>=0.75,"🟢 على المسار","🟠 متأخّر"))
A37: 34 | B37: الامتياز التجاري | C37: نسبة حل الشكاوى خلال المدة المحددة | D37: شهري | E37: معدل | F37: ↑ | G37: 0.95 | T37: =IF(COUNT($H37:$S37)=0,"",SUM($H37:$S37)/COUNT($H37:$S37)) | U37: =IF($G37="","",IF($T37="","",MIN(1,IF($G37=0,IF($T37<=0,1,0),IF($F37="↓",IFERROR($G37/$T37,0),IFERROR($T37/$G37,0)))))) | V37: =IF($U37="","⏳ بانتظار هدف",IF($U37>=1.0,"✅ محقق",IF($U37>=0.85,"🟡 قريب","🔴 تحت الهدف"))) | W37: =IF($G37="","",$G37) | X37: =IF($U37="","—",IF($U37>=0.85,"🟢 على المسار","🟠 متأخّر"))
A38: 35 | B38: الامتياز التجاري | C38: نسبة انخفاض الشكاوى التشغيلية والإدارية | D38: شهري | E38: معدل | F38: ↑ | G38: 0.3 | T38: =IF(COUNT($H38:$S38)=0,"",SUM($H38:$S38)/COUNT($H38:$S38)) | U38: =IF($G38="","",IF($T38="","",MIN(1,IF($G38=0,IF($T38<=0,1,0),IF($F38="↓",IFERROR($G38/$T38,0),IFERROR($T38/$G38,0)))))) | V38: =IF($U38="","⏳ بانتظار هدف",IF($U38>=1.0,"✅ محقق",IF($U38>=0.85,"🟡 قريب","🔴 تحت الهدف"))) | W38: =IF($G38="","",$G38) | X38: =IF($U38="","—",IF($U38>=0.85,"🟢 على المسار","🟠 متأخّر"))
A39: 36 | B39: الامتياز التجاري | C39: نسبة استدامة أصحاب الامتياز (Retention) | D39: شهري | E39: لقطة | F39: ↑ | G39: 0.9 | T39: =IFERROR(LOOKUP(2,1/($H39:$S39<>""),$H39:$S39),"") | U39: =IF($G39="","",IF($T39="","",MIN(1,IF($G39=0,IF($T39<=0,1,0),IF($F39="↓",IFERROR($G39/$T39,0),IFERROR($T39/$G39,0)))))) | V39: =IF($U39="","⏳ بانتظار هدف",IF($U39>=1.0,"✅ محقق",IF($U39>=0.85,"🟡 قريب","🔴 تحت الهدف"))) | W39: =IF($G39="","",$G39) | X39: =IF($U39="","—",IF($U39>=0.85,"🟢 على المسار","🟠 متأخّر"))
A40: 37 | B40: الامتياز التجاري | C40: نسبة زيادة عدد أصحاب الامتياز | D40: شهري | E40: لقطة | F40: ↑ | G40: 1 | T40: =IFERROR(LOOKUP(2,1/($H40:$S40<>""),$H40:$S40),"") | U40: =IF($G40="","",IF($T40="","",MIN(1,IF($G40=0,IF($T40<=0,1,0),IF($F40="↓",IFERROR($G40/$T40,0),IFERROR($T40/$G40,0)))))) | V40: =IF($U40="","⏳ بانتظار هدف",IF($U40>=1.0,"✅ محقق",IF($U40>=0.85,"🟡 قريب","🔴 تحت الهدف"))) | W40: =IF($G40="","",$G40) | X40: =IF($U40="","—",IF($U40>=0.85,"🟢 على المسار","🟠 متأخّر"))
A41: 38 | B41: الامتياز التجاري | C41: متوسط مدة إغلاق عقد الامتياز | D41: شهري | E41: معدل | F41: ↓ | G41: 1 | T41: =IF(COUNT($H41:$S41)=0,"",SUM($H41:$S41)/COUNT($H41:$S41)) | U41: =IF($G41="","",IF($T41="","",MIN(1,IF($G41=0,IF($T41<=0,1,0),IF($F41="↓",IFERROR($G41/$T41,0),IFERROR($T41/$G41,0)))))) | V41: =IF($U41="","⏳ بانتظار هدف",IF($U41>=1.0,"✅ محقق",IF($U41>=0.85,"🟡 قريب","🔴 تحت الهدف"))) | W41: =IF($G41="","",$G41) | X41: =IF($U41="","—",IF($U41>=0.85,"🟢 على المسار","🟠 متأخّر"))
A42: 39 | B42: الامتياز التجاري | C42: نسبة التحصيل خلال 5 أيام عمل | D42: شهري | E42: معدل | F42: ↑ | G42: 0.9 | T42: =IF(COUNT($H42:$S42)=0,"",SUM($H42:$S42)/COUNT($H42:$S42)) | U42: =IF($G42="","",IF($T42="","",MIN(1,IF($G42=0,IF($T42<=0,1,0),IF($F42="↓",IFERROR($G42/$T42,0),IFERROR($T42/$G42,0)))))) | V42: =IF($U42="","⏳ بانتظار هدف",IF($U42>=1.0,"✅ محقق",IF($U42>=0.85,"🟡 قريب","🔴 تحت الهدف"))) | W42: =IF($G42="","",$G42) | X42: =IF($U42="","—",IF($U42>=0.85,"🟢 على المسار","🟠 متأخّر"))
A43: 40 | B43: التشغيل والمحطات | C43: عدد المحطات المشغّلة (تراكمي) | D43: شهري | E43: لقطة | F43: ↑ | G43: 85 | T43: =IFERROR(LOOKUP(2,1/($H43:$S43<>""),$H43:$S43),"") | U43: =IF($G43="","",IF($T43="","",MIN(1,IF($G43=0,IF($T43<=0,1,0),IF($F43="↓",IFERROR($G43/$T43,0),IFERROR($T43/$G43,0)))))) | V43: =IF($U43="","⏳ بانتظار هدف",IF($U43>=1.0,"✅ محقق",IF($U43>=0.85,"🟡 قريب","🔴 تحت الهدف"))) | W43: =IF($G43="","",$G43) | X43: =IF($U43="","—",IF($U43>=0.85,"🟢 على المسار","🟠 متأخّر"))
A44: 41 | B44: التشغيل والمحطات | C44: نمو مبيعات بنزين 91 مقارنة بالعام السابق | D44: شهري | E44: معدل | F44: ↑ | G44: 0.1 | T44: =IF(COUNT($H44:$S44)=0,"",SUM($H44:$S44)/COUNT($H44:$S44)) | U44: =IF($G44="","",IF($T44="","",MIN(1,IF($G44=0,IF($T44<=0,1,0),IF($F44="↓",IFERROR($G44/$T44,0),IFERROR($T44/$G44,0)))))) | V44: =IF($U44="","⏳ بانتظار هدف",IF($U44>=1.0,"✅ محقق",IF($U44>=0.85,"🟡 قريب","🔴 تحت الهدف"))) | W44: =IF($G44="","",$G44) | X44: =IF($U44="","—",IF($U44>=0.85,"🟢 على المسار","🟠 متأخّر"))
A45: 42 | B45: التشغيل والمحطات | C45: نمو مبيعات بنزين 95 مقارنة بالعام السابق | D45: شهري | E45: معدل | F45: ↑ | G45: 0.1 | T45: =IF(COUNT($H45:$S45)=0,"",SUM($H45:$S45)/COUNT($H45:$S45)) | U45: =IF($G45="","",IF($T45="","",MIN(1,IF($G45=0,IF($T45<=0,1,0),IF($F45="↓",IFERROR($G45/$T45,0),IFERROR($T45/$G45,0)))))) | V45: =IF($U45="","⏳ بانتظار هدف",IF($U45>=1.0,"✅ محقق",IF($U45>=0.85,"🟡 قريب","🔴 تحت الهدف"))) | W45: =IF($G45="","",$G45) | X45: =IF($U45="","—",IF($U45>=0.85,"🟢 على المسار","🟠 متأخّر"))
A46: 43 | B46: التشغيل والمحطات | C46: نمو مبيعات بنزين 98 مقارنة بالعام السابق | D46: شهري | E46: معدل | F46: ↑ | G46: 0.1 | T46: =IF(COUNT($H46:$S46)=0,"",SUM($H46:$S46)/COUNT($H46:$S46)) | U46: =IF($G46="","",IF($T46="","",MIN(1,IF($G46=0,IF($T46<=0,1,0),IF($F46="↓",IFERROR($G46/$T46,0),IFERROR($T46/$G46,0)))))) | V46: =IF($U46="","⏳ بانتظار هدف",IF($U46>=1.0,"✅ محقق",IF($U46>=0.85,"🟡 قريب","🔴 تحت الهدف"))) | W46: =IF($G46="","",$G46) | X46: =IF($U46="","—",IF($U46>=0.85,"🟢 على المسار","🟠 متأخّر"))
A47: 44 | B47: التشغيل والمحطات | C47: نمو مبيعات الديزل مقارنة بالعام السابق | D47: شهري | E47: معدل | F47: ↑ | G47: 0.1 | T47: =IF(COUNT($H47:$S47)=0,"",SUM($H47:$S47)/COUNT($H47:$S47)) | U47: =IF($G47="","",IF($T47="","",MIN(1,IF($G47=0,IF($T47<=0,1,0),IF($F47="↓",IFERROR($G47/$T47,0),IFERROR($T47/$G47,0)))))) | V47: =IF($U47="","⏳ بانتظار هدف",IF($U47>=1.0,"✅ محقق",IF($U47>=0.85,"🟡 قريب","🔴 تحت الهدف"))) | W47: =IF($G47="","",$G47) | X47: =IF($U47="","—",IF($U47>=0.85,"🟢 على المسار","🟠 متأخّر"))
A48: 45 | B48: التشغيل والمحطات | C48: نسبة جاهزية المحطة الشاملة (Uptime) | D48: شهري | E48: معدل | F48: ↑ | G48: 0.99 | T48: =IF(COUNT($H48:$S48)=0,"",SUM($H48:$S48)/COUNT($H48:$S48)) | U48: =IF($G48="","",IF($T48="","",MIN(1,IF($G48=0,IF($T48<=0,1,0),IF($F48="↓",IFERROR($G48/$T48,0),IFERROR($T48/$G48,0)))))) | V48: =IF($U48="","⏳ بانتظار هدف",IF($U48>=1.0,"✅ محقق",IF($U48>=0.97,"🟡 قريب","🔴 تحت الهدف"))) | W48: =IF($G48="","",$G48) | X48: =IF($U48="","—",IF($U48>=0.97,"🟢 على المسار","🟠 متأخّر"))
A49: 46 | B49: التشغيل والمحطات | C49: نسبة المضخات العاملة | D49: شهري | E49: معدل | F49: ↑ | G49: 0.97 | T49: =IF(COUNT($H49:$S49)=0,"",SUM($H49:$S49)/COUNT($H49:$S49)) | U49: =IF($G49="","",IF($T49="","",MIN(1,IF($G49=0,IF($T49<=0,1,0),IF($F49="↓",IFERROR($G49/$T49,0),IFERROR($T49/$G49,0)))))) | V49: =IF($U49="","⏳ بانتظار هدف",IF($U49>=1.0,"✅ محقق",IF($U49>=0.85,"🟡 قريب","🔴 تحت الهدف"))) | W49: =IF($G49="","",$G49) | X49: =IF($U49="","—",IF($U49>=0.85,"🟢 على المسار","🟠 متأخّر"))
A50: 47 | B50: التشغيل والمحطات | C50: تكلفة التشغيل لكل لتر مباع | D50: ربعي | E50: معدل | F50: ↓ | T50: =IF(COUNT($H50:$S50)=0,"",SUM($H50:$S50)/COUNT($H50:$S50)) | U50: =IF($G50="","",IF($T50="","",MIN(1,IF($G50=0,IF($T50<=0,1,0),IF($F50="↓",IFERROR($G50/$T50,0),IFERROR($T50/$G50,0)))))) | V50: =IF($U50="","⏳ بانتظار هدف",IF($U50>=1.0,"✅ محقق",IF($U50>=0.85,"🟡 قريب","🔴 تحت الهدف"))) | W50: =IF($G50="","",$G50) | X50: =IF($U50="","—",IF($U50>=0.85,"🟢 على المسار","🟠 متأخّر"))
A51: 48 | B51: التشغيل والمحطات | C51: نسبة الصيانة الوقائية المنفذة في موعدها | D51: شهري | E51: معدل | F51: ↑ | G51: 0.95 | T51: =IF(COUNT($H51:$S51)=0,"",SUM($H51:$S51)/COUNT($H51:$S51)) | U51: =IF($G51="","",IF($T51="","",MIN(1,IF($G51=0,IF($T51<=0,1,0),IF($F51="↓",IFERROR($G51/$T51,0),IFERROR($T51/$G51,0)))))) | V51: =IF($U51="","⏳ بانتظار هدف",IF($U51>=1.0,"✅ محقق",IF($U51>=0.85,"🟡 قريب","🔴 تحت الهدف"))) | W51: =IF($G51="","",$G51) | X51: =IF($U51="","—",IF($U51>=0.85,"🟢 على المسار","🟠 متأخّر"))
A52: 49 | B52: التشغيل والمحطات | C52: نسبة انخفاض الشكاوى مقارنة بالشهر السابق | D52: شهري | E52: معدل | F52: ↑ | G52: 0.2 | T52: =IF(COUNT($H52:$S52)=0,"",SUM($H52:$S52)/COUNT($H52:$S52)) | U52: =IF($G52="","",IF($T52="","",MIN(1,IF($G52=0,IF($T52<=0,1,0),IF($F52="↓",IFERROR($G52/$T52,0),IFERROR($T52/$G52,0)))))) | V52: =IF($U52="","⏳ بانتظار هدف",IF($U52>=1.0,"✅ محقق",IF($U52>=0.85,"🟡 قريب","🔴 تحت الهدف"))) | W52: =IF($G52="","",$G52) | X52: =IF($U52="","—",IF($U52>=0.85,"🟢 على المسار","🟠 متأخّر"))
A53: 50 | B53: التشغيل والمحطات | C53: تقييم Google Maps للمحطات | D53: شهري | E53: معدل | F53: ↑ | G53: 4.5 | T53: =IF(COUNT($H53:$S53)=0,"",SUM($H53:$S53)/COUNT($H53:$S53)) | U53: =IF($G53="","",IF($T53="","",MIN(1,IF($G53=0,IF($T53<=0,1,0),IF($F53="↓",IFERROR($G53/$T53,0),IFERROR($T53/$G53,0)))))) | V53: =IF($U53="","⏳ بانتظار هدف",IF($U53>=1.0,"✅ محقق",IF($U53>=0.85,"🟡 قريب","🔴 تحت الهدف"))) | W53: =IF($G53="","",$G53) | X53: =IF($U53="","—",IF($U53>=0.85,"🟢 على المسار","🟠 متأخّر"))
A54: 51 | B54: التشغيل والمحطات | C54: سرعة تعبئة الوقود | D54: شهري | E54: معدل | F54: ↓ | G54: 3 | T54: =IF(COUNT($H54:$S54)=0,"",SUM($H54:$S54)/COUNT($H54:$S54)) | U54: =IF($G54="","",IF($T54="","",MIN(1,IF($G54=0,IF($T54<=0,1,0),IF($F54="↓",IFERROR($G54/$T54,0),IFERROR($T54/$G54,0)))))) | V54: =IF($U54="","⏳ بانتظار هدف",IF($U54>=1.0,"✅ محقق",IF($U54>=0.85,"🟡 قريب","🔴 تحت الهدف"))) | W54: =IF($G54="","",$G54) | X54: =IF($U54="","—",IF($U54>=0.85,"🟢 على المسار","🟠 متأخّر"))
A55: 52 | B55: التشغيل والمحطات | C55: دقة التعبئة بدون أخطاء | D55: شهري | E55: معدل | F55: ↑ | G55: 0.99 | T55: =IF(COUNT($H55:$S55)=0,"",SUM($H55:$S55)/COUNT($H55:$S55)) | U55: =IF($G55="","",IF($T55="","",MIN(1,IF($G55=0,IF($T55<=0,1,0),IF($F55="↓",IFERROR($G55/$T55,0),IFERROR($T55/$G55,0)))))) | V55: =IF($U55="","⏳ بانتظار هدف",IF($U55>=1.0,"✅ محقق",IF($U55>=0.97,"🟡 قريب","🔴 تحت الهدف"))) | W55: =IF($G55="","",$G55) | X55: =IF($U55="","—",IF($U55>=0.97,"🟢 على المسار","🟠 متأخّر"))
A56: 53 | B56: التشغيل والمحطات | C56: تطبيق المعيار الشامل في المحطات | D56: شهري | E56: لقطة | F56: ↑ | G56: 0.8 | T56: =IFERROR(LOOKUP(2,1/($H56:$S56<>""),$H56:$S56),"") | U56: =IF($G56="","",IF($T56="","",MIN(1,IF($G56=0,IF($T56<=0,1,0),IF($F56="↓",IFERROR($G56/$T56,0),IFERROR($T56/$G56,0)))))) | V56: =IF($U56="","⏳ بانتظار هدف",IF($U56>=1.0,"✅ محقق",IF($U56>=0.85,"🟡 قريب","🔴 تحت الهدف"))) | W56: =IF($G56="","",$G56) | X56: =IF($U56="","—",IF($U56>=0.85,"🟢 على المسار","🟠 متأخّر"))
A57: 54 | B57: التشغيل والمحطات | C57: الالتزام بمعايير السلامة داخل المحطة | D57: شهري | E57: معدل | F57: ↑ | G57: 1 | T57: =IF(COUNT($H57:$S57)=0,"",SUM($H57:$S57)/COUNT($H57:$S57)) | U57: =IF($G57="","",IF($T57="","",MIN(1,IF($G57=0,IF($T57<=0,1,0),IF($F57="↓",IFERROR($G57/$T57,0),IFERROR($T57/$G57,0)))))) | V57: =IF($U57="","⏳ بانتظار هدف",IF($U57>=1.0,"✅ محقق",IF($U57>=0.97,"🟡 قريب","🔴 تحت الهدف"))) | W57: =IF($G57="","",$G57) | X57: =IF($U57="","—",IF($U57>=0.97,"🟢 على المسار","🟠 متأخّر"))
A58: 55 | B58: التشغيل والمحطات | C58: التشجير داخل المحطة (معيار الوزارة) | D58: شهري | E58: لقطة | F58: ↑ | G58: 1 | T58: =IFERROR(LOOKUP(2,1/($H58:$S58<>""),$H58:$S58),"") | U58: =IF($G58="","",IF($T58="","",MIN(1,IF($G58=0,IF($T58<=0,1,0),IF($F58="↓",IFERROR($G58/$T58,0),IFERROR($T58/$G58,0)))))) | V58: =IF($U58="","⏳ بانتظار هدف",IF($U58>=1.0,"✅ محقق",IF($U58>=0.85,"🟡 قريب","🔴 تحت الهدف"))) | W58: =IF($G58="","",$G58) | X58: =IF($U58="","—",IF($U58>=0.85,"🟢 على المسار","🟠 متأخّر"))
A59: 56 | B59: الاستثمار | C59: إجمالي عقود الاستثمار الجديدة (جميع النماذج) | D59: شهري | E59: تراكمي | F59: ↑ | G59: 190 | T59: =IF(COUNT($H59:$S59)=0,"",SUM($H59:$S59)) | U59: =IF($G59="","",IF($T59="","",MIN(1,IF($G59=0,IF($T59<=0,1,0),IF($F59="↓",IFERROR($G59/$T59,0),IFERROR($T59/$G59,0)))))) | V59: =IF($U59="","⏳ بانتظار هدف",IF($U59>=1.0,"✅ محقق",IF($U59>=0.85,"🟡 قريب","🔴 تحت الهدف"))) | W59: =IF($G59="","",$G59*COUNT($H59:$S59)/12) | X59: =IF($U59="","—",IF($U59>=COUNT($H59:$S59)/12,"🟢 على المسار","🟠 متأخّر"))
A60: 57 | B60: الاستثمار | C60: عقود الاستثمار العادي الجديدة | D60: شهري | E60: تراكمي | F60: ↑ | G60: 90 | T60: =IF(COUNT($H60:$S60)=0,"",SUM($H60:$S60)) | U60: =IF($G60="","",IF($T60="","",MIN(1,IF($G60=0,IF($T60<=0,1,0),IF($F60="↓",IFERROR($G60/$T60,0),IFERROR($T60/$G60,0)))))) | V60: =IF($U60="","⏳ بانتظار هدف",IF($U60>=1.0,"✅ محقق",IF($U60>=0.85,"🟡 قريب","🔴 تحت الهدف"))) | W60: =IF($G60="","",$G60*COUNT($H60:$S60)/12) | X60: =IF($U60="","—",IF($U60>=COUNT($H60:$S60)/12,"🟢 على المسار","🟠 متأخّر"))
A61: 58 | B61: الاستثمار | C61: عقود الاستحواذ الجديدة | D61: شهري | E61: تراكمي | F61: ↑ | G61: 100 | T61: =IF(COUNT($H61:$S61)=0,"",SUM($H61:$S61)) | U61: =IF($G61="","",IF($T61="","",MIN(1,IF($G61=0,IF($T61<=0,1,0),IF($F61="↓",IFERROR($G61/$T61,0),IFERROR($T61/$G61,0)))))) | V61: =IF($U61="","⏳ بانتظار هدف",IF($U61>=1.0,"✅ محقق",IF($U61>=0.85,"🟡 قريب","🔴 تحت الهدف"))) | W61: =IF($G61="","",$G61*COUNT($H61:$S61)/12) | X61: =IF($U61="","—",IF($U61>=COUNT($H61:$S61)/12,"🟢 على المسار","🟠 متأخّر"))
A62: 59 | B62: الاستثمار | C62: المحطات المستحوَذ عليها المشغّلة (تراكمي) | D62: شهري | E62: لقطة | F62: ↑ | G62: 120 | T62: =IFERROR(LOOKUP(2,1/($H62:$S62<>""),$H62:$S62),"") | U62: =IF($G62="","",IF($T62="","",MIN(1,IF($G62=0,IF($T62<=0,1,0),IF($F62="↓",IFERROR($G62/$T62,0),IFERROR($T62/$G62,0)))))) | V62: =IF($U62="","⏳ بانتظار هدف",IF($U62>=1.0,"✅ محقق",IF($U62>=0.85,"🟡 قريب","🔴 تحت الهدف"))) | W62: =IF($G62="","",$G62) | X62: =IF($U62="","—",IF($U62>=0.85,"🟢 على المسار","🟠 متأخّر"))
A63: 60 | B63: الاستثمار | C63: عقود تأجير الأرض الجديدة | D63: شهري | E63: تراكمي | F63: ↑ | G63: 11 | T63: =IF(COUNT($H63:$S63)=0,"",SUM($H63:$S63)) | U63: =IF($G63="","",IF($T63="","",MIN(1,IF($G63=0,IF($T63<=0,1,0),IF($F63="↓",IFERROR($G63/$T63,0),IFERROR($T63/$G63,0)))))) | V63: =IF($U63="","⏳ بانتظار هدف",IF($U63>=1.0,"✅ محقق",IF($U63>=0.85,"🟡 قريب","🔴 تحت الهدف"))) | W63: =IF($G63="","",$G63*COUNT($H63:$S63)/12) | X63: =IF($U63="","—",IF($U63>=COUNT($H63:$S63)/12,"🟢 على المسار","🟠 متأخّر"))
A64: 61 | B64: الاستثمار | C64: عقود إيجار المحطة الجديدة | D64: شهري | E64: تراكمي | F64: ↑ | G64: 12 | T64: =IF(COUNT($H64:$S64)=0,"",SUM($H64:$S64)) | U64: =IF($G64="","",IF($T64="","",MIN(1,IF($G64=0,IF($T64<=0,1,0),IF($F64="↓",IFERROR($G64/$T64,0),IFERROR($T64/$G64,0)))))) | V64: =IF($U64="","⏳ بانتظار هدف",IF($U64>=1.0,"✅ محقق",IF($U64>=0.85,"🟡 قريب","🔴 تحت الهدف"))) | W64: =IF($G64="","",$G64*COUNT($H64:$S64)/12) | X64: =IF($U64="","—",IF($U64>=COUNT($H64:$S64)/12,"🟢 على المسار","🟠 متأخّر"))
A65: 62 | B65: الاستثمار | C65: عقود تشغيل المحطة الجديدة | D65: شهري | E65: تراكمي | F65: ↑ | G65: 68 | T65: =IF(COUNT($H65:$S65)=0,"",SUM($H65:$S65)) | U65: =IF($G65="","",IF($T65="","",MIN(1,IF($G65=0,IF($T65<=0,1,0),IF($F65="↓",IFERROR($G65/$T65,0),IFERROR($T65/$G65,0)))))) | V65: =IF($U65="","⏳ بانتظار هدف",IF($U65>=1.0,"✅ محقق",IF($U65>=0.85,"🟡 قريب","🔴 تحت الهدف"))) | W65: =IF($G65="","",$G65*COUNT($H65:$S65)/12) | X65: =IF($U65="","—",IF($U65>=COUNT($H65:$S65)/12,"🟢 على المسار","🟠 متأخّر"))
A66: 63 | B66: الاستثمار | C66: نسبة المواقع المعتمدة ذات العائد المجدي | D66: شهري | E66: معدل | F66: ↑ | G66: 0.8 | T66: =IF(COUNT($H66:$S66)=0,"",SUM($H66:$S66)/COUNT($H66:$S66)) | U66: =IF($G66="","",IF($T66="","",MIN(1,IF($G66=0,IF($T66<=0,1,0),IF($F66="↓",IFERROR($G66/$T66,0),IFERROR($T66/$G66,0)))))) | V66: =IF($U66="","⏳ بانتظار هدف",IF($U66>=1.0,"✅ محقق",IF($U66>=0.85,"🟡 قريب","🔴 تحت الهدف"))) | W66: =IF($G66="","",$G66) | X66: =IF($U66="","—",IF($U66>=0.85,"🟢 على المسار","🟠 متأخّر"))
A67: 64 | B67: الاستثمار | C67: متوسط فترة استرداد رأس المال | D67: شهري | E67: معدل | F67: ↓ | G67: 5 | T67: =IF(COUNT($H67:$S67)=0,"",SUM($H67:$S67)/COUNT($H67:$S67)) | U67: =IF($G67="","",IF($T67="","",MIN(1,IF($G67=0,IF($T67<=0,1,0),IF($F67="↓",IFERROR($G67/$T67,0),IFERROR($T67/$G67,0)))))) | V67: =IF($U67="","⏳ بانتظار هدف",IF($U67>=1.0,"✅ محقق",IF($U67>=0.85,"🟡 قريب","🔴 تحت الهدف"))) | W67: =IF($G67="","",$G67) | X67: =IF($U67="","—",IF($U67>=0.85,"🟢 على المسار","🟠 متأخّر"))
A68: 65 | B68: الاستثمار | C68: متوسط قيمة عقد الإيجار السنوي (أرض) | D68: شهري | E68: معدل | F68: ↑ | T68: =IF(COUNT($H68:$S68)=0,"",SUM($H68:$S68)/COUNT($H68:$S68)) | U68: =IF($G68="","",IF($T68="","",MIN(1,IF($G68=0,IF($T68<=0,1,0),IF($F68="↓",IFERROR($G68/$T68,0),IFERROR($T68/$G68,0)))))) | V68: =IF($U68="","⏳ بانتظار هدف",IF($U68>=1.0,"✅ محقق",IF($U68>=0.85,"🟡 قريب","🔴 تحت الهدف"))) | W68: =IF($G68="","",$G68) | X68: =IF($U68="","—",IF($U68>=0.85,"🟢 على المسار","🟠 متأخّر"))
A69: 66 | B69: الاستثمار | C69: نسبة العقود التي تغطي المناطق الـ13 | D69: شهري | E69: لقطة | F69: ↑ | G69: 1 | T69: =IFERROR(LOOKUP(2,1/($H69:$S69<>""),$H69:$S69),"") | U69: =IF($G69="","",IF($T69="","",MIN(1,IF($G69=0,IF($T69<=0,1,0),IF($F69="↓",IFERROR($G69/$T69,0),IFERROR($T69/$G69,0)))))) | V69: =IF($U69="","⏳ بانتظار هدف",IF($U69>=1.0,"✅ محقق",IF($U69>=0.85,"🟡 قريب","🔴 تحت الهدف"))) | W69: =IF($G69="","",$G69) | X69: =IF($U69="","—",IF($U69>=0.85,"🟢 على المسار","🟠 متأخّر"))
A70: 67 | B70: الاستثمار | C70: نسبة العقود خارج المدن الرئيسية | D70: شهري | E70: لقطة | F70: ↑ | G70: 0.6 | T70: =IFERROR(LOOKUP(2,1/($H70:$S70<>""),$H70:$S70),"") | U70: =IF($G70="","",IF($T70="","",MIN(1,IF($G70=0,IF($T70<=0,1,0),IF($F70="↓",IFERROR($G70/$T70,0),IFERROR($T70/$G70,0)))))) | V70: =IF($U70="","⏳ بانتظار هدف",IF($U70>=1.0,"✅ محقق",IF($U70>=0.85,"🟡 قريب","🔴 تحت الهدف"))) | W70: =IF($G70="","",$G70) | X70: =IF($U70="","—",IF($U70>=0.85,"🟢 على المسار","🟠 متأخّر"))
A71: 68 | B71: الاستثمار | C71: نسبة العقود في الـ12 مدينة الرئيسية | D71: شهري | E71: لقطة | F71: ↓ | G71: 0.4 | T71: =IFERROR(LOOKUP(2,1/($H71:$S71<>""),$H71:$S71),"") | U71: =IF($G71="","",IF($T71="","",MIN(1,IF($G71=0,IF($T71<=0,1,0),IF($F71="↓",IFERROR($G71/$T71,0),IFERROR($T71/$G71,0)))))) | V71: =IF($U71="","⏳ بانتظار هدف",IF($U71>=1.0,"✅ محقق",IF($U71>=0.85,"🟡 قريب","🔴 تحت الهدف"))) | W71: =IF($G71="","",$G71) | X71: =IF($U71="","—",IF($U71>=0.85,"🟢 على المسار","🟠 متأخّر"))
A72: 69 | B72: الاستثمار | C72: نسبة العقود على الطرق الإقليمية | D72: شهري | E72: لقطة | F72: ↑ | G72: 0.25 | T72: =IFERROR(LOOKUP(2,1/($H72:$S72<>""),$H72:$S72),"") | U72: =IF($G72="","",IF($T72="","",MIN(1,IF($G72=0,IF($T72<=0,1,0),IF($F72="↓",IFERROR($G72/$T72,0),IFERROR($T72/$G72,0)))))) | V72: =IF($U72="","⏳ بانتظار هدف",IF($U72>=1.0,"✅ محقق",IF($U72>=0.85,"🟡 قريب","🔴 تحت الهدف"))) | W72: =IF($G72="","",$G72) | X72: =IF($U72="","—",IF($U72>=0.85,"🟢 على المسار","🟠 متأخّر"))
A73: 70 | B73: الاستثمار | C73: متوسط مدة إغلاق عقد الاستثمار | D73: شهري | E73: معدل | F73: ↓ | G73: 1 | T73: =IF(COUNT($H73:$S73)=0,"",SUM($H73:$S73)/COUNT($H73:$S73)) | U73: =IF($G73="","",IF($T73="","",MIN(1,IF($G73=0,IF($T73<=0,1,0),IF($F73="↓",IFERROR($G73/$T73,0),IFERROR($T73/$G73,0)))))) | V73: =IF($U73="","⏳ بانتظار هدف",IF($U73>=1.0,"✅ محقق",IF($U73>=0.85,"🟡 قريب","🔴 تحت الهدف"))) | W73: =IF($G73="","",$G73) | X73: =IF($U73="","—",IF($U73>=0.85,"🟢 على المسار","🟠 متأخّر"))
A74: 71 | B74: الاستثمار | C74: نسبة العقود المتحوّلة لمحطات مشغّلة | D74: شهري | E74: معدل | F74: ↑ | G74: 0.3 | T74: =IF(COUNT($H74:$S74)=0,"",SUM($H74:$S74)/COUNT($H74:$S74)) | U74: =IF($G74="","",IF($T74="","",MIN(1,IF($G74=0,IF($T74<=0,1,0),IF($F74="↓",IFERROR($G74/$T74,0),IFERROR($T74/$G74,0)))))) | V74: =IF($U74="","⏳ بانتظار هدف",IF($U74>=1.0,"✅ محقق",IF($U74>=0.85,"🟡 قريب","🔴 تحت الهدف"))) | W74: =IF($G74="","",$G74) | X74: =IF($U74="","—",IF($U74>=0.85,"🟢 على المسار","🟠 متأخّر"))
A75: 72 | B75: الاستثمار | C75: نسبة تخفيض إيجار المواقع عالية التكاليف | D75: شهري | E75: معدل | F75: ↑ | G75: 0.3 | T75: =IF(COUNT($H75:$S75)=0,"",SUM($H75:$S75)/COUNT($H75:$S75)) | U75: =IF($G75="","",IF($T75="","",MIN(1,IF($G75=0,IF($T75<=0,1,0),IF($F75="↓",IFERROR($G75/$T75,0),IFERROR($T75/$G75,0)))))) | V75: =IF($U75="","⏳ بانتظار هدف",IF($U75>=1.0,"✅ محقق",IF($U75>=0.85,"🟡 قريب","🔴 تحت الهدف"))) | W75: =IF($G75="","",$G75) | X75: =IF($U75="","—",IF($U75>=0.85,"🟢 على المسار","🟠 متأخّر"))
A76: 73 | B76: الاستثمار | C76: نسبة اكتمال المستندات النظامية قبل التوقيع | D76: شهري | E76: معدل | F76: ↑ | G76: 1 | T76: =IF(COUNT($H76:$S76)=0,"",SUM($H76:$S76)/COUNT($H76:$S76)) | U76: =IF($G76="","",IF($T76="","",MIN(1,IF($G76=0,IF($T76<=0,1,0),IF($F76="↓",IFERROR($G76/$T76,0),IFERROR($T76/$G76,0)))))) | V76: =IF($U76="","⏳ بانتظار هدف",IF($U76>=1.0,"✅ محقق",IF($U76>=0.85,"🟡 قريب","🔴 تحت الهدف"))) | W76: =IF($G76="","",$G76) | X76: =IF($U76="","—",IF($U76>=0.85,"🟢 على المسار","🟠 متأخّر"))
A77: 74 | B77: الاستثمار | C77: نسبة العقود المؤرشفة إلكترونياً خلال 48 ساعة | D77: شهري | E77: معدل | F77: ↑ | G77: 0.95 | T77: =IF(COUNT($H77:$S77)=0,"",SUM($H77:$S77)/COUNT($H77:$S77)) | U77: =IF($G77="","",IF($T77="","",MIN(1,IF($G77=0,IF($T77<=0,1,0),IF($F77="↓",IFERROR($G77/$T77,0),IFERROR($T77/$G77,0)))))) | V77: =IF($U77="","⏳ بانتظار هدف",IF($U77>=1.0,"✅ محقق",IF($U77>=0.85,"🟡 قريب","🔴 تحت الهدف"))) | W77: =IF($G77="","",$G77) | X77: =IF($U77="","—",IF($U77>=0.85,"🟢 على المسار","🟠 متأخّر"))
A78: 75 | B78: الاستثمار | C78: جودة التفاوض مع المستثمرين | D78: شهري | E78: معدل | F78: ↑ | G78: 0.98 | T78: =IF(COUNT($H78:$S78)=0,"",SUM($H78:$S78)/COUNT($H78:$S78)) | U78: =IF($G78="","",IF($T78="","",MIN(1,IF($G78=0,IF($T78<=0,1,0),IF($F78="↓",IFERROR($G78/$T78,0),IFERROR($T78/$G78,0)))))) | V78: =IF($U78="","⏳ بانتظار هدف",IF($U78>=1.0,"✅ محقق",IF($U78>=0.85,"🟡 قريب","🔴 تحت الهدف"))) | W78: =IF($G78="","",$G78) | X78: =IF($U78="","—",IF($U78>=0.85,"🟢 على المسار","🟠 متأخّر"))
A79: 76 | B79: الاستثمار | C79: سرعة إنجاز إجراءات التعاقد | D79: شهري | E79: معدل | F79: ↓ | G79: 1 | T79: =IF(COUNT($H79:$S79)=0,"",SUM($H79:$S79)/COUNT($H79:$S79)) | U79: =IF($G79="","",IF($T79="","",MIN(1,IF($G79=0,IF($T79<=0,1,0),IF($F79="↓",IFERROR($G79/$T79,0),IFERROR($T79/$G79,0)))))) | V79: =IF($U79="","⏳ بانتظار هدف",IF($U79>=1.0,"✅ محقق",IF($U79>=0.85,"🟡 قريب","🔴 تحت الهدف"))) | W79: =IF($G79="","",$G79) | X79: =IF($U79="","—",IF($U79>=0.85,"🟢 على المسار","🟠 متأخّر"))
A80: 77 | B80: الاستثمار | C80: مدى رضا المستثمرين وشركاء الاستثمار | D80: ربعي | E80: معدل | F80: ↑ | G80: 0.8 | T80: =IF(COUNT($H80:$S80)=0,"",SUM($H80:$S80)/COUNT($H80:$S80)) | U80: =IF($G80="","",IF($T80="","",MIN(1,IF($G80=0,IF($T80<=0,1,0),IF($F80="↓",IFERROR($G80/$T80,0),IFERROR($T80/$G80,0)))))) | V80: =IF($U80="","⏳ بانتظار هدف",IF($U80>=0.9,"✅ محقق",IF($U80>=0.75,"🟡 قريب","🔴 تحت الهدف"))) | W80: =IF($G80="","",$G80) | X80: =IF($U80="","—",IF($U80>=0.75,"🟢 على المسار","🟠 متأخّر"))
A81: 78 | B81: الاستثمار | C81: نسبة اكتمال أرشفة ملفات العملاء | D81: شهري | E81: معدل | F81: ↑ | G81: 1 | T81: =IF(COUNT($H81:$S81)=0,"",SUM($H81:$S81)/COUNT($H81:$S81)) | U81: =IF($G81="","",IF($T81="","",MIN(1,IF($G81=0,IF($T81<=0,1,0),IF($F81="↓",IFERROR($G81/$T81,0),IFERROR($T81/$G81,0)))))) | V81: =IF($U81="","⏳ بانتظار هدف",IF($U81>=1.0,"✅ محقق",IF($U81>=0.85,"🟡 قريب","🔴 تحت الهدف"))) | W81: =IF($G81="","",$G81) | X81: =IF($U81="","—",IF($U81>=0.85,"🟢 على المسار","🟠 متأخّر"))
A82: 79 | B82: الاستثمار | C82: نسبة إنجاز التقارير الدورية في موعدها | D82: شهري | E82: معدل | F82: ↑ | G82: 1 | T82: =IF(COUNT($H82:$S82)=0,"",SUM($H82:$S82)/COUNT($H82:$S82)) | U82: =IF($G82="","",IF($T82="","",MIN(1,IF($G82=0,IF($T82<=0,1,0),IF($F82="↓",IFERROR($G82/$T82,0),IFERROR($T82/$G82,0)))))) | V82: =IF($U82="","⏳ بانتظار هدف",IF($U82>=1.0,"✅ محقق",IF($U82>=0.85,"🟡 قريب","🔴 تحت الهدف"))) | W82: =IF($G82="","",$G82) | X82: =IF($U82="","—",IF($U82>=0.85,"🟢 على المسار","🟠 متأخّر"))
A83: 80 | B83: العقار | C83: نمو الإيرادات الإيجارية | D83: ربعي | E83: معدل | F83: ↑ | G83: 0.08 | T83: =IF(COUNT($H83:$S83)=0,"",SUM($H83:$S83)/COUNT($H83:$S83)) | U83: =IF($G83="","",IF($T83="","",MIN(1,IF($G83=0,IF($T83<=0,1,0),IF($F83="↓",IFERROR($G83/$T83,0),IFERROR($T83/$G83,0)))))) | V83: =IF($U83="","⏳ بانتظار هدف",IF($U83>=1.0,"✅ محقق",IF($U83>=0.85,"🟡 قريب","🔴 تحت الهدف"))) | W83: =IF($G83="","",$G83) | X83: =IF($U83="","—",IF($U83>=0.85,"🟢 على المسار","🟠 متأخّر"))
A84: 81 | B84: العقار | C84: نسبة الالتزام بالعقود | D84: شهري | E84: معدل | F84: ↑ | G84: 1 | T84: =IF(COUNT($H84:$S84)=0,"",SUM($H84:$S84)/COUNT($H84:$S84)) | U84: =IF($G84="","",IF($T84="","",MIN(1,IF($G84=0,IF($T84<=0,1,0),IF($F84="↓",IFERROR($G84/$T84,0),IFERROR($T84/$G84,0)))))) | V84: =IF($U84="","⏳ بانتظار هدف",IF($U84>=1.0,"✅ محقق",IF($U84>=0.85,"🟡 قريب","🔴 تحت الهدف"))) | W84: =IF($G84="","",$G84) | X84: =IF($U84="","—",IF($U84>=0.85,"🟢 على المسار","🟠 متأخّر"))
A85: 82 | B85: العقار | C85: نسبة تحصيل الإيجارات | D85: شهري | E85: معدل | F85: ↑ | G85: 0.95 | T85: =IF(COUNT($H85:$S85)=0,"",SUM($H85:$S85)/COUNT($H85:$S85)) | U85: =IF($G85="","",IF($T85="","",MIN(1,IF($G85=0,IF($T85<=0,1,0),IF($F85="↓",IFERROR($G85/$T85,0),IFERROR($T85/$G85,0)))))) | V85: =IF($U85="","⏳ بانتظار هدف",IF($U85>=1.0,"✅ محقق",IF($U85>=0.85,"🟡 قريب","🔴 تحت الهدف"))) | W85: =IF($G85="","",$G85) | X85: =IF($U85="","—",IF($U85>=0.85,"🟢 على المسار","🟠 متأخّر"))
A86: 83 | B86: العقار | C86: نسبة الإشغال | D86: شهري | E86: معدل | F86: ↑ | G86: 0.6 | T86: =IF(COUNT($H86:$S86)=0,"",SUM($H86:$S86)/COUNT($H86:$S86)) | U86: =IF($G86="","",IF($T86="","",MIN(1,IF($G86=0,IF($T86<=0,1,0),IF($F86="↓",IFERROR($G86/$T86,0),IFERROR($T86/$G86,0)))))) | V86: =IF($U86="","⏳ بانتظار هدف",IF($U86>=1.0,"✅ محقق",IF($U86>=0.85,"🟡 قريب","🔴 تحت الهدف"))) | W86: =IF($G86="","",$G86) | X86: =IF($U86="","—",IF($U86>=0.85,"🟢 على المسار","🟠 متأخّر"))
A87: 84 | B87: العقار | C87: الوحدات المؤجَّرة شهرياً | D87: شهري | E87: معدل | F87: ↑ | G87: 68 | T87: =IF(COUNT($H87:$S87)=0,"",SUM($H87:$S87)/COUNT($H87:$S87)) | U87: =IF($G87="","",IF($T87="","",MIN(1,IF($G87=0,IF($T87<=0,1,0),IF($F87="↓",IFERROR($G87/$T87,0),IFERROR($T87/$G87,0)))))) | V87: =IF($U87="","⏳ بانتظار هدف",IF($U87>=1.0,"✅ محقق",IF($U87>=0.85,"🟡 قريب","🔴 تحت الهدف"))) | W87: =IF($G87="","",$G87) | X87: =IF($U87="","—",IF($U87>=0.85,"🟢 على المسار","🟠 متأخّر"))
A88: 85 | B88: العقار | C88: العملاء المحتملون (LEADS) | D88: شهري | E88: معدل | F88: ↑ | G88: 680 | T88: =IF(COUNT($H88:$S88)=0,"",SUM($H88:$S88)/COUNT($H88:$S88)) | U88: =IF($G88="","",IF($T88="","",MIN(1,IF($G88=0,IF($T88<=0,1,0),IF($F88="↓",IFERROR($G88/$T88,0),IFERROR($T88/$G88,0)))))) | V88: =IF($U88="","⏳ بانتظار هدف",IF($U88>=1.0,"✅ محقق",IF($U88>=0.85,"🟡 قريب","🔴 تحت الهدف"))) | W88: =IF($G88="","",$G88) | X88: =IF($U88="","—",IF($U88>=0.85,"🟢 على المسار","🟠 متأخّر"))
A89: 86 | B89: العقار | C89: معدل التحويل | D89: شهري | E89: معدل | F89: ↑ | G89: 0.2 | T89: =IF(COUNT($H89:$S89)=0,"",SUM($H89:$S89)/COUNT($H89:$S89)) | U89: =IF($G89="","",IF($T89="","",MIN(1,IF($G89=0,IF($T89<=0,1,0),IF($F89="↓",IFERROR($G89/$T89,0),IFERROR($T89/$G89,0)))))) | V89: =IF($U89="","⏳ بانتظار هدف",IF($U89>=1.0,"✅ محقق",IF($U89>=0.85,"🟡 قريب","🔴 تحت الهدف"))) | W89: =IF($G89="","",$G89) | X89: =IF($U89="","—",IF($U89>=0.85,"🟢 على المسار","🟠 متأخّر"))
A90: 87 | B90: العقار | C90: زيادة عدد العلامات التجارية | D90: شهري | E90: لقطة | F90: ↑ | G90: 246 | T90: =IFERROR(LOOKUP(2,1/($H90:$S90<>""),$H90:$S90),"") | U90: =IF($G90="","",IF($T90="","",MIN(1,IF($G90=0,IF($T90<=0,1,0),IF($F90="↓",IFERROR($G90/$T90,0),IFERROR($T90/$G90,0)))))) | V90: =IF($U90="","⏳ بانتظار هدف",IF($U90>=1.0,"✅ محقق",IF($U90>=0.85,"🟡 قريب","🔴 تحت الهدف"))) | W90: =IF($G90="","",$G90) | X90: =IF($U90="","—",IF($U90>=0.85,"🟢 على المسار","🟠 متأخّر"))
A91: 88 | B91: العقار | C91: نسبة تأجير ساحة درب | D91: شهري | E91: لقطة | F91: ↑ | G91: 0.8 | T91: =IFERROR(LOOKUP(2,1/($H91:$S91<>""),$H91:$S91),"") | U91: =IF($G91="","",IF($T91="","",MIN(1,IF($G91=0,IF($T91<=0,1,0),IF($F91="↓",IFERROR($G91/$T91,0),IFERROR($T91/$G91,0)))))) | V91: =IF($U91="","⏳ بانتظار هدف",IF($U91>=1.0,"✅ محقق",IF($U91>=0.85,"🟡 قريب","🔴 تحت الهدف"))) | W91: =IF($G91="","",$G91) | X91: =IF($U91="","—",IF($U91>=0.85,"🟢 على المسار","🟠 متأخّر"))
A92: 89 | B92: العقار | C92: علامات تجارية جديدة (ساحة درب) | D92: شهري | E92: تراكمي | F92: ↑ | G92: 6 | T92: =IF(COUNT($H92:$S92)=0,"",SUM($H92:$S92)) | U92: =IF($G92="","",IF($T92="","",MIN(1,IF($G92=0,IF($T92<=0,1,0),IF($F92="↓",IFERROR($G92/$T92,0),IFERROR($T92/$G92,0)))))) | V92: =IF($U92="","⏳ بانتظار هدف",IF($U92>=1.0,"✅ محقق",IF($U92>=0.85,"🟡 قريب","🔴 تحت الهدف"))) | W92: =IF($G92="","",$G92*COUNT($H92:$S92)/12) | X92: =IF($U92="","—",IF($U92>=COUNT($H92:$S92)/12,"🟢 على المسار","🟠 متأخّر"))
A93: 90 | B93: العقار | C93: الشراكات الاستراتيجية | D93: شهري | E93: تراكمي | F93: ↑ | G93: 5 | T93: =IF(COUNT($H93:$S93)=0,"",SUM($H93:$S93)) | U93: =IF($G93="","",IF($T93="","",MIN(1,IF($G93=0,IF($T93<=0,1,0),IF($F93="↓",IFERROR($G93/$T93,0),IFERROR($T93/$G93,0)))))) | V93: =IF($U93="","⏳ بانتظار هدف",IF($U93>=1.0,"✅ محقق",IF($U93>=0.85,"🟡 قريب","🔴 تحت الهدف"))) | W93: =IF($G93="","",$G93*COUNT($H93:$S93)/12) | X93: =IF($U93="","—",IF($U93>=COUNT($H93:$S93)/12,"🟢 على المسار","🟠 متأخّر"))
A94: 91 | B94: العقار | C94: نسبة تجديد العقود | D94: شهري | E94: معدل | F94: ↑ | G94: 1 | T94: =IF(COUNT($H94:$S94)=0,"",SUM($H94:$S94)/COUNT($H94:$S94)) | U94: =IF($G94="","",IF($T94="","",MIN(1,IF($G94=0,IF($T94<=0,1,0),IF($F94="↓",IFERROR($G94/$T94,0),IFERROR($T94/$G94,0)))))) | V94: =IF($U94="","⏳ بانتظار هدف",IF($U94>=1.0,"✅ محقق",IF($U94>=0.85,"🟡 قريب","🔴 تحت الهدف"))) | W94: =IF($G94="","",$G94) | X94: =IF($U94="","—",IF($U94>=0.85,"🟢 على المسار","🟠 متأخّر"))
A95: 92 | B95: العقار | C95: متوسط زمن تسليم الوحدة | D95: شهري | E95: معدل | F95: ↓ | G95: 7 | T95: =IF(COUNT($H95:$S95)=0,"",SUM($H95:$S95)/COUNT($H95:$S95)) | U95: =IF($G95="","",IF($T95="","",MIN(1,IF($G95=0,IF($T95<=0,1,0),IF($F95="↓",IFERROR($G95/$T95,0),IFERROR($T95/$G95,0)))))) | V95: =IF($U95="","⏳ بانتظار هدف",IF($U95>=1.0,"✅ محقق",IF($U95>=0.85,"🟡 قريب","🔴 تحت الهدف"))) | W95: =IF($G95="","",$G95) | X95: =IF($U95="","—",IF($U95>=0.85,"🟢 على المسار","🟠 متأخّر"))
A96: 93 | B96: العقار | C96: نسبة إغلاق الطلبات خلال 3 أسابيع | D96: شهري | E96: معدل | F96: ↑ | G96: 0.9 | T96: =IF(COUNT($H96:$S96)=0,"",SUM($H96:$S96)/COUNT($H96:$S96)) | U96: =IF($G96="","",IF($T96="","",MIN(1,IF($G96=0,IF($T96<=0,1,0),IF($F96="↓",IFERROR($G96/$T96,0),IFERROR($T96/$G96,0)))))) | V96: =IF($U96="","⏳ بانتظار هدف",IF($U96>=1.0,"✅ محقق",IF($U96>=0.85,"🟡 قريب","🔴 تحت الهدف"))) | W96: =IF($G96="","",$G96) | X96: =IF($U96="","—",IF($U96>=0.85,"🟢 على المسار","🟠 متأخّر"))
A97: 94 | B97: العقار | C97: استدامة المستأجرين (لم يُنهَ مبكراً) | D97: شهري | E97: معدل | F97: ↑ | G97: 0.8 | T97: =IF(COUNT($H97:$S97)=0,"",SUM($H97:$S97)/COUNT($H97:$S97)) | U97: =IF($G97="","",IF($T97="","",MIN(1,IF($G97=0,IF($T97<=0,1,0),IF($F97="↓",IFERROR($G97/$T97,0),IFERROR($T97/$G97,0)))))) | V97: =IF($U97="","⏳ بانتظار هدف",IF($U97>=1.0,"✅ محقق",IF($U97>=0.85,"🟡 قريب","🔴 تحت الهدف"))) | W97: =IF($G97="","",$G97) | X97: =IF($U97="","—",IF($U97>=0.85,"🟢 على المسار","🟠 متأخّر"))
A98: 95 | B98: العقار | C98: معدل رضا المستأجرين (استبيان ربعي) | D98: ربعي | E98: معدل | F98: ↑ | G98: 0.9 | T98: =IF(COUNT($H98:$S98)=0,"",SUM($H98:$S98)/COUNT($H98:$S98)) | U98: =IF($G98="","",IF($T98="","",MIN(1,IF($G98=0,IF($T98<=0,1,0),IF($F98="↓",IFERROR($G98/$T98,0),IFERROR($T98/$G98,0)))))) | V98: =IF($U98="","⏳ بانتظار هدف",IF($U98>=0.9,"✅ محقق",IF($U98>=0.75,"🟡 قريب","🔴 تحت الهدف"))) | W98: =IF($G98="","",$G98) | X98: =IF($U98="","—",IF($U98>=0.75,"🟢 على المسار","🟠 متأخّر"))
A99: 96 | B99: إدارة المشاريع | C99: عدد محطات الشركة المُسلَّمة | D99: شهري | E99: تراكمي | F99: ↑ | G99: 20 | T99: =IF(COUNT($H99:$S99)=0,"",SUM($H99:$S99)) | U99: =IF($G99="","",IF($T99="","",MIN(1,IF($G99=0,IF($T99<=0,1,0),IF($F99="↓",IFERROR($G99/$T99,0),IFERROR($T99/$G99,0)))))) | V99: =IF($U99="","⏳ بانتظار هدف",IF($U99>=1.0,"✅ محقق",IF($U99>=0.85,"🟡 قريب","🔴 تحت الهدف"))) | W99: =IF($G99="","",$G99*COUNT($H99:$S99)/12) | X99: =IF($U99="","—",IF($U99>=COUNT($H99:$S99)/12,"🟢 على المسار","🟠 متأخّر"))
A100: 97 | B100: إدارة المشاريع | C100: نسبة إنجاز محفظة مشاريع التوسع | D100: شهري | E100: معدل | F100: ↑ | G100: 0.7 | T100: =IF(COUNT($H100:$S100)=0,"",SUM($H100:$S100)/COUNT($H100:$S100)) | U100: =IF($G100="","",IF($T100="","",MIN(1,IF($G100=0,IF($T100<=0,1,0),IF($F100="↓",IFERROR($G100/$T100,0),IFERROR($T100/$G100,0)))))) | V100: =IF($U100="","⏳ بانتظار هدف",IF($U100>=1.0,"✅ محقق",IF($U100>=0.85,"🟡 قريب","🔴 تحت الهدف"))) | W100: =IF($G100="","",$G100) | X100: =IF($U100="","—",IF($U100>=0.85,"🟢 على المسار","🟠 متأخّر"))
...

Sheet سجل المخاطر
A1: سجل المخاطر المؤسسية — مربوط بالمؤشرات (درجة الخطر = الاحتمال × الأثر)
A2: # | B2: الخطر | C2: الفئة | D2: الاحتمال (1-5) | E2: الأثر (1-5) | F2: درجة الخطر | G2: المستوى | H2: المؤشر المرتبط | I2: المالك | J2: إجراء التخفيف | K2: الحالة
A3: 1 | B3: تقلّب أسعار الوقود وضغط الهامش | C3: مالية/سوق | D3: 4 | E3: 5 | F3: =D3*E3 | G3: =IF(F3>=15,"🔴 عالي",IF(F3>=8,"🟠 متوسط","🟢 منخفض")) | H3: هامش EBITDA | I3: المدير المالي | J3: تنويع مصادر الدخل ومراجعة التسعير دورياً | K3: نشط
A4: 2 | B4: تعثّر تحصيل المستحقات | C4: مالية/ائتمان | D4: 3 | E4: 4 | F4: =D4*E4 | G4: =IF(F4>=15,"🔴 عالي",IF(F4>=8,"🟠 متوسط","🟢 منخفض")) | H4: نسبة التحصيل العام (الشركة) | I4: المدير المالي | J4: سياسة ائتمان أصرم ومتابعة DSO أسبوعياً | K4: نشط
A5: 3 | B5: اختراق/انقطاع الأنظمة الرقمية | C5: تقني/سيبراني | D5: 3 | E5: 5 | F5: =D5*E5 | G5: =IF(F5>=15,"🔴 عالي",IF(F5>=8,"🟠 متوسط","🟢 منخفض")) | H5: نسبة الامتثال للأمن السيبراني | I5: مدير التقنية | J5: معايير أمن سيبراني وخطة استمرارية الأعمال | K5: نشط
A6: 4 | B6: تأخّر مشاريع التحول الرقمي | C6: تقني/تشغيلي | D6: 4 | E6: 4 | F6: =D6*E6 | G6: =IF(F6>=15,"🔴 عالي",IF(F6>=8,"🟠 متوسط","🟢 منخفض")) | H6: نسبة إنجاز محفظة مشاريع التحول الرقمي | I6: مدير التقنية | J6: حوكمة PMO وتقارير معالم أسبوعية | K6: نشط
A7: 5 | B7: نقص الكوادر وتحديات السعودة | C7: موارد بشرية | D7: 3 | E7: 3 | F7: =D7*E7 | G7: =IF(F7>=15,"🔴 عالي",IF(F7>=8,"🟠 متوسط","🟢 منخفض")) | H7: نسبة السعودة / التوطين | I7: مدير الموارد البشرية | J7: خطة استقطاب وتطوير واستبقاء | K7: نشط
A8: 6 | B8: حوادث السلامة في المحطات | C8: تشغيلي/سلامة | D8: 2 | E8: 5 | F8: =D8*E8 | G8: =IF(F8>=15,"🔴 عالي",IF(F8>=8,"🟠 متوسط","🟢 منخفض")) | H8: الالتزام بمعايير السلامة داخل المحطة | I8: مدير التشغيل | J8: تدقيق سلامة دوري وتدريب الفرق | K8: نشط
A9: 7 | B9: عدم مطابقة جودة الوقود | C9: تشغيلي/جودة | D9: 2 | E9: 5 | F9: =D9*E9 | G9: =IF(F9>=15,"🔴 عالي",IF(F9>=8,"🟠 متوسط","🟢 منخفض")) | H9: نسبة مطابقة جودة الوقود | I9: مدير الجودة | J9: فحوصات مخبرية ومعايرة دورية | K9: نشط
A10: 8 | B10: تركّز جغرافي للعقود | C10: استراتيجي/توسع | D10: 3 | E10: 3 | F10: =D10*E10 | G10: =IF(F10>=15,"🔴 عالي",IF(F10>=8,"🟠 متوسط","🟢 منخفض")) | H10: نسبة العقود التي تغطي المناطق الـ13 | I10: مدير الاستثمار | J10: تنويع المواقع خارج المدن الرئيسية | K10: نشط
A11: 9 | B11: ضغط السيولة والتدفق النقدي | C11: مالية/سيولة | D11: 3 | E11: 4 | F11: =D11*E11 | G11: =IF(F11>=15,"🔴 عالي",IF(F11>=8,"🟠 متوسط","🟢 منخفض")) | H11: نسبة التدفق النقدي التشغيلي | I11: المدير المالي | J11: إدارة رأس المال العامل وخطوط ائتمان | K11: نشط
A12: 10 | B12: مخاطر الامتثال التنظيمي | C12: حوكمة/امتثال | D12: 2 | E12: 4 | F12: =D12*E12 | G12: =IF(F12>=15,"🔴 عالي",IF(F12>=8,"🟠 متوسط","🟢 منخفض")) | H12: الالتزام بمعايير وزارة الطاقة (تغطية 13 منطقة) | I12: المدير القانوني | J12: متابعة المتطلبات النظامية والاعتمادات | K12: نشط
A13: 11 | B13: انخفاض إشغال الوحدات العقارية | C13: عقاري/سوق | D13: 3 | E13: 3 | F13: =D13*E13 | G13: =IF(F13>=15,"🔴 عالي",IF(F13>=8,"🟠 متوسط","🟢 منخفض")) | H13: نسبة الإشغال | I13: مدير العقار | J13: تكثيف التأجير وتنويع المستأجرين | K13: نشط
A14: 12 | B14: تراجع سمعة العلامة والشكاوى | C14: سمعة/عملاء | D14: 2 | E14: 4 | F14: =D14*E14 | G14: =IF(F14>=15,"🔴 عالي",IF(F14>=8,"🟠 متوسط","🟢 منخفض")) | H14: مؤشر رضا العملاء العام (الشركة) | I14: مدير التسويق | J14: إدارة تجربة العميل ومعالجة الشكاوى بسرعة | K14: نشط

Sheet ESG والاستدامة
A1: ESG والاستدامة — البيئة · الاجتماعي · الحوكمة (متطلب حوكمة المؤسسات الكبرى)
A2: # | B2: المحور | C2: المؤشر | D2: الوحدة | E2: القطبية | F2: المستهدف | G2: نص المستهدف | H2: المُحقَّق | I2: نسبة التحقيق | J2: الحالة
A3: 1 | B3: E — البيئة | C3: نسبة التشجير داخل المحطات (معيار الوزارة) | D3: % | E3: ↑ | F3: 1 | G3: 100% | H3: 0.792 | I3: 0.792 | J3: 🔴 تحت الهدف
A4: 2 | B4: E — البيئة | C4: نسبة تخفيض انبعاثات الكربون (مقابل الأساس) | D4: % | E4: ↑ | F4: 0.1 | G4: ≥ 10% | H4: 0.098 | I4: 0.98 | J4: 🟡 قريب
A5: 3 | B5: E — البيئة | C5: كفاءة استهلاك الطاقة بالمحطات | D5: % | E5: ↑ | F5: 0.9 | G5: ≥ 90% | H5: 0.811 | I5: 0.90111111 | J5: 🟡 قريب
A6: 4 | B6: E — البيئة | C6: نسبة إدارة وإعادة تدوير المخلفات | D6: % | E6: ↑ | F6: 0.8 | G6: ≥ 80% | H6: 0.603 | I6: 0.75375 | J6: 🔴 تحت الهدف
A7: 5 | B7: E — البيئة | C7: حالات الانسكاب/التسرّب البيئي | D7: حالة | E7: ↓ | F7: 0 | G7: صفر | J7: ⏳ بانتظار هدف
A8: 6 | B8: S — الاجتماعي | C8: نسبة السعودة / التوطين | D8: % | E8: ↑ | F8: 0.3 | G8: ≥ 30% | H8: 0.249 | I8: 0.83 | J8: 🔴 تحت الهدف
A9: 7 | B9: S — الاجتماعي | C9: معدل حوادث السلامة (TRIR) | D9: معدل | E9: ↓ | F9: 0 | G9: ≈ صفر | J9: ⏳ بانتظار هدف
A10: 8 | B10: S — الاجتماعي | C10: مؤشر رضا الموظفين (eNPS) | D10: نقطة | E10: ↑ | F10: 30 | G10: ≥ 30 | H10: 27.5 | I10: 0.91666667 | J10: ✅ محقق
A11: 9 | B11: S — الاجتماعي | C11: متوسط ساعات التدريب لكل موظف | D11: ساعة | E11: ↑ | F11: 40 | G11: ≥ 40 | H11: 33.6 | I11: 0.84 | J11: 🔴 تحت الهدف
A12: 10 | B12: S — الاجتماعي | C12: مبادرات المسؤولية المجتمعية | D12: مبادرة | E12: ↑ | F12: 6 | G12: ≥ 6 | H12: 5.225 | I12: 0.87083333 | J12: 🟡 قريب
A13: 11 | B13: G — الحوكمة | C13: نسبة الالتزام بالامتثال التنظيمي | D13: % | E13: ↑ | F13: 1 | G13: 100% | H13: 0.766 | I13: 0.766 | J13: 🔴 تحت الهدف
A14: 12 | B14: G — الحوكمة | C14: نسبة اعتماد السياسات والإجراءات | D14: % | E14: ↑ | F14: 0.95 | G14: ≥ 95% | H14: 0.817 | I14: 0.86 | J14: 🟡 قريب
A15: 13 | B15: G — الحوكمة | C15: نسبة إغلاق ملاحظات التدقيق الداخلي | D15: % | E15: ↑ | F15: 0.9 | G15: ≥ 90% | H15: 0.902 | I15: 1 | J15: ✅ محقق
A16: 14 | B16: G — الحوكمة | C16: نسبة الإفصاح والشفافية | D16: % | E16: ↑ | F16: 0.95 | G16: ≥ 95% | H16: 0.979 | I16: 1 | J16: ✅ محقق

Sheet مراجعة وحوكمة المؤشرات
A1: مراجعة وحوكمة المؤشرات — التوازن · النوع · الأوزان · تغطية الأهداف
A3: أ) لكل إدارة: العدد · مجموع الأوزان · النوع
A4: # | B4: الإدارة | C4: عدد المؤشرات | D4: مجموع الأوزان | E4: 🎯 نتيجة | F4: ⚙️ نشاط | G4: 🔧 تشغيلي
A5: 1 | B5: الإدارة التنفيذية | C5: 10 | D5: 1 | E5: 5 | F5: 1 | G5: 4
A6: 2 | B6: الامتياز التجاري | C6: 29 | D6: 1 | E6: 18 | F6: 5 | G6: 6
A7: 3 | B7: التشغيل والمحطات | C7: 16 | D7: 1 | E7: 9 | F7: 1 | G7: 6
A8: 4 | B8: الاستثمار | C8: 24 | D8: 1 | E8: 4 | F8: 3 | G8: 17
A9: 5 | B9: العقار | C9: 16 | D9: 1 | E9: 8 | F9: 1 | G9: 7
A10: 6 | B10: إدارة المشاريع | C10: 15 | D10: 1 | E10: 7 | F10: 4 | G10: 4
A11: 7 | B11: سلاسل الإمداد | C11: 12 | D11: 1 | E11: 5 | F11: 1 | G11: 6
A12: 8 | B12: الصيانة والأتمتة | C12: 10 | D12: 1 | E12: 4 | F12: 1 | G12: 5
A13: 9 | B13: التقنية الرقمية | C13: 12 | D13: 1 | E13: 6 | F13: 1 | G13: 5
A14: 10 | B14: الموارد البشرية | C14: 12 | D14: 1 | E14: 7 | F14: 1 | G14: 4
A15: 11 | B15: التسويق | C15: 15 | D15: 1 | E15: 4 | F15: 3 | G15: 8
A16: 12 | B16: الجودة | C16: 14 | D16: 1 | E16: 6 | F16: 3 | G16: 5
... A18: 14 | B18: الإدارة المالية | C18: 24 | D18: 1 | E18: 14 | F18: 0 | G18: 10
A20: ب) توزيع منظورات Balanced Scorecard
A21: # | B21: المنظور | C21: عدد المؤشرات | D21: النسبة
A22: 1 | B22: مالي | C22: 33 | D22: 0.149
A23: 2 | B23: العملاء | C23: 24 | D23: 0.108
A24: 3 | B24: العمليات الداخلية | C24: 141 | D24: 0.635
A25: 4 | B25: التعلّم والنمو | C25: 24 | D25: 0.108
A27: ج) تغطية الأهداف الاستراتيجية (عدد المؤشرات لكل مشروع)
A28: # | B28: المشروع/الهدف | C28: الركيزة | D28: عدد المؤشرات | E28: التغطية
A29: 1 | B29: التوسع في المواقع | C29: النمو | D29: 25 | E29: 🟢 كافية
A30: 2 | B30: الامتياز التجاري | C30: النمو | D30: 12 | E30: 🟢 كافية
A31: 3 | B31: زيادة وصول العملاء | C31: النمو | D31: 21 | E31: 🟢 كافية
A32: 4 | B32: إطلاق مشاريع جديدة | C32: الابتكار | D32: 4 | E32: 🟢 كافية
A33: 5 | B33: تطوير التصاميم والهوية | C33: الابتكار | D33: 2 | E33: 🟡 ضعيفة
A34: 6 | B34: التحول التقني | C34: الابتكار | D34: 19 | E34: 🟢 كافية
A35: 7 | B35: ساحات درب | C35: الابتكار | D35: 2 | E35: 🟡 ضعيفة
A36: 8 | B36: تطبيق «تانكي» | C36: الابتكار | D36: 2 | E36: 🟡 ضعيفة
A37: 9 | B37: تعزيز تجربة العملاء | C37: الاستدامة | D37: 16 | E37: 🟢 كافية
A38: 10 | B38: جودة التشغيل | C38: الاستدامة | D38: 96 | E38: 🟢 كافية
A39: 11 | B39: منظومة التأجير | C39: الاستدامة | D39: 10 | E39: 🟢 كافية
A40: 12 | B40: الاستثمار في الموظفين | C40: الاستدامة | D40: 13 | E40: 🟢 كافية

Sheet بطاقة تعريف المؤشرات
A1: بطاقة تعريف المؤشرات — قاموس البيانات والحوكمة (مالك · مصدر · دورية · تعريف · احتساب · اعتماد)
A2: # | B2: الإدارة | C2: المؤشر | D2: التعريف | E2: طريقة الاحتساب | F2: النوع | G2: الهدف الاستراتيجي (ركيزة · مشروع) | H2: منظور BSC | I2: الوزن | J2: المالك | K2: مصدر البيانات | L2: الدورية | M2: جهة اعتماد البيانات | N2: آخر تحديث للبيانات
A3: 1 | B3: الإدارة التنفيذية | C3: إجمالي المحطات المشغّلة — الشركة (تراكمي) | D3: يقيس إجمالي المحطات المشغّلة — الشركة (تراكمي) ضمن محور «النمو»، ويعكس مساهمة الإدارة في ركيزة النمو. | E3: إجمالي العدد خلال الفترة | F3: 🔧 تشغيلي | G3: النمو · التوسع في المواقع | H3: العمليات الداخلية | I3: 0.12 | J3: الرئيس التنفيذي | K3: نظام تشغيل المحطات | L3: شهري | M3: اللجنة التنفيذية
A4: 2 | B4: الإدارة التنفيذية | C4: إجمالي العقود الجديدة — الشركة | D4: يقيس إجمالي العقود الجديدة — الشركة ضمن محور «النمو»، ويعكس مساهمة الإدارة في ركيزة النمو. | E4: إجمالي العدد خلال الفترة | F4: 🔧 تشغيلي | G4: النمو · الامتياز التجاري | H4: العمليات الداخلية | I4: 0.12 | J4: الرئيس التنفيذي | K4: نظام إدارة العقود (CRM) | L4: شهري | M4: اللجنة التنفيذية
A5: 3 | B5: الإدارة التنفيذية | C5: نسبة نمو إيرادات الشركة (سنوي) | D5: يقيس نسبة نمو إيرادات الشركة (سنوي) ضمن محور «النمو»، ويعكس مساهمة الإدارة في ركيزة النمو. | E5: (المتحقّق ÷ الإجمالي) × 100٪ | F5: 🎯 نتيجة | G5: النمو · زيادة وصول العملاء | H5: مالي | I5: 0.12 | J5: الرئيس التنفيذي | K5: نظام المحاسبة / ERP (D365) | L5: شهري | M5: اللجنة التنفيذية
A6: 4 | B6: الإدارة التنفيذية | C6: نسبة إنجاز مشاريع الخارطة التنفيذية | D6: يقيس نسبة إنجاز مشاريع الخارطة التنفيذية ضمن محور «الابتكار»، ويعكس مساهمة الإدارة في ركيزة الابتكار. | E6: (المتحقّق ÷ الإجمالي) × 100٪ | F6: ⚙️ نشاط | G6: الابتكار · إطلاق مشاريع جديدة | H6: العمليات الداخلية | I6: 0.08 | J6: الرئيس التنفيذي | K6: سجلات الإدارة | L6: شهري | M6: اللجنة التنفيذية
A7: 5 | B7: الإدارة التنفيذية | C7: نسبة التحول الرقمي على مستوى الشركة | D7: يقيس نسبة التحول الرقمي على مستوى الشركة ضمن محور «الابتكار»، ويعكس مساهمة الإدارة في ركيزة الابتكار. | E7: (المتحقّق ÷ الإجمالي) × 100٪ | F7: 🔧 تشغيلي | G7: الابتكار · التحول التقني | H7: التعلّم والنمو | I7: 0.08 | J7: الرئيس التنفيذي | K7: سجلات الإدارة | L7: شهري | M7: اللجنة التنفيذية
A8: 6 | B8: الإدارة التنفيذية | C8: مؤشر رضا العملاء العام (الشركة) | D8: يقيس مؤشر رضا العملاء العام (الشركة) ضمن محور «الاستدامة»، ويعكس مساهمة الإدارة في ركيزة الاستدامة. | E8: (المتحقّق ÷ الإجمالي) × 100٪ | F8: 🎯 نتيجة | G8: الاستدامة · تعزيز تجربة العملاء | H8: العملاء | I8: 0.12 | J8: الرئيس التنفيذي | K8: استبيان دوري | L8: ربعي | M8: اللجنة التنفيذية
A9: 7 | B9: الإدارة التنفيذية | C9: مؤشر رضا الموظفين العام (eNPS) | D9: يقيس مؤشر رضا الموظفين العام (eNPS) ضمن محور «الاستدامة»، ويعكس مساهمة الإدارة في ركيزة الاستدامة. | E9: ٪ المروّجين − ٪ المنتقدين | F9: 🎯 نتيجة | G9: الاستدامة · الاستثمار في الموظفين | H9: التعلّم والنمو | I9: 0.12 | J9: الرئيس التنفيذي | K9: استبيان دوري | L9: ربعي | M9: اللجنة التنفيذية
A10: 8 | B10: الإدارة التنفيذية | C10: نسبة تحقيق المستهدفات الاستراتيجية العامة | D10: يقيس نسبة تحقيق المستهدفات الاستراتيجية العامة ضمن محور «الاستدامة»، ويعكس مساهمة الإدارة في ركيزة الاستدامة. | E10: (المتحقّق ÷ الإجمالي) × 100٪ | F10: 🔧 تشغيلي | G10: الاستدامة · جودة التشغيل | H10: العمليات الداخلية | I10: 0.08 | J10: الرئيس التنفيذي | K10: نظام إدارة القضايا والتحقيقات | L10: شهري | M10: اللجنة التنفيذية
A11: 9 | B11: الإدارة التنفيذية | C11: نسبة الالتزام بإطار الحوكمة المؤسسية والامتثال التنظيمي | D11: يقيس نسبة الالتزام بإطار الحوكمة المؤسسية والامتثال التنظيمي ضمن محور «الحوكمة»، ويعكس مساهمة الإدارة في ركيزة الاستدامة. | E11: (المتحقّق ÷ الإجمالي) × 100٪ | F11: 🎯 نتيجة | G11: الاستدامة · جودة التشغيل | H11: العمليات الداخلية | I11: 0.08 | J11: الرئيس التنفيذي | K11: نظام إدارة الجودة (QMS) | L11: شهري | M11: اللجنة التنفيذية
A12: 10 | B12: الإدارة التنفيذية | C12: الالتزام بمعايير وزارة الطاقة (تغطية 13 منطقة) | D12: يقيس الالتزام بمعايير وزارة الطاقة (تغطية 13 منطقة) ضمن محور «النمو»، ويعكس مساهمة الإدارة في ركيزة النمو. | E12: (المتحقّق ÷ الإجمالي) × 100٪ | F12: 🎯 نتيجة | G12: النمو · التوسع في المواقع | H12: العمليات الداخلية | I12: 0.08 | J12: الرئيس التنفيذي | K12: سجلات الإدارة | L12: شهري | M12: اللجنة التنفيذية
A13: 11 | B13: الامتياز التجاري | C13: عدد محطات الامتياز المشغّلة (تراكمي) | D13: يقيس عدد محطات الامتياز المشغّلة (تراكمي) ضمن محور «النمو والتوسع»، ويعكس مساهمة الإدارة في ركيزة النمو. | E13: إجمالي العدد خلال الفترة | F13: ⚙️ نشاط | G13: النمو · التوسع في المواقع | H13: العمليات الداخلية | I13: 0.04 | J13: مدير الامتياز | K13: نظام إدارة العقود (CRM) | L13: شهري | M13: مدير الامتياز
A14: 12 | B14: الامتياز التجاري | C14: عدد عقود الامتياز الجديدة الموقّعة | D14: يقيس عدد عقود الامتياز الجديدة الموقّعة ضمن محور «النمو والتوسع»، ويعكس مساهمة الإدارة في ركيزة النمو. | E14: إجمالي العدد خلال الفترة | F14: ⚙️ نشاط | G14: النمو · الامتياز التجاري | H14: العمليات الداخلية | I14: 0.04 | J14: مدير الامتياز | K14: نظام إدارة العقود (CRM) | L14: شهري | M14: مدير الامتياز
... A224: 222 | B224: الإدارة المالية | C224: نسبة تسويات التدقيق | D224: يقيس نسبة تسويات التدقيق ضمن محور «الموازنة والتقارير»، ويعكس مساهمة الإدارة في ركيزة الاستدامة. | E224: (المتحقّق ÷ الإجمالي) × 100٪ | F224: 🔧 تشغيلي | G224: الاستدامة · جودة التشغيل | H224: العمليات الداخلية | I224: 0.03 | J224: المدير المالي | K224: نظام المحاسبة / ERP (D365) | L224: ربعي | M224: الإدارة المالية

Sheet الإدارة التنفيذية
A1: إدارة الإدارة التنفيذية · مؤشرات الأداء 2026
A2: 🟩 عمود «المُحقَّق» أرقام تجريبية — استبدلها بالفعلية · نسبة التحقيق والحالة دلّات تُحسب تلقائياً
A3: # | B3: المحور | C3: المؤشر | D3: الوحدة | E3: القطبية | F3: الأولوية | G3: الوزن % | H3: المستهدف | I3: نص المستهدف | J3: الركيزة | K3: المشروع | L3: منظور BSC | M3: المُحقَّق | N3: نسبة التحقيق | O3: الحالة | P3: الوصف / طريقة القياس | Q3: مصدر البيانات | R3: دورية القياس
B4: النمو | C4: 📊 مؤشر النمو العام | F4: 🔷 أساسي | G4: 0.44 | N4: =IFERROR(SUMIFS('قاعدة المؤشرات'!$J:$J,'قاعدة المؤشرات'!$B:$B,"الإدارة التنفيذية",'قاعدة المؤشرات'!$L:$L,"النمو")/SUMIFS('قاعدة المؤشرات'!$K:$K,'قاعدة المؤشرات'!$B:$B,"الإدارة التنفيذية",'قاعدة المؤشرات'!$L:$L,"النمو"),"") | O4: =IF($N4="","⏳ بانتظار هدف",IF($N4>=1,"✅ محقق",IF($N4>=0.85,"🟡 قريب","🔴 تحت الهدف")))
A5: 1 | B5: النمو | C5: إجمالي المحطات المشغّلة — الشركة (تراكمي) | D5: محطة | E5: ↑ | F5: 🔴 رئيسي | G5: 0.12 | H5: 235 | I5: ≥ 235 محطة | J5: النمو | K5: التوسع في المواقع | L5: العمليات الداخلية | M5: 206.1 | N5: =IF($H5="","",IF($M5="","",MIN(1,IF($H5=0,IF($M5<=0,1,0),IF($E5="↓",IFERROR($H5/$M5,0),IFERROR($M5/$H5,0)))))) | O5: =IF($N5="","⏳ بانتظار هدف",IF($N5>=1.0,"✅ محقق",IF($N5>=0.85,"🟡 قريب","🔴 تحت الهدف"))) | P5: مجموع «المحطات المشغّلة — الشركة» خلال الفترة | Q5: نظام تشغيل المحطات | R5: شهري
A6: 2 | B6: النمو | C6: إجمالي العقود الجديدة — الشركة | D6: عقد | E6: ↑ | F6: 🔴 رئيسي | G6: 0.12 | H6: 357 | I6: 357 عقد | J6: النمو | K6: الامتياز التجاري | L6: العمليات الداخلية | M6: 346.6 | N6: =IF($H6="","",IF($M6="","",MIN(1,IF($H6=0,IF($M6<=0,1,0),IF($E6="↓",IFERROR($H6/$M6,0),IFERROR($M6/$H6,0)))))) | O6: =IF($N6="","⏳ بانتظار هدف",IF($N6>=1.0,"✅ محقق",IF($N6>=0.85,"🟡 قريب","🔴 تحت الهدف"))) | P6: مجموع «العقود الجديدة — الشركة» خلال الفترة | Q6: نظام إدارة العقود (CRM) | R6: شهري
A7: 3 | B7: النمو | C7: نسبة نمو إيرادات الشركة (سنوي) | D7: % | E7: ↑ | F7: 🔴 رئيسي | G7: 0.12 | H7: 0.15 | I7: ≥ 15% | J7: النمو | K7: زيادة وصول العملاء | L7: مالي | M7: 0.122 | N7: =IF($H7="","",IF($M7="","",MIN(1,IF($H7=0,IF($M7<=0,1,0),IF($E7="↓",IFERROR($H7/$M7,0),IFERROR($M7/$H7,0)))))) | O7: =IF($N7="","⏳ بانتظار هدف",IF($N7>=1.0,"✅ محقق",IF($N7>=0.85,"🟡 قريب","🔴 تحت الهدف"))) | P7: قيمة/عدد المتحقّق من «نمو إيرادات الشركة» ÷ الإجمالي المستهدف لنفس البند × 100٪ | Q7: نظام المحاسبة / ERP (D365) | R7: شهري
B8: الابتكار | C8: 📊 مؤشر الابتكار العام | F8: 🔷 أساسي | G8: 0.16 | N8: =IFERROR(SUMIFS('قاعدة المؤشرات'!$J:$J,'قاعدة المؤشرات'!$B:$B,"الإدارة التنفيذية",'قاعدة المؤشرات'!$L:$L,"الابتكار")/SUMIFS('قاعدة المؤشرات'!$K:$K,'قاعدة المؤشرات'!$B:$B,"الإدارة التنفيذية",'قاعدة المؤشرات'!$L:$L,"الابتكار"),"") | O8: =IF($N8="","⏳ بانتظار هدف",IF($N8>=1,"✅ محقق",IF($N8>=0.85,"🟡 قريب","🔴 تحت الهدف")))
A9: 4 | B9: الابتكار | C9: نسبة إنجاز مشاريع الخارطة التنفيذية | D9: % | E9: ↑ | F9: 🟠 مهم | G9: 0.08 | H9: 1 | I9: 100% | J9: الابتكار | K9: إطلاق مشاريع جديدة | L9: العمليات الداخلية | M9: 0.906 | N9: =IF($H9="","",IF($M9="","",MIN(1,IF($H9=0,IF($M9<=0,1,0),IF($E9="↓",IFERROR($H9/$M9,0),IFERROR($M9/$H9,0)))))) | O9: =IF($N9="","⏳ بانتظار هدف",IF($N9>=1.0,"✅ محقق",IF($N9>=0.85,"🟡 قريب","🔴 تحت الهدف"))) | P9: قيمة/عدد المتحقّق من «إنجاز مشاريع الخارطة التنفيذية» ÷ الإجمالي المستهدف لنفس البند × 100٪ | Q9: سجلات الإدارة | R9: شهري
A10: 5 | B10: الابتكار | C10: نسبة التحول الرقمي على مستوى الشركة | D10: % | E10: ↑ | F10: 🟠 مهم | G10: 0.08 | H10: 0.9 | I10: ≥ 90% | J10: الابتكار | K10: التحول التقني | L10: التعلّم والنمو | M10: 0.939 | N10: =IF($H10="","",IF($M10="","",MIN(1,IF($H10=0,IF($M10<=0,1,0),IF($E10="↓",IFERROR($H10/$M10,0),IFERROR($M10/$H10,0)))))) | O10: =IF($N10="","⏳ بانتظار هدف",IF($N10>=1.0,"✅ محقق",IF($N10>=0.85,"🟡 قريب","🔴 تحت الهدف"))) | P10: قيمة/عدد المتحقّق من «التحول الرقمي على مستوى الشركة» ÷ الإجمالي المستهدف لنفس البند × 100٪ | Q10: سجلات الإدارة | R10: شهري
B11: الاستدامة | C11: 📊 مؤشر الاستدامة العام | F11: 🔷 أساسي | G11: 0.32 | N11: =IFERROR(SUMIFS('قاعدة المؤشرات'!$J:$J,'قاعدة المؤشرات'!$B:$B,"الإدارة التنفيذية",'قاعدة المؤشرات'!$L:$L,"الاستدامة")/SUMIFS('قاعدة المؤشرات'!$K:$K,'قاعدة المؤشرات'!$B:$B,"الإدارة التنفيذية",'قاعدة المؤشرات'!$L:$L,"الاستدامة"),"") | O11: =IF($N11="","⏳ بانتظار هدف",IF($N11>=1,"✅ محقق",IF($N11>=0.85,"🟡 قريب","🔴 تحت الهدف")))
A12: 6 | B12: الاستدامة | C12: مؤشر رضا العملاء العام (الشركة) | D12: % | E12: ↑ | F12: 🔴 رئيسي | G12: 0.12 | H12: 0.9 | I12: ≥ 90% | J12: الاستدامة | K12: تعزيز تجربة العملاء | L12: العملاء | M12: 0.922 | N12: =IF($H12="","",IF($M12="","",MIN(1,IF($H12=0,IF($M12<=0,1,0),IF($E12="↓",IFERROR($H12/$M12,0),IFERROR($M12/$H12,0)))))) | O12: =IF($N12="","⏳ بانتظار هدف",IF($N12>=0.9,"✅ محقق",IF($N12>=0.75,"🟡 قريب","🔴 تحت الهدف"))) | P12: القيمة المتحقّقة من «مؤشر رضا العملاء العام» ÷ المستهدف × 100٪ | Q12: استبيان دوري | R12: ربعي
A13: 7 | B13: الاستدامة | C13: مؤشر رضا الموظفين العام (eNPS) | D13: نقطة | E13: ↑ | F13: 🔴 رئيسي | G13: 0.12 | H13: 30 | I13: ≥ 30 | J13: الاستدامة | K13: الاستثمار في الموظفين | L13: التعلّم والنمو | M13: 22.5 | N13: =IF($H13="","",IF($M13="","",MIN(1,IF($H13=0,IF($M13<=0,1,0),IF($E13="↓",IFERROR($H13/$M13,0),IFERROR($M13/$H13,0)))))) | O13: =IF($N13="","⏳ بانتظار هدف",IF($N13>=0.9,"✅ محقق",IF($N13>=0.75,"🟡 قريب","🔴 تحت الهدف"))) | P13: ٪ الموظفين المروّجين − ٪ المنتقدين (مقياس eNPS) | Q13: استبيان دوري | R13: ربعي
A14: 8 | B14: الاستدامة | C14: نسبة تحقيق المستهدفات الاستراتيجية العامة | D14: % | E14: ↑ | F14: 🟠 مهم | G14: 0.08 | H14: 1 | I14: 100% | J14: الاستدامة | K14: جودة التشغيل | L14: العمليات الداخلية | M14: 0.85 | N14: =IF($H14="","",IF($M14="","",MIN(1,IF($H14=0,IF($M14<=0,1,0),IF($E14="↓",IFERROR($H14/$M14,0),IFERROR($M14/$H14,0)))))) | O14: =IF($N14="","⏳ بانتظار هدف",IF($N14>=1.0,"✅ محقق",IF($N14>=0.85,"🟡 قريب","🔴 تحت الهدف"))) | P14: قيمة/عدد المتحقّق من «تحقيق المستهدفات الاستراتيجية العامة» ÷ الإجمالي المستهدف لنفس البند × 100٪ | Q14: نظام إدارة القضايا والتحقيقات | R14: شهري
A15: 9 | B15: الحوكمة | C15: نسبة الالتزام بإطار الحوكمة المؤسسية والامتثال التنظيمي | D15: % | E15: ↑ | F15: 🟠 مهم | G15: 0.08 | H15: 0.95 | I15: ≥ 95% | J15: الاستدامة | K15: جودة التشغيل | L15: العمليات الداخلية | M15: 0.729 | N15: =IF($H15="","",IF($M15="","",MIN(1,IF($H15=0,IF($M15<=0,1,0),IF($E15="↓",IFERROR($H15/$M15,0),IFERROR($M15/$H15,0)))))) | O15: =IF($N15="","⏳ بانتظار هدف",IF($N15>=1.0,"✅ محقق",IF($N15>=0.97,"🟡 قريب","🔴 تحت الهدف"))) | P15: قيمة/عدد المتحقّق من «الالتزام بإطار الحوكمة المؤسسية والامتثال التنظيمي» ÷ الإجمالي المستهدف لنفس البند × 100٪ | Q15: نظام إدارة الجودة (QMS) | R15: شهري
A16: 10 | B16: النمو | C16: الالتزام بمعايير وزارة الطاقة (تغطية 13 منطقة) | D16: % | E16: ↑ | F16: 🟠 مهم | G16: 0.08 | H16: 1 | I16: 100% | J16: النمو | K16: التوسع في المواقع | L16: العمليات الداخلية | M16: 0.749 | N16: =IF($H16="","",IF($M16="","",MIN(1,IF($H16=0,IF($M16<=0,1,0),IF($E16="↓",IFERROR($H16/$M16,0),IFERROR($M16/$H16,0)))))) | O16: =IF($N16="","⏳ بانتظار هدف",IF($N16>=1.0,"✅ محقق",IF($N16>=0.85,"🟡 قريب","🔴 تحت الهدف"))) | P16: القيمة المتحقّقة من «الالتزام بمعايير وزارة الطاقة» ÷ المستهدف × 100٪ | Q16: سجلات الإدارة | R16: شهري

Sheet الامتياز التجاري
A1: إدارة الامتياز التجاري · مؤشرات الأداء 2026
A2: 🟩 عمود «المُحقَّق» أرقام تجريبية — استبدلها بالفعلية · نسبة التحقيق والحالة دلّات تُحسب تلقائياً
A3: # | B3: المحور | C3: المؤشر | D3: الوحدة | E3: القطبية | F3: الأولوية | G3: الوزن % | H3: المستهدف | I3: نص المستهدف | J3: الركيزة | K3: المشروع | L3: منظور BSC | M3: المُحقَّق | N3: نسبة التحقيق | O3: الحالة | P3: الوصف / طريقة القياس | Q3: مصدر البيانات | R3: دورية القياس
B4: النمو والتوسع | C4: 📊 مؤشر النمو والتوسع العام | F4: 🔷 أساسي | G4: 0.08 | N4: =IFERROR(SUMIFS('قاعدة المؤشرات'!$J:$J,'قاعدة المؤشرات'!$B:$B,"الامتياز التجاري",'قاعدة المؤشرات'!$L:$L,"النمو والتوسع")/SUMIFS('قاعدة المؤشرات'!$K:$K,'قاعدة المؤشرات'!$B:$B,"الامتياز التجاري",'قاعدة المؤشرات'!$L:$L,"النمو والتوسع"),"") | O4: =IF($N4="","⏳ بانتظار هدف",IF($N4>=1,"✅ محقق",IF($N4>=0.85,"🟡 قريب","🔴 تحت الهدف")))
A5: 1 | B5: النمو والتوسع | C5: عدد محطات الامتياز المشغّلة (تراكمي) | D5: محطة | E5: ↑ | F5: 🔴 رئيسي | G5: 0.04 | H5: 150 | I5: 150 محطة | J5: النمو | K5: التوسع في المواقع | L5: العمليات الداخلية | M5: 110 | N5: =IF($H5="","",IF($M5="","",MIN(1,IF($H5=0,IF($M5<=0,1,0),IF($E5="↓",IFERROR($H5/$M5,0),IFERROR($M5/$H5,0)))))) | O5: =IF($N5="","⏳ بانتظار هدف",IF($N5>=1.0,"✅ محقق",IF($N5>=0.85,"🟡 قريب","🔴 تحت الهدف"))) | P5: إجمالي عدد «محطات الامتياز المشغّلة» تراكمياً حتى نهاية الفترة | Q5: نظام إدارة العقود (CRM) | R5: شهري
A6: 2 | B6: النمو والتوسع | C6: عدد عقود الامتياز الجديدة الموقّعة | D6: عقد | E6: ↑ | F6: 🔴 رئيسي | G6: 0.04 | H6: 167 | I6: 167 عقد | J6: النمو | K6: الامتياز التجاري | L6: العمليات الداخلية | M6: 159.2 | N6: =IF($H6="","",IF($M6="","",MIN(1,IF($H6=0,IF($M6<=0,1,0),IF($E6="↓",IFERROR($H6/$M6,0),IFERROR($M6/$H6,0)))))) | O6: =IF($N6="","⏳ بانتظار هدف",IF($N6>=1.0,"✅ محقق",IF($N6>=0.85,"🟡 قريب","🔴 تحت الهدف"))) | P6: إجمالي عدد «عقود الامتياز الجديدة الموقّعة» المُسجّلة خلال الفترة | Q6: نظام إدارة العقود (CRM) | R6: شهري
B7: المبيعات والأداء التجاري | C7: 📊 مؤشر المبيعات والأداء التجاري العام | F7: 🔷 أساسي | G7: 0.07 | N7: =IFERROR(SUMIFS('قاعدة المؤشرات'!$J:$J,'قاعدة المؤشرات'!$B:$B,"الامتياز التجاري",'قاعدة المؤشرات'!$L:$L,"المبيعات والأداء التجاري")/SUMIFS('قاعدة المؤشرات'!$K:$K,'قاعدة المؤشرات'!$B:$B,"الامتياز التجاري",'قاعدة المؤشرات'!$L:$L,"المبيعات والأداء التجاري"),"") | O7: =IF($N7="","⏳ بانتظار هدف",IF($N7>=1,"✅ محقق",IF($N7>=0.85,"🟡 قريب","🔴 تحت الهدف")))
A8: 3 | B8: المبيعات والأداء التجاري | C8: إجمالي مبيعات وقود محطات الامتياز | D8: لتر | E8: ↑ | F8: 🔴 رئيسي | G8: 0.04 | H8: 718838077 | I8: 718.8M لتر | J8: النمو | K8: زيادة وصول العملاء | L8: مالي | M8: 576630340 | N8: =IF($H8="","",IF($M8="","",MIN(1,IF($H8=0,IF($M8<=0,1,0),IF($E8="↓",IFERROR($H8/$M8,0),IFERROR($M8/$H8,0)))))) | O8: =IF($N8="","⏳ بانتظار هدف",IF($N8>=1.0,"✅ محقق",IF($N8>=0.85,"🟡 قريب","🔴 تحت الهدف"))) | P8: مجموع لترات «مبيعات وقود محطات الامتياز» خلال الفترة | Q8: نظام إدارة العقود (CRM) | R8: شهري
A9: 4 | B9: المبيعات والأداء التجاري | C9: نسبة تأجير وحدات الامتياز | D9: % | E9: ↑ | F9: 🟠 مهم | G9: 0.03 | H9: 0.7 | I9: 70% | J9: الاستدامة | K9: منظومة التأجير | L9: العمليات الداخلية | M9: 0.709 | N9: =IF($H9="","",IF($M9="","",MIN(1,IF($H9=0,IF($M9<=0,1,0),IF($E9="↓",IFERROR($H9/$M9,0),IFERROR($M9/$H9,0)))))) | O9: =IF($N9="","⏳ بانتظار هدف",IF($N9>=1.0,"✅ محقق",IF($N9>=0.85,"🟡 قريب","🔴 تحت الهدف"))) | P9: قيمة/عدد المتحقّق من «تأجير وحدات الامتياز» ÷ الإجمالي المستهدف لنفس البند × 100٪ | Q9: نظام إدارة العقود (CRM) | R9: شهري
B10: الأداء المالي | C10: 📊 مؤشر الأداء المالي العام | F10: 🔷 أساسي | G10: 0.28 | N10: =IFERROR(SUMIFS('قاعدة المؤشرات'!$J:$J,'قاعدة المؤشرات'!$B:$B,"الامتياز التجاري",'قاعدة المؤشرات'!$L:$L,"الأداء المالي")/SUMIFS('قاعدة المؤشرات'!$K:$K,'قاعدة المؤشرات'!$B:$B,"الامتياز التجاري",'قاعدة المؤشرات'!$L:$L,"الأداء المالي"),"") | O10: =IF($N10="","⏳ بانتظار هدف",IF($N10>=1,"✅ محقق",IF($N10>=0.85,"🟡 قريب","🔴 تحت الهدف")))
A11: 5 | B11: الأداء المالي | C11: إجمالي إيرادات إدارة الامتياز | D11: ر.س | E11: ↑ | F11: 🔴 رئيسي | G11: 0.04 | I11: تصاعدي مستمر | J11: النمو | K11: الامتياز التجاري | L11: مالي | N11: =IF($H11="","",IF($M11="","",MIN(1,IF($H11=0,IF($M11<=0,1,0),IF($E11="↓",IFERROR($H11/$M11,0),IFERROR($M11/$H11,0)))))) | O11: =IF($N11="","⏳ بانتظار هدف",IF($N11>=1.0,"✅ محقق",IF($N11>=0.85,"🟡 قريب","🔴 تحت الهدف"))) | P11: مجموع قيمة «إيرادات إدارة الامتياز» بالريال خلال الفترة | Q11: نظام المحاسبة / ERP (D365) | R11: شهري
A12: 6 | B12: الأداء المالي | C12: رفع هامش الربحية للامتياز | D12: هللة/لتر | E12: ↑ | F12: 🟠 مهم | G12: 0.03 | H12: 1.8 | I12: +1.8 هللة/لتر | J12: النمو | K12: الامتياز التجاري | L12: مالي | M12: 1.564 | N12: =IF($H12="","",IF($M12="","",MIN(1,IF($H12=0,IF($M12<=0,1,0),IF($E12="↓",IFERROR($H12/$M12,0),IFERROR($M12/$H12,0)))))) | O12: =IF($N12="","⏳ بانتظار هدف",IF($N12>=1.0,"✅ محقق",IF($N12>=0.85,"🟡 قريب","🔴 تحت الهدف"))) | P12: مجموع لترات «رفع هامش الربحية للامتياز» خلال الفترة | Q12: نظام المحاسبة / ERP (D365) | R12: شهري
A13: 7 | B13: الأداء المالي | C13: نسبة التحصيل المالي من شركاء الامتياز | D13: % | E13: ↑ | F13: 🔴 رئيسي | G13: 0.04 | H13: 0.95 | I13: 95%+ | J13: الاستدامة | K13: جودة التشغيل | L13: مالي | M13: 0.812 | N13: =IF($H13="","",IF($M13="","",MIN(1,IF($H13=0,IF($M13<=0,1,0),IF($E13="↓",IFERROR($H13/$M13,0),IFERROR($M13/$H13,0)))))) | O13: =IF($N13="","⏳ بانتظار هدف",IF($N13>=1.0,"✅ محقق",IF($N13>=0.85,"🟡 قريب","🔴 تحت الهدف"))) | P13: قيمة/عدد المتحقّق من «التحصيل المالي من شركاء الامتياز» ÷ الإجمالي المستهدف لنفس البند × 100٪ | Q13: نظام المحاسبة / ERP (D365) | R13: شهري
A14: 8 | B14: الأداء المالي | C14: متوسط أيام تحصيل شركاء الامتياز (DSO) | D14: يوم | E14: ↓ | F14: 🔴 رئيسي | G14: 0.04 | H14: 30 | I14: ≤ 30 يوم | J14: الاستدامة | K14: جودة التشغيل | L14: مالي | M14: 26.2 | N14: =IF($H14="","",IF($M14="","",MIN(1,IF($H14=0,IF($M14<=0,1,0),IF($E14="↓",IFERROR($H14/$M14,0),IFERROR($M14/$H14,0)))))) | O14: =IF($N14="","⏳ بانتظار هدف",IF($N14>=1.0,"✅ محقق",IF($N14>=0.85,"🟡 قريب","🔴 تحت الهدف"))) | P14: مجموع أيام «أيام تحصيل شركاء الامتياز» ÷ عدد الحالات | Q14: نظام المحاسبة / ERP (D365) | R14: شهري
A15: 9 | B15: الأداء المالي | C15: إجمالي المستحقات المتأخرة (+30 يوم) | D15: ر.س | E15: ↓ | F15: 🟠 مهم | G15: 0.03 | I15: تراجع مستمر | J15: الاستدامة | K15: جودة التشغيل | L15: مالي | N15: =IF($H15="","",IF($M15="","",MIN(1,IF($H15=0,IF($M15<=0,1,0),IF($E15="↓",IFERROR($H15/$M15,0),IFERROR($M15/$H15,0)))))) | O15: =IF($N15="","⏳ بانتظار هدف",IF($N15>=1.0,"✅ محقق",IF($N15>=0.85,"🟡 قريب","🔴 تحت الهدف"))) | P15: مجموع قيمة «المستحقات المتأخرة» بالريال خلال الفترة | Q15: نظام المحاسبة / ERP (D365) | R15: شهري
A16: 10 | B16: الأداء المالي | C16: نسبة الشركاء الملتزمين بمواعيد السداد | D16: % | E16: ↑ | F16: 🟠 مهم | G16: 0.03 | H16: 0.9 | I16: 90%+ | J16: الاستدامة | K16: جودة التشغيل | L16: مالي | M16: 0.705 | N16: =IF($H16="","",IF($M16="","",MIN(1,IF($H16=0,IF($M16<=0,1,0),IF($E16="↓",IFERROR($H16/$M16,0),IFERROR($M16/$H16,0)))))) | O16: =IF($N16="","⏳ بانتظار هدف",IF($N16>=1.0,"✅ محقق",IF($N16>=0.85,"🟡 قريب","🔴 تحت الهدف"))) | P16: قيمة/عدد المتحقّق من «الشركاء الملتزمين بمواعيد السداد» ÷ الإجمالي المستهدف لنفس البند × 100٪ | Q16: نظام المحاسبة / ERP (D365) | R16: شهري
A17: 11 | B17: الأداء المالي | C17: معدل دوران رأس المال (أيام الدورة) | D17: يوم | E17: ↓ | F17: 🟠 مهم | G17: 0.03 | H17: 5 | I17: ≤ 5 أيام | J17: الاستدامة | K17: جودة التشغيل | L17: مالي | M17: 4.329 | N17: =IF($H17="","",IF($M17="","",MIN(1,IF($H17=0,IF($M17<=0,1,0),IF($E17="↓",IFERROR($H17/$M17,0),IFERROR($M17/$H17,0)))))) | O17: =IF($N17="","⏳ بانتظار هدف",IF($N17>=1.0,"✅ محقق",IF($N17>=0.85,"🟡 قريب","🔴 تحت الهدف"))) | P17: عدد حالات «دوران رأس المال» خلال الفترة ÷ إجمالي الحالات القابلة للقياس × 100٪ | Q17: نظام الموارد البشرية (HRMS) | R17: شهري
B18: التشغيل والجودة | C18: 📊 مؤشر التشغيل والجودة العام | F18: 🔷 أساسي | G18: 0.3 | N18: =IFERROR(SUMIFS('قاعدة المؤشرات'!$J:$J,'قاعدة المؤشرات'!$B:$B,"الامتياز التجاري",'قاعدة المؤشرات'!$L:$L,"التشغيل والجودة")/SUMIFS('قاعدة المؤشرات'!$K:$K,'قاعدة المؤشرات'!$B:$B,"الامتياز التجاري",'قاعدة المؤشرات'!$L:$L,"التشغيل والجودة"),"") | O18: =IF($N18="","⏳ بانتظار هدف",IF($N18>=1,"✅ محقق",IF($N18>=0.85,"🟡 قريب","🔴 تحت الهدف")))
A19: 12 | B19: التشغيل والجودة | C19: نسبة جاهزية محطات الامتياز (صفر انقطاع) | D19: % | E19: ↑ | F19: 🔴 رئيسي | G19: 0.04 | H19: 0.99 | I19: 99%+ | J19: الاستدامة | K19: جودة التشغيل | L19: العمليات الداخلية | M19: 1 | N19: =IF($H19="","",IF($M19="","",MIN(1,IF($H19=0,IF($M19<=0,1,0),IF($E19="↓",IFERROR($H19/$M19,0),IFERROR($M19/$H19,0)))))) | O19: =IF($N19="","⏳ بانتظار هدف",IF($N19>=1.0,"✅ محقق",IF($N19>=0.97,"🟡 قريب","🔴 تحت الهدف"))) | P19: قيمة/عدد المتحقّق من «جاهزية محطات الامتياز» ÷ الإجمالي المستهدف لنفس البند × 100٪ | Q19: نظام إدارة الجودة (QMS) | R19: شهري
A20: 13 | B20: التشغيل والجودة | C20: عدد حالات انقطاع الوقود الموثّقة | D20: حالة | E20: ↓ | F20: 🔴 رئيسي | G20: 0.04 | H20: 0 | I20: 0 حالة | J20: الاستدامة | K20: جودة التشغيل | L20: العمليات الداخلية | N20: =IF($H20="","",IF($M20="","",MIN(1,IF($H20=0,IF($M20<=0,1,0),IF($E20="↓",IFERROR($H20/$M20,0),IFERROR($M20/$H20,0)))))) | O20: =IF($N20="","⏳ بانتظار هدف",IF($N20>=1.0,"✅ محقق",IF($N20>=0.85,"🟡 قريب","🔴 تحت الهدف"))) | P20: إجمالي عدد «حالات انقطاع الوقود الموثّقة» المُسجّلة خلال الفترة | Q20: نظام إدارة الجودة (QMS) | R20: شهري
A21: 14 | B21: التشغيل والجودة | C21: نسبة إغلاق ملاحظات الجودة الميدانية | D21: % | E21: ↑ | F21: 🟠 مهم | G21: 0.03 | H21: 0.95 | I21: 95%+ | J21: الاستدامة | K21: جودة التشغيل | L21: العمليات الداخلية | M21: 0.879 | N21: =IF($H21="","",IF($M21="","",MIN(1,IF($H21=0,IF($M21<=0,1,0),IF($E21="↓",IFERROR($H21/$M21,0),IFERROR($M21/$H21,0)))))) | O21: =IF($N21="","⏳ بانتظار هدف",IF($N21>=1.0,"✅ محقق",IF($N21>=0.85,"🟡 قريب","🔴 تحت الهدف"))) | P21: قيمة/عدد المتحقّق من «إغلاق ملاحظات الجودة الميدانية» ÷ الإجمالي المستهدف لنفس البند × 100٪ | Q21: نظام إدارة الجودة (QMS) | R21: شهري
A22: 15 | B22: التشغيل والجودة | C22: متوسط درجة تقييم جودة المحطة (قائمة التحقق) | D22: درجة/100 | E22: ↑ | F22: 🔴 رئيسي | G22: 0.04 | H22: 85 | I22: 85+ | J22: الاستدامة | K22: جودة التشغيل | L22: العمليات الداخلية | M22: 78.8 | N22: =IF($H22="","",IF($M22="","",MIN(1,IF($H22=0,IF($M22<=0,1,0),IF($E22="↓",IFERROR($H22/$M22,0),IFERROR($M22/$H22,0)))))) | O22: =IF($N22="","⏳ بانتظار هدف",IF($N22>=1.0,"✅ محقق",IF($N22>=0.85,"🟡 قريب","🔴 تحت الهدف"))) | P22: مجموع قيم «درجة تقييم جودة المحطة» ÷ عدد المفردات المقيسة | Q22: نظام إدارة الجودة (QMS) | R22: شهري
A23: 16 | B23: التشغيل والجودة | C23: نسبة تنفيذ الزيارات الميدانية المجدولة | D23: % | E23: ↑ | F23: 🟠 مهم | G23: 0.03 | H23: 1 | I23: 100% | J23: الاستدامة | K23: جودة التشغيل | L23: العمليات الداخلية | M23: 1.034 | N23: =IF($H23="","",IF($M23="","",MIN(1,IF($H23=0,IF($M23<=0,1,0),IF($E23="↓",IFERROR($H23/$M23,0),IFERROR($M23/$H23,0)))))) | O23: =IF($N23="","⏳ بانتظار هدف",IF($N23>=1.0,"✅ محقق",IF($N23>=0.85,"🟡 قريب","🔴 تحت الهدف"))) | P23: قيمة/عدد المتحقّق من «تنفيذ الزيارات الميدانية المجدولة» ÷ الإجمالي المستهدف لنفس البند × 100٪ | Q23: نظام إدارة الجودة (QMS) | R23: شهري
A24: 17 | B24: التشغيل والجودة | C24: نسبة المحطات المستوفية لمعايير السلامة | D24: % | E24: ↑ | F24: 🔴 رئيسي | G24: 0.04 | H24: 1 | I24: 100% | J24: الاستدامة | K24: جودة التشغيل | L24: العمليات الداخلية | M24: 0.911 | N24: =IF($H24="","",IF($M24="","",MIN(1,IF($H24=0,IF($M24<=0,1,0),IF($E24="↓",IFERROR($H24/$M24,0),IFERROR($M24/$H24,0)))))) | O24: =IF($N24="","⏳ بانتظار هدف",IF($N24>=1.0,"✅ محقق",IF($N24>=0.97,"🟡 قريب","🔴 تحت الهدف"))) | P24: قيمة/عدد المتحقّق من «المحطات المستوفية لمعايير السلامة» ÷ الإجمالي المستهدف لنفس البند × 100٪ | Q24: نظام إدارة الجودة (QMS) | R24: شهري
A25: 18 | B25: التشغيل والجودة | C25: متوسط وقت معالجة البلاغات التشغيلية | D25: ساعة | E25: ↓ | F25: 🟠 مهم | G25: 0.03 | H25: 24 | I25: ≤ 24 ساعة | J25: الاستدامة | K25: جودة التشغيل | L25: العمليات الداخلية | M25: 26.2 | N25: =IF($H25="","",IF($M25="","",MIN(1,IF($H25=0,IF($M25<=0,1,0),IF($E25="↓",IFERROR($H25/$M25,0),IFERROR($M25/$H25,0)))))) | O25: =IF($N25="","⏳ بانتظار هدف",IF($N25>=1.0,"✅ محقق",IF($N25>=0.85,"🟡 قريب","🔴 تحت الهدف"))) | P25: مجموع ساعات «وقت معالجة البلاغات التشغيلية» ÷ عدد الحالات المغلقة | Q25: نظام إدارة الجودة (QMS) | R25: شهري
A26: 19 | B26: التشغيل والجودة | C26: نسبة أتمتة محطات الامتياز | D26: % | E26: ↑ | F26: 🔴 رئيسي | G26: 0.04 | H26: 0.9 | I26: 90% | J26: الابتكار | K26: التحول التقني | L26: التعلّم والنمو | M26: 0.674 | N26: =IF($H26="","",IF($M26="","",MIN(1,IF($H26=0,IF($M26<=0,1,0),IF($E26="↓",IFERROR($H26/$M26,0),IFERROR($M26/$H26,0)))))) | O26: =IF($N26="","⏳ بانتظار هدف",IF($N26>=1.0,"✅ محقق",IF($N26>=0.85,"🟡 قريب","🔴 تحت الهدف"))) | P26: قيمة/عدد المتحقّق من «أتمتة محطات الامتياز» ÷ الإجمالي المستهدف لنفس البند × 100٪ | Q26: مكتب إدارة المشاريع (PMO) | R26: شهري
A27: 20 | B27: التشغيل والجودة | C27: نسبة تطبيق المعيار الشامل داخل المحطات | D27: % | E27: ↑ | F27: 🟡 متابعة | G27: 0.01 | H27: 0.3 | I27: 30% | J27: الابتكار | K27: التحول التقني | L27: التعلّم والنمو | M27: 0.299 | N27: =IF($H27="","",IF($M27="","",MIN(1,IF($H27=0,IF($M27<=0,1,0),IF($E27="↓",IFERROR($H27/$M27,0),IFERROR($M27/$H27,0)))))) | O27: =IF($N27="","⏳ بانتظار هدف",IF($N27>=1.0,"✅ محقق",IF($N27>=0.85,"🟡 قريب","🔴 تحت الهدف"))) | P27: قيمة/عدد المتحقّق من «تطبيق المعيار الشامل داخل المحطات» ÷ الإجمالي المستهدف لنفس البند × 100٪ | Q27: نظام إدارة الجودة (QMS) | R27: شهري
A28: 21 | B28: الهوية والتسويق | C28: نسبة التزام المحطات بالهوية المؤسسية | D28: % | E28: ↑ | F28: 🔴 رئيسي | G28: 0.04 | H28: 0.55 | I28: 55% | J28: الابتكار | K28: تطوير التصاميم والهوية | L28: التعلّم والنمو | M28: 0.44 | N28: =IF($H28="","",IF($M28="","",MIN(1,IF($H28=0,IF($M28<=0,1,0),IF($E28="↓",IFERROR($H28/$M28,0),IFERROR($M28/$H28,0)))))) | O28: =IF($N28="","⏳ بانتظار هدف",IF($N28>=1.0,"✅ محقق",IF($N28>=0.85,"🟡 قريب","🔴 تحت الهدف"))) | P28: قيمة/عدد المتحقّق من «التزام المحطات بالهوية المؤسسية» ÷ الإجمالي المستهدف لنفس البند × 100٪ | Q28: نظام تشغيل المحطات | R28: شهري
B29: تجربة العملاء والشركاء | C29: 📊 مؤشر تجربة العملاء والشركاء العام | F29: 🔷 أساسي | G29: 0.14 | N29: =IFERROR(SUMIFS('قاعدة المؤشرات'!$J:$J,'قاعدة المؤشرات'!$B:$B,"الامتياز التجاري",'قاعدة المؤشرات'!$L:$L,"تجربة العملاء والشركاء")/SUMIFS('قاعدة المؤشرات'!$K:$K,'قاعدة المؤشرات'!$B:$B,"الامتياز التجاري",'قاعدة المؤشرات'!$L:$L,"تجربة العملاء والشركاء"),"") | O29: =IF($N29="","⏳ بانتظار هدف",IF($N29>=1,"✅ محقق",IF($N29>=0.85,"🟡 قريب","🔴 تحت الهدف")))
A30: 22 | B30: تجربة العملاء والشركاء | C30: متوسط تقييم المحطات على خرائط قوقل | D30: نجمة/5 | E30: ↑ | F30: 🔴 رئيسي | G30: 0.04 | H30: 4.7 | I30: ≥ 4.7 نجمة | J30: الاستدامة | K30: تعزيز تجربة العملاء | L30: العملاء | M30: 3.474 | N30: =IF($H30="","",IF($M30="","",MIN(1,IF($H30=0,IF($M30<=0,1,0),IF($E30="↓",IFERROR($H30/$M30,0),IFERROR($M30/$H30,0)))))) | O30: =IF($N30="","⏳ بانتظار هدف",IF($N30>=1.0,"✅ محقق",IF($N30>=0.85,"🟡 قريب","🔴 تحت الهدف"))) | P30: مجموع قيم «تقييم المحطات على خرائط قوقل» ÷ عدد المفردات المقيسة | Q30: تقييمات خرائط قوقل | R30: شهري
A31: 23 | B31: تجربة العملاء والشركاء | C31: معدل رضا شركاء الامتياز (CSAT) | D31: % | E31: ↑ | F31: 🔴 رئيسي | G31: 0.04 | H31: 0.9 | I31: 90%+ | J31: الاستدامة | K31: تعزيز تجربة العملاء | L31: العملاء | M31: 0.837 | N31: =IF($H31="","",IF($M31="","",MIN(1,IF($H31=0,IF($M31<=0,1,0),IF($E31="↓",IFERROR($H31/$M31,0),IFERROR($M31/$H31,0)))))) | O31: =IF($N31="","⏳ بانتظار هدف",IF($N31>=0.9,"✅ محقق",IF($N31>=0.75,"🟡 قريب","🔴 تحت الهدف"))) | P31: عدد حالات «رضا شركاء الامتياز» خلال الفترة ÷ إجمالي الحالات القابلة للقياس × 100٪ | Q31: استبيان دوري | R31: ربعي
A32: 24 | B32: تجربة العملاء والشركاء | C32: نسبة حل الشكاوى خلال المدة المحددة | D32: % | E32: ↑ | F32: 🟠 مهم | G32: 0.03 | H32: 0.95 | I32: 95%+ | J32: الاستدامة | K32: تعزيز تجربة العملاء | L32: العملاء | M32: 0.922 | N32: =IF($H32="","",IF($M32="","",MIN(1,IF($H32=0,IF($M32<=0,1,0),IF($E32="↓",IFERROR($H32/$M32,0),IFERROR($M32/$H32,0)))))) | O32: =IF($N32="","⏳ بانتظار هدف",IF($N32>=1.0,"✅ محقق",IF($N32>=0.85,"🟡 قريب","🔴 تحت الهدف"))) | P32: قيمة/عدد المتحقّق من «حل الشكاوى خلال المدة المحددة» ÷ الإجمالي المستهدف لنفس البند × 100٪ | Q32: سجلات الإدارة | R32: شهري
A33: 25 | B33: تجربة العملاء والشركاء | C33: نسبة انخفاض الشكاوى التشغيلية والإدارية | D33: % | E33: ↑ | F33: 🟠 مهم | G33: 0.03 | H33: 0.3 | I33: ≥ 30% | J33: الاستدامة | K33: تعزيز تجربة العملاء | L33: العملاء | M33: 0.274 | N33: =IF($H33="","",IF($M33="","",MIN(1,IF($H33=0,IF($M33<=0,1,0),IF($E33="↓",IFERROR($H33/$M33,0),IFERROR($M33/$H33,0)))))) | O33: =IF($N33="","⏳ بانتظار هدف",IF($N33>=1.0,"✅ محقق",IF($N33>=0.85,"🟡 قريب","🔴 تحت الهدف"))) | P33: قيمة/عدد المتحقّق من «انخفاض الشكاوى التشغيلية والإدارية» ÷ الإجمالي المستهدف لنفس البند × 100٪ | Q33: سجلات الإدارة | R33: شهري
B34: استدامة الشراكة والامتثال | C34: 📊 مؤشر استدامة الشراكة والامتثال العام | F34: 🔷 أساسي | G34: 0.09 | N34: =IFERROR(SUMIFS('قاعدة المؤشرات'!$J:$J,'قاعدة المؤشرات'!$B:$B,"الامتياز التجاري",'قاعدة المؤشرات'!$L:$L,"استدامة الشراكة والامتثال")/SUMIFS('قاعدة المؤشرات'!$K:$K,'قاعدة المؤشرات'!$B:$B,"الامتياز التجاري",'قاعدة المؤشرات'!$L:$L,"استدامة الشراكة والامتثال"),"") | O34: =IF($N34="","⏳ بانتظار هدف",IF($N34>=1,"✅ محقق",IF($N34>=0.85,"🟡 قريب","🔴 تحت الهدف")))
A35: 26 | B35: استدامة الشراكة والامتثال | C35: نسبة استدامة أصحاب الامتياز (Retention) | D35: % | E35: ↑ | F35: 🟠 مهم | G35: 0.03 | H35: 0.9 | I35: 90% | J35: الاستدامة | K35: تعزيز تجربة العملاء | L35: العمليات الداخلية | M35: 0.853 | N35: =IF($H35="","",IF($M35="","",MIN(1,IF($H35=0,IF($M35<=0,1,0),IF($E35="↓",IFERROR($H35/$M35,0),IFERROR($M35/$H35,0)))))) | O35: =IF($N35="","⏳ بانتظار هدف",IF($N35>=1.0,"✅ محقق",IF($N35>=0.85,"🟡 قريب","🔴 تحت الهدف"))) | P35: قيمة/عدد المتحقّق من «استدامة أصحاب الامتياز» ÷ الإجمالي المستهدف لنفس البند × 100٪ | Q35: نظام إدارة الجودة (QMS) | R35: شهري
A36: 27 | B36: استدامة الشراكة والامتثال | C36: نسبة زيادة عدد أصحاب الامتياز | D36: % | E36: ↑ | F36: 🟠 مهم | G36: 0.02 | H36: 1 | I36: 100% نمو | J36: الاستدامة | K36: تعزيز تجربة العملاء | L36: العمليات الداخلية | M36: 0.81 | N36: =IF($H36="","",IF($M36="","",MIN(1,IF($H36=0,IF($M36<=0,1,0),IF($E36="↓",IFERROR($H36/$M36,0),IFERROR($M36/$H36,0)))))) | O36: =IF($N36="","⏳ بانتظار هدف",IF($N36>=1.0,"✅ محقق",IF($N36>=0.85,"🟡 قريب","🔴 تحت الهدف"))) | P36: قيمة/عدد المتحقّق من «زيادة عدد أصحاب الامتياز» ÷ الإجمالي المستهدف لنفس البند × 100٪ | Q36: نظام إدارة الجودة (QMS) | R36: شهري
A37: 28 | B37: استدامة الشراكة والامتثال | C37: متوسط مدة إغلاق عقد الامتياز | D37: أسبوع | E37: ↓ | F37: 🔴 رئيسي | G37: 0.04 | H37: 1 | I37: ≤ أسبوع | J37: النمو | K37: الامتياز التجاري | L37: العمليات الداخلية | M37: 0.899 | N37: =IF($H37="","",IF($M37="","",MIN(1,IF($H37=0,IF($M37<=0,1,0),IF($E37="↓",IFERROR($H37/$M37,0),IFERROR($M37/$H37,0)))))) | O37: =IF($N37="","⏳ بانتظار هدف",IF($N37>=1.0,"✅ محقق",IF($N37>=0.85,"🟡 قريب","🔴 تحت الهدف"))) | P37: مجموع قيم «مدة إغلاق عقد الامتياز» ÷ عدد المفردات المقيسة | Q37: نظام إدارة الجودة (QMS) | R37: شهري
A38: 29 | B38: الأداء المالي | C38: نسبة التحصيل خلال 5 أيام عمل | D38: % | E38: ↑ | F38: 🔴 رئيسي | G38: 0.04 | H38: 0.9 | I38: ≥ 90% | J38: الاستدامة | K38: الامتياز التجاري | L38: مالي | M38: 0.652 | N38: =IF($H38="","",IF($M38="","",MIN(1,IF($H38=0,IF($M38<=0,1,0),IF($E38="↓",IFERROR($H38/$M38,0),IFERROR($M38/$H38,0)))))) | O38: =IF($N38="","⏳ بانتظار هدف",IF($N38>=1.0,"✅ محقق",IF($N38>=0.85,"🟡 قريب","🔴 تحت الهدف"))) | P38: قيمة/عدد المتحقّق من «التحصيل خلال 5 أيام عمل» ÷ الإجمالي المستهدف لنفس البند × 100٪ | Q38: نظام المحاسبة / ERP (D365) | R38: شهري

Sheet التشغيل والمحطات
A1: إدارة التشغيل والمحطات · مؤشرات الأداء 2026
A2: 🟩 عمود «المُحقَّق» أرقام تجريبية — استبدلها بالفعلية · نسبة التحقيق والحالة دلّات تُحسب تلقائياً
A3: # | B3: المحور | C3: المؤشر | D3: الوحدة | E3: القطبية | F3: الأولوية | G3: الوزن % | H3: المستهدف | I3: نص المستهدف | J3: الركيزة | K3: المشروع | L3: منظور BSC | M3: المُحقَّق | N3: نسبة التحقيق | O3: الحالة | P3: الوصف / طريقة القياس | Q3: مصدر البيانات | R3: دورية القياس
A4: 1 | B4: النمو | C4: عدد المحطات المشغّلة (تراكمي) | D4: محطة | E4: ↑ | F4: 🔴 رئيسي | G4: 0.08 | H4: 85 | I4: 85 محطة | J4: النمو | K4: التوسع في المواقع | L4: العمليات الداخلية | M4: 78.5 | N4: =IF($H4="","",IF($M4="","",MIN(1,IF($H4=0,IF($M4<=0,1,0),IF($E4="↓",IFERROR($H4/$M4,0),IFERROR($M4/$H4,0)))))) | O4: =IF($N4="","⏳ بانتظار هدف",IF($N4>=1.0,"✅ محقق",IF($N4>=0.85,"🟡 قريب","🔴 تحت الهدف"))) | P4: إجمالي عدد «المحطات المشغّلة» تراكمياً حتى نهاية الفترة | Q4: نظام تشغيل المحطات | R4: شهري
B5: الربحية | C5: 📊 نمو مبيعات الوقود | F5: 🔷 أساسي | G5: 0.32 | N5: =IFERROR(SUMIFS('قاعدة المؤشرات'!$J:$J,'قاعدة المؤشرات'!$B:$B,"التشغيل والمحطات",'قاعدة المؤشرات'!$L:$L,"الربحية")/SUMIFS('قاعدة المؤشرات'!$K:$K,'قاعدة المؤشرات'!$B:$B,"التشغيل والمحطات",'قاعدة المؤشرات'!$L:$L,"الربحية"),"") | O5: =IF($N5="","⏳ بانتظار هدف",IF($N5>=1,"✅ محقق",IF($N5>=0.85,"🟡 قريب","🔴 تحت الهدف")))
A6: 2 | B6: الربحية | C6: نمو مبيعات بنزين 91 مقارنة بالعام السابق | D6: % | E6: ↑ | F6: 🔴 رئيسي | G6: 0.08 | H6: 0.1 | I6: ≥ 10% | J6: النمو | K6: زيادة وصول العملاء | L6: مالي | M6: 0.086 | N6: =IF($H6="","",IF($M6="","",MIN(1,IF($H6=0,IF($M6<=0,1,0),IF($E6="↓",IFERROR($H6/$M6,0),IFERROR($M6/$H6,0)))))) | O6: =IF($N6="","⏳ بانتظار هدف",IF($N6>=1.0,"✅ محقق",IF($N6>=0.85,"🟡 قريب","🔴 تحت الهدف"))) | P6: القيمة المتحقّقة من «نمو مبيعات بنزين 91 مقارنة بالعام السابق» ÷ المستهدف × 100٪ | Q6: نظام المحاسبة / ERP (D365) | R6: شهري
A7: 3 | B7: الربحية | C7: نمو مبيعات بنزين 95 مقارنة بالعام السابق | D7: % | E7: ↑ | F7: 🔴 رئيسي | G7: 0.08 | H7: 0.1 | I7: ≥ 10% | J7: النمو | K7: زيادة وصول العملاء | L7: مالي | M7: 0.084 | N7: =IF($H7="","",IF($M7="","",MIN(1,IF($H7=0,IF($M7<=0,1,0),IF($E7="↓",IFERROR($H7/$M7,0),IFERROR($M7/$H7,0)))))) | O7: =IF($N7="","⏳ بانتظار هدف",IF($N7>=1.0,"✅ محقق",IF($N7>=0.85,"🟡 قريب","🔴 تحت الهدف"))) | P7: القيمة المتحقّقة من «نمو مبيعات بنزين 95 مقارنة بالعام السابق» ÷ المستهدف × 100٪ | Q7: نظام المحاسبة / ERP (D365) | R7: شهري
A8: 4 | B8: الربحية | C8: نمو مبيعات بنزين 98 مقارنة بالعام السابق | D8: % | E8: ↑ | F8: 🔴 رئيسي | G8: 0.08 | H8: 0.1 | I8: ≥ 10% | J8: النمو | K8: زيادة وصول العملاء | L8: مالي | M8: 0.076 | N8: =IF($H8="","",IF($M8="","",MIN(1,IF($H8=0,IF($M8<=0,1,0),IF($E8="↓",IFERROR($H8/$M8,0),IFERROR($M8/$H8,0)))))) | O8: =IF($N8="","⏳ بانتظار هدف",IF($N8>=1.0,"✅ محقق",IF($N8>=0.85,"🟡 قريب","🔴 تحت الهدف"))) | P8: القيمة المتحقّقة من «نمو مبيعات بنزين 98 مقارنة بالعام السابق» ÷ المستهدف × 100٪ | Q8: نظام المحاسبة / ERP (D365) | R8: شهري
A9: 5 | B9: الربحية | C9: نمو مبيعات الديزل مقارنة بالعام السابق | D9: % | E9: ↑ | F9: 🔴 رئيسي | G9: 0.08 | H9: 0.1 | I9: ≥ 10% | J9: النمو | K9: زيادة وصول العملاء | L9: مالي | M9: 0.091 | N9: =IF($H9="","",IF($M9="","",MIN(1,IF($H9=0,IF($M9<=0,1,0),IF($E9="↓",IFERROR($H9/$M9,0),IFERROR($M9/$H9,0)))))) | O9: =IF($N9="","⏳ بانتظار هدف",IF($N9>=1.0,"✅ محقق",IF($N9>=0.85,"🟡 قريب","🔴 تحت الهدف"))) | P9: القيمة المتحقّقة من «نمو مبيعات الديزل مقارنة بالعام السابق» ÷ المستهدف × 100٪ | Q9: نظام المحاسبة / ERP (D365) | R9: شهري
B10: حماية الإيراد | C10: 📊 جاهزية وتوفّر المحطة | F10: 🔷 أساسي | G10: 0.12 | N10: =IFERROR(SUMIFS('قاعدة المؤشرات'!$J:$J,'قاعدة المؤشرات'!$B:$B,"التشغيل والمحطات",'قاعدة المؤشرات'!$L:$L,"حماية الإيراد")/SUMIFS('قاعدة المؤشرات'!$K:$K,'قاعدة المؤشرات'!$B:$B,"التشغيل والمحطات",'قاعدة المؤشرات'!$L:$L,"حماية الإيراد"),"") | O10: =IF($N10="","⏳ بانتظار هدف",IF($N10>=1,"✅ محقق",IF($N10>=0.85,"🟡 قريب","🔴 تحت الهدف")))
A11: 6 | B11: حماية الإيراد | C11: نسبة جاهزية المحطة الشاملة (Uptime) | D11: % | E11: ↑ | F11: 🔴 رئيسي | G11: 0.07 | H11: 0.99 | I11: 99%+ | J11: الاستدامة | K11: جودة التشغيل | L11: العمليات الداخلية | M11: 0.831 | N11: =IF($H11="","",IF($M11="","",MIN(1,IF($H11=0,IF($M11<=0,1,0),IF($E11="↓",IFERROR($H11/$M11,0),IFERROR($M11/$H11,0)))))) | O11: =IF($N11="","⏳ بانتظار هدف",IF($N11>=1.0,"✅ محقق",IF($N11>=0.97,"🟡 قريب","🔴 تحت الهدف"))) | P11: قيمة/عدد المتحقّق من «جاهزية المحطة الشاملة» ÷ الإجمالي المستهدف لنفس البند × 100٪ | Q11: نظام المحاسبة / ERP (D365) | R11: شهري
A12: 7 | B12: حماية الإيراد | C12: نسبة المضخات العاملة | D12: % | E12: ↑ | F12: 🟠 مهم | G12: 0.05 | H12: 0.97 | I12: ≥ 97% | J12: الاستدامة | K12: جودة التشغيل | L12: العمليات الداخلية | M12: 0.953 | N12: =IF($H12="","",IF($M12="","",MIN(1,IF($H12=0,IF($M12<=0,1,0),IF($E12="↓",IFERROR($H12/$M12,0),IFERROR($M12/$H12,0)))))) | O12: =IF($N12="","⏳ بانتظار هدف",IF($N12>=1.0,"✅ محقق",IF($N12>=0.85,"🟡 قريب","🔴 تحت الهدف"))) | P12: قيمة/عدد المتحقّق من «المضخات العاملة» ÷ الإجمالي المستهدف لنفس البند × 100٪ | Q12: نظام المحاسبة / ERP (D365) | R12: شهري
