Workbook

Sheet الاستراتيجية
B2: درب · الاستراتيجية والركائز 2026 — قطاع المحطات والعقار
B4: الركيزة (5 سنوات) | C4: الوصف | D4: مستهدف 2026
B5: النمو | C5: التوسع في المواقع وزيادة الوصول وتنمية الإيراد.
B6: التوسع في المواقع | C6: افتتاح وتشغيل محطات جديدة. | D6: التشغيل 85 · الامتياز 150 محطة
B7: الامتياز والعقود | C7: تنمية الإيراد عبر الامتياز والاستثمار. | D7: الامتياز 167 · الاستثمار 190 عقد
B8: زيادة وصول العملاء | C8: رفع المبيعات والتغطية. | D8: 718.8M لتر · 13 منطقة
B9: الابتكار | C9: مشاريع جديدة وتحول تقني وهوية وتانكي.
B10: التحول التقني وتانكي | C10: أتمتة 164 محطة · D365 · تطبيق تانكي (التسويق). | D10: أتمتة 90% · تانكي تصاعدي
B11: الاستدامة | C11: جودة التشغيل وتجربة العميل والموظفين.
B12: جودة التشغيل وتجربة العميل | C12: جاهزية وأمن سيبراني ورضا. | D12: جاهزية 99% · CSAT 90%
B13: الاستثمار في الموظفين | C13: التوطين والتدريب والاستبقاء. | D13: 6 دورات · استبقاء 90%
B15: الخارطة التنفيذية — المشاريع
B16: المشروع | C16: الركيزة | D16: عدد المؤشرات | E16: الأداء (حي)
B17: التوسع في المواقع | C17: النمو | D17: =COUNTIF('سجل المؤشرات'!$M$4:$M$146,"التوسع في المواقع") | E17: =IFERROR(AVERAGEIFS('سجل المؤشرات'!$AB$4:$AB$146,'سجل المؤشرات'!$M$4:$M$146,"التوسع في المواقع"),"—")
B18: الامتياز التجاري | C18: النمو | D18: =COUNTIF('سجل المؤشرات'!$M$4:$M$146,"الامتياز التجاري") | E18: =IFERROR(AVERAGEIFS('سجل المؤشرات'!$AB$4:$AB$146,'سجل المؤشرات'!$M$4:$M$146,"الامتياز التجاري"),"—")
B19: زيادة وصول العملاء | C19: النمو | D19: =COUNTIF('سجل المؤشرات'!$M$4:$M$146,"زيادة وصول العملاء") | E19: =IFERROR(AVERAGEIFS('سجل المؤشرات'!$AB$4:$AB$146,'سجل المؤشرات'!$M$4:$M$146,"زيادة وصول العملاء"),"—")
B20: إطلاق مشاريع جديدة | C20: الابتكار | D20: =COUNTIF('سجل المؤشرات'!$M$4:$M$146,"إطلاق مشاريع جديدة") | E20: =IFERROR(AVERAGEIFS('سجل المؤشرات'!$AB$4:$AB$146,'سجل المؤشرات'!$M$4:$M$146,"إطلاق مشاريع جديدة"),"—")
B21: تطوير التصاميم والهوية | C21: الابتكار | D21: =COUNTIF('سجل المؤشرات'!$M$4:$M$146,"تطوير التصاميم والهوية") | E21: =IFERROR(AVERAGEIFS('سجل المؤشرات'!$AB$4:$AB$146,'سجل المؤشرات'!$M$4:$M$146,"تطوير التصاميم والهوية"),"—")
B22: التحول التقني | C22: الابتكار | D22: =COUNTIF('سجل المؤشرات'!$M$4:$M$146,"التحول التقني") | E22: =IFERROR(AVERAGEIFS('سجل المؤشرات'!$AB$4:$AB$146,'سجل المؤشرات'!$M$4:$M$146,"التحول التقني"),"—")
B23: ساحات درب | C23: الابتكار | D23: =COUNTIF('سجل المؤشرات'!$M$4:$M$146,"ساحات درب") | E23: =IFERROR(AVERAGEIFS('سجل المؤشرات'!$AB$4:$AB$146,'سجل المؤشرات'!$M$4:$M$146,"ساحات درب"),"—")
B24: تطبيق «تانكي» | C24: الابتكار | D24: =COUNTIF('سجل المؤشرات'!$M$4:$M$146,"تطبيق «تانكي»") | E24: =IFERROR(AVERAGEIFS('سجل المؤشرات'!$AB$4:$AB$146,'سجل المؤشرات'!$M$4:$M$146,"تطبيق «تانكي»"),"—")
B25: تعزيز تجربة العملاء | C25: الاستدامة | D25: =COUNTIF('سجل المؤشرات'!$M$4:$M$146,"تعزيز تجربة العملاء") | E25: =IFERROR(AVERAGEIFS('سجل المؤشرات'!$AB$4:$AB$146,'سجل المؤشرات'!$M$4:$M$146,"تعزيز تجربة العملاء"),"—")
B26: جودة التشغيل | C26: الاستدامة | D26: =COUNTIF('سجل المؤشرات'!$M$4:$M$146,"جودة التشغيل") | E26: =IFERROR(AVERAGEIFS('سجل المؤشرات'!$AB$4:$AB$146,'سجل المؤشرات'!$M$4:$M$146,"جودة التشغيل"),"—")
B27: منظومة التأجير | C27: الاستدامة | D27: =COUNTIF('سجل المؤشرات'!$M$4:$M$146,"منظومة التأجير") | E27: =IFERROR(AVERAGEIFS('سجل المؤشرات'!$AB$4:$AB$146,'سجل المؤشرات'!$M$4:$M$146,"منظومة التأجير"),"—")
B28: الاستثمار في الموظفين | C28: الاستدامة | D28: =COUNTIF('سجل المؤشرات'!$M$4:$M$146,"الاستثمار في الموظفين") | E28: =IFERROR(AVERAGEIFS('سجل المؤشرات'!$AB$4:$AB$146,'سجل المؤشرات'!$M$4:$M$146,"الاستثمار في الموظفين"),"—")

Sheet اللوحة الموجزة
B2: اللوحة الموجزة — تجميع حي من سجل المؤشرات
B4: الإنجاز العام | C4: ✅ محقق | D4: 🟡 قريب | E4: 🔴 تحت الهدف
B5: =IFERROR(AVERAGE('سجل المؤشرات'!$AB$4:$AB$146),0) | C5: =COUNTIF('سجل المؤشرات'!$AC$4:$AC$146,"✅ محقق") | D5: =COUNTIF('سجل المؤشرات'!$AC$4:$AC$146,"🟡 قريب") | E5: =COUNTIF('سجل المؤشرات'!$AC$4:$AC$146,"🔴 تحت الهدف")
B7: الأداء حسب الإدارة | F7: الأداء حسب الركيزة
B8: الإدارة | C8: الأداء | D8: عدد المؤشرات | F8: الركيزة | G8: الأداء
B9: الإدارة التنفيذية | C9: =IFERROR(AVERAGEIFS('سجل المؤشرات'!$AB$4:$AB$146,'سجل المؤشرات'!$B$4:$B$146,"الإدارة التنفيذية"),"—") | D9: =COUNTIF('سجل المؤشرات'!$B$4:$B$146,"الإدارة التنفيذية") | F9: النمو | G9: =IFERROR(AVERAGEIFS('سجل المؤشرات'!$AB$4:$AB$146,'سجل المؤشرات'!$L$4:$L$146,"النمو"),"—")
B10: الامتياز التجاري | C10: =IFERROR(AVERAGEIFS('سجل المؤشرات'!$AB$4:$AB$146,'سجل المؤشرات'!$B$4:$B$146,"الامتياز التجاري"),"—") | D10: =COUNTIF('سجل المؤشرات'!$B$4:$B$146,"الامتياز التجاري") | F10: الابتكار | G10: =IFERROR(AVERAGEIFS('سجل المؤشرات'!$AB$4:$AB$146,'سجل المؤشرات'!$L$4:$L$146,"الابتكار"),"—")
B11: التشغيل والمحطات | C11: =IFERROR(AVERAGEIFS('سجل المؤشرات'!$AB$4:$AB$146,'سجل المؤشرات'!$B$4:$B$146,"التشغيل والمحطات"),"—") | D11: =COUNTIF('سجل المؤشرات'!$B$4:$B$146,"التشغيل والمحطات") | F11: الاستدامة | G11: =IFERROR(AVERAGEIFS('سجل المؤشرات'!$AB$4:$AB$146,'سجل المؤشرات'!$L$4:$L$146,"الاستدامة"),"—")
B12: الاستثمار | C12: =IFERROR(AVERAGEIFS('سجل المؤشرات'!$AB$4:$AB$146,'سجل المؤشرات'!$B$4:$B$146,"الاستثمار"),"—") | D12: =COUNTIF('سجل المؤشرات'!$B$4:$B$146,"الاستثمار")
B13: العقار | C13: =IFERROR(AVERAGEIFS('سجل المؤشرات'!$AB$4:$AB$146,'سجل المؤشرات'!$B$4:$B$146,"العقار"),"—") | D13: =COUNTIF('سجل المؤشرات'!$B$4:$B$146,"العقار") | F13: الأداء حسب منظور BSC
B14: التقنية الرقمية | C14: =IFERROR(AVERAGEIFS('سجل المؤشرات'!$AB$4:$AB$146,'سجل المؤشرات'!$B$4:$B$146,"التقنية الرقمية"),"—") | D14: =COUNTIF('سجل المؤشرات'!$B$4:$B$146,"التقنية الرقمية") | F14: مالي | G14: =IFERROR(AVERAGEIFS('سجل المؤشرات'!$AB$4:$AB$146,'سجل المؤشرات'!$N$4:$N$146,"مالي"),"—")
B15: الموارد البشرية | C15: =IFERROR(AVERAGEIFS('سجل المؤشرات'!$AB$4:$AB$146,'سجل المؤشرات'!$B$4:$B$146,"الموارد البشرية"),"—") | D15: =COUNTIF('سجل المؤشرات'!$B$4:$B$146,"الموارد البشرية") | F15: العملاء | G15: =IFERROR(AVERAGEIFS('سجل المؤشرات'!$AB$4:$AB$146,'سجل المؤشرات'!$N$4:$N$146,"العملاء"),"—")
B16: التسويق | C16: =IFERROR(AVERAGEIFS('سجل المؤشرات'!$AB$4:$AB$146,'سجل المؤشرات'!$B$4:$B$146,"التسويق"),"—") | D16: =COUNTIF('سجل المؤشرات'!$B$4:$B$146,"التسويق") | F16: العمليات الداخلية | G16: =IFERROR(AVERAGEIFS('سجل المؤشرات'!$AB$4:$AB$146,'سجل المؤشرات'!$N$4:$N$146,"العمليات الداخلية"),"—")
F17: التعلّم والنمو | G17: =IFERROR(AVERAGEIFS('سجل المؤشرات'!$AB$4:$AB$146,'سجل المؤشرات'!$N$4:$N$146,"التعلّم والنمو"),"—")

Sheet سجل المؤشرات
A1: درب · سجل مؤشرات الأداء الموحّد 2026 — كل المؤشرات والمستهدفات والمشاريع والاستراتيجية
A2: 🟩 الأشهر = إدخال · YTD ونسبة التحقيق والحالة دلّات حقيقية تُحسب تلقائياً · قيم التقنية والتسويق مُعبّأة فعلياً
A3: # | B3: الإدارة | C3: المحور | D3: المؤشر | E3: الوحدة | F3: القطبية | G3: التجميع | H3: الأولوية | I3: الوزن % | J3: المستهدف | K3: نص المستهدف | L3: الركيزة | M3: المشروع | N3: منظور BSC | O3: يناير | P3: فبراير | Q3: مارس | R3: أبريل | S3: مايو | T3: يونيو | U3: يوليو | V3: أغسطس | W3: سبتمبر | X3: أكتوبر | Y3: نوفمبر | Z3: ديسمبر | AA3: YTD | AB3: نسبة التحقيق | AC3: الحالة
A4: 1 | B4: الإدارة التنفيذية | C4: النمو | D4: إجمالي المحطات المشغّلة — الشركة (تراكمي) | E4: محطة | F4: ↑ | G4: LAST | H4: 🔴 رئيسي | I4: 0.11538 | J4: 235 | K4: ≥ 235 محطة | L4: النمو | M4: التوسع في المواقع | N4: العمليات الداخلية | AA4: =IF($G4="SUM",IF(COUNT($O4:$Z4)=0,"",SUM($O4:$Z4)),IF($G4="AVG",IFERROR(AVERAGE($O4:$Z4),""),IF($G4="LAST",IFERROR(LOOKUP(2,1/($O4:$Z4<>""),$O4:$Z4),""),""))) | AB4: =IF($J4="","",IF($AA4="","",IF($J4=0,IF($AA4<=0,1,0),IF($F4="↓",IFERROR($J4/$AA4,0),IFERROR($AA4/$J4,0))))) | AC4: =IF($AB4="","—",IF($AB4>=1,"✅ محقق",IF($AB4>=0.85,"🟡 قريب","🔴 تحت الهدف")))
A5: 2 | B5: الإدارة التنفيذية | C5: النمو | D5: إجمالي العقود الجديدة — الشركة | E5: عقد | F5: ↑ | G5: SUM | H5: 🔴 رئيسي | I5: 0.11538 | J5: 357 | K5: 357 عقد | L5: النمو | M5: الامتياز التجاري | N5: العمليات الداخلية | AA5: =IF($G5="SUM",IF(COUNT($O5:$Z5)=0,"",SUM($O5:$Z5)),IF($G5="AVG",IFERROR(AVERAGE($O5:$Z5),""),IF($G5="LAST",IFERROR(LOOKUP(2,1/($O5:$Z5<>""),$O5:$Z5),""),""))) | AB5: =IF($J5="","",IF($AA5="","",IF($J5=0,IF($AA5<=0,1,0),IF($F5="↓",IFERROR($J5/$AA5,0),IFERROR($AA5/$J5,0))))) | AC5: =IF($AB5="","—",IF($AB5>=1,"✅ محقق",IF($AB5>=0.85,"🟡 قريب","🔴 تحت الهدف")))
A6: 3 | B6: الإدارة التنفيذية | C6: النمو | D6: إجمالي إيرادات الشركة السنوية | E6: ر.س | F6: ↑ | G6: SUM | H6: 🔴 رئيسي | I6: 0.11538 | K6: تصاعدي مستمر | L6: النمو | M6: زيادة وصول العملاء | N6: مالي | AA6: =IF($G6="SUM",IF(COUNT($O6:$Z6)=0,"",SUM($O6:$Z6)),IF($G6="AVG",IFERROR(AVERAGE($O6:$Z6),""),IF($G6="LAST",IFERROR(LOOKUP(2,1/($O6:$Z6<>""),$O6:$Z6),""),""))) | AB6: =IF($J6="","",IF($AA6="","",IF($J6=0,IF($AA6<=0,1,0),IF($F6="↓",IFERROR($J6/$AA6,0),IFERROR($AA6/$J6,0))))) | AC6: =IF($AB6="","—",IF($AB6>=1,"✅ محقق",IF($AB6>=0.85,"🟡 قريب","🔴 تحت الهدف")))
A7: 4 | B7: الإدارة التنفيذية | C7: النمو | D7: نسبة نمو إيرادات الشركة (سنوي) | E7: % | F7: ↑ | G7: AVG | H7: 🔴 رئيسي | I7: 0.11538 | K7: مستهدف تنفيذي | L7: النمو | M7: زيادة وصول العملاء | N7: مالي | AA7: =IF($G7="SUM",IF(COUNT($O7:$Z7)=0,"",SUM($O7:$Z7)),IF($G7="AVG",IFERROR(AVERAGE($O7:$Z7),""),IF($G7="LAST",IFERROR(LOOKUP(2,1/($O7:$Z7<>""),$O7:$Z7),""),""))) | AB7: =IF($J7="","",IF($AA7="","",IF($J7=0,IF($AA7<=0,1,0),IF($F7="↓",IFERROR($J7/$AA7,0),IFERROR($AA7/$J7,0))))) | AC7: =IF($AB7="","—",IF($AB7>=1,"✅ محقق",IF($AB7>=0.85,"🟡 قريب","🔴 تحت الهدف")))
A8: 5 | B8: الإدارة التنفيذية | C8: الابتكار | D8: نسبة إنجاز مشاريع الخارطة التنفيذية | E8: % | F8: ↑ | G8: LAST | H8: 🟠 مهم | I8: 0.07692 | J8: 1 | K8: 100% | L8: الابتكار | M8: إطلاق مشاريع جديدة | N8: العمليات الداخلية | AA8: =IF($G8="SUM",IF(COUNT($O8:$Z8)=0,"",SUM($O8:$Z8)),IF($G8="AVG",IFERROR(AVERAGE($O8:$Z8),""),IF($G8="LAST",IFERROR(LOOKUP(2,1/($O8:$Z8<>""),$O8:$Z8),""),""))) | AB8: =IF($J8="","",IF($AA8="","",IF($J8=0,IF($AA8<=0,1,0),IF($F8="↓",IFERROR($J8/$AA8,0),IFERROR($AA8/$J8,0))))) | AC8: =IF($AB8="","—",IF($AB8>=1,"✅ محقق",IF($AB8>=0.85,"🟡 قريب","🔴 تحت الهدف")))
A9: 6 | B9: الإدارة التنفيذية | C9: الابتكار | D9: نسبة التحول الرقمي على مستوى الشركة | E9: % | F9: ↑ | G9: LAST | H9: 🟠 مهم | I9: 0.07692 | J9: 0.9 | K9: ≥ 90% | L9: الابتكار | M9: التحول التقني | N9: التعلّم والنمو | AA9: =IF($G9="SUM",IF(COUNT($O9:$Z9)=0,"",SUM($O9:$Z9)),IF($G9="AVG",IFERROR(AVERAGE($O9:$Z9),""),IF($G9="LAST",IFERROR(LOOKUP(2,1/($O9:$Z9<>""),$O9:$Z9),""),""))) | AB9: =IF($J9="","",IF($AA9="","",IF($J9=0,IF($AA9<=0,1,0),IF($F9="↓",IFERROR($J9/$AA9,0),IFERROR($AA9/$J9,0))))) | AC9: =IF($AB9="","—",IF($AB9>=1,"✅ محقق",IF($AB9>=0.85,"🟡 قريب","🔴 تحت الهدف")))
A10: 7 | B10: الإدارة التنفيذية | C10: الاستدامة | D10: مؤشر رضا العملاء العام (الشركة) | E10: % | F10: ↑ | G10: AVG | H10: 🔴 رئيسي | I10: 0.11538 | J10: 0.9 | K10: ≥ 90% | L10: الاستدامة | M10: تعزيز تجربة العملاء | N10: العملاء | AA10: =IF($G10="SUM",IF(COUNT($O10:$Z10)=0,"",SUM($O10:$Z10)),IF($G10="AVG",IFERROR(AVERAGE($O10:$Z10),""),IF($G10="LAST",IFERROR(LOOKUP(2,1/($O10:$Z10<>""),$O10:$Z10),""),""))) | AB10: =IF($J10="","",IF($AA10="","",IF($J10=0,IF($AA10<=0,1,0),IF($F10="↓",IFERROR($J10/$AA10,0),IFERROR($AA10/$J10,0))))) | AC10: =IF($AB10="","—",IF($AB10>=1,"✅ محقق",IF($AB10>=0.85,"🟡 قريب","🔴 تحت الهدف")))
A11: 8 | B11: الإدارة التنفيذية | C11: الاستدامة | D11: مؤشر رضا الموظفين العام (eNPS) | E11: نقطة | F11: ↑ | G11: AVG | H11: 🔴 رئيسي | I11: 0.11538 | J11: 30 | K11: ≥ 30 | L11: الاستدامة | M11: الاستثمار في الموظفين | N11: التعلّم والنمو | AA11: =IF($G11="SUM",IF(COUNT($O11:$Z11)=0,"",SUM($O11:$Z11)),IF($G11="AVG",IFERROR(AVERAGE($O11:$Z11),""),IF($G11="LAST",IFERROR(LOOKUP(2,1/($O11:$Z11<>""),$O11:$Z11),""),""))) | AB11: =IF($J11="","",IF($AA11="","",IF($J11=0,IF($AA11<=0,1,0),IF($F11="↓",IFERROR($J11/$AA11,0),IFERROR($AA11/$J11,0))))) | AC11: =IF($AB11="","—",IF($AB11>=1,"✅ محقق",IF($AB11>=0.85,"🟡 قريب","🔴 تحت الهدف")))
A12: 9 | B12: الإدارة التنفيذية | C12: الاستدامة | D12: نسبة تحقيق المستهدفات الاستراتيجية العامة | E12: % | F12: ↑ | G12: AVG | H12: 🟠 مهم | I12: 0.07692 | J12: 1 | K12: 100% | L12: الاستدامة | M12: جودة التشغيل | N12: العمليات الداخلية | AA12: =IF($G12="SUM",IF(COUNT($O12:$Z12)=0,"",SUM($O12:$Z12)),IF($G12="AVG",IFERROR(AVERAGE($O12:$Z12),""),IF($G12="LAST",IFERROR(LOOKUP(2,1/($O12:$Z12<>""),$O12:$Z12),""),""))) | AB12: =IF($J12="","",IF($AA12="","",IF($J12=0,IF($AA12<=0,1,0),IF($F12="↓",IFERROR($J12/$AA12,0),IFERROR($AA12/$J12,0))))) | AC12: =IF($AB12="","—",IF($AB12>=1,"✅ محقق",IF($AB12>=0.85,"🟡 قريب","🔴 تحت الهدف")))
A13: 10 | B13: الإدارة التنفيذية | C13: النمو | D13: الالتزام بمعايير وزارة الطاقة (تغطية 13 منطقة) | E13: % | F13: ↑ | G13: LAST | H13: 🟠 مهم | I13: 0.07692 | J13: 1 | K13: 100% | L13: النمو | M13: التوسع في المواقع | N13: العمليات الداخلية | AA13: =IF($G13="SUM",IF(COUNT($O13:$Z13)=0,"",SUM($O13:$Z13)),IF($G13="AVG",IFERROR(AVERAGE($O13:$Z13),""),IF($G13="LAST",IFERROR(LOOKUP(2,1/($O13:$Z13<>""),$O13:$Z13),""),""))) | AB13: =IF($J13="","",IF($AA13="","",IF($J13=0,IF($AA13<=0,1,0),IF($F13="↓",IFERROR($J13/$AA13,0),IFERROR($AA13/$J13,0))))) | AC13: =IF($AB13="","—",IF($AB13>=1,"✅ محقق",IF($AB13>=0.85,"🟡 قريب","🔴 تحت الهدف")))
A14: 11 | B14: الامتياز التجاري | C14: النمو والتوسع | D14: عدد محطات الامتياز المشغّلة (تراكمي) | E14: محطة | F14: ↑ | G14: LAST | H14: 🔴 رئيسي | I14: 0.03371 | J14: 150 | K14: 150 محطة | L14: النمو | M14: التوسع في المواقع | N14: العمليات الداخلية | AA14: =IF($G14="SUM",IF(COUNT($O14:$Z14)=0,"",SUM($O14:$Z14)),IF($G14="AVG",IFERROR(AVERAGE($O14:$Z14),""),IF($G14="LAST",IFERROR(LOOKUP(2,1/($O14:$Z14<>""),$O14:$Z14),""),""))) | AB14: =IF($J14="","",IF($AA14="","",IF($J14=0,IF($AA14<=0,1,0),IF($F14="↓",IFERROR($J14/$AA14,0),IFERROR($AA14/$J14,0))))) | AC14: =IF($AB14="","—",IF($AB14>=1,"✅ محقق",IF($AB14>=0.85,"🟡 قريب","🔴 تحت الهدف")))
A15: 12 | B15: الامتياز التجاري | C15: النمو والتوسع | D15: عدد عقود الامتياز الجديدة الموقّعة | E15: عقد | F15: ↑ | G15: SUM | H15: 🔴 رئيسي | I15: 0.03371 | J15: 167 | K15: 167 عقد | L15: النمو | M15: الامتياز التجاري | N15: العمليات الداخلية | AA15: =IF($G15="SUM",IF(COUNT($O15:$Z15)=0,"",SUM($O15:$Z15)),IF($G15="AVG",IFERROR(AVERAGE($O15:$Z15),""),IF($G15="LAST",IFERROR(LOOKUP(2,1/($O15:$Z15<>""),$O15:$Z15),""),""))) | AB15: =IF($J15="","",IF($AA15="","",IF($J15=0,IF($AA15<=0,1,0),IF($F15="↓",IFERROR($J15/$AA15,0),IFERROR($AA15/$J15,0))))) | AC15: =IF($AB15="","—",IF($AB15>=1,"✅ محقق",IF($AB15>=0.85,"🟡 قريب","🔴 تحت الهدف")))
A16: 13 | B16: الامتياز التجاري | C16: المبيعات والأداء التجاري | D16: إجمالي مبيعات وقود محطات الامتياز | E16: لتر | F16: ↑ | G16: SUM | H16: 🔴 رئيسي | I16: 0.03371 | J16: 718838077 | K16: 718.8M لتر | L16: النمو | M16: زيادة وصول العملاء | N16: مالي | AA16: =IF($G16="SUM",IF(COUNT($O16:$Z16)=0,"",SUM($O16:$Z16)),IF($G16="AVG",IFERROR(AVERAGE($O16:$Z16),""),IF($G16="LAST",IFERROR(LOOKUP(2,1/($O16:$Z16<>""),$O16:$Z16),""),""))) | AB16: =IF($J16="","",IF($AA16="","",IF($J16=0,IF($AA16<=0,1,0),IF($F16="↓",IFERROR($J16/$AA16,0),IFERROR($AA16/$J16,0))))) | AC16: =IF($AB16="","—",IF($AB16>=1,"✅ محقق",IF($AB16>=0.85,"🟡 قريب","🔴 تحت الهدف")))
A17: 14 | B17: الامتياز التجاري | C17: المبيعات والأداء التجاري | D17: نسبة المحطات التي حققت مستهدف المبيعات | E17: % | F17: ↑ | G17: AVG | H17: 🔴 رئيسي | I17: 0.03371 | J17: 0.9 | K17: 90%+ | L17: النمو | M17: زيادة وصول العملاء | N17: مالي | AA17: =IF($G17="SUM",IF(COUNT($O17:$Z17)=0,"",SUM($O17:$Z17)),IF($G17="AVG",IFERROR(AVERAGE($O17:$Z17),""),IF($G17="LAST",IFERROR(LOOKUP(2,1/($O17:$Z17<>""),$O17:$Z17),""),""))) | AB17: =IF($J17="","",IF($AA17="","",IF($J17=0,IF($AA17<=0,1,0),IF($F17="↓",IFERROR($J17/$AA17,0),IFERROR($AA17/$J17,0))))) | AC17: =IF($AB17="","—",IF($AB17>=1,"✅ محقق",IF($AB17>=0.85,"🟡 قريب","🔴 تحت الهدف")))
A18: 15 | B18: الامتياز التجاري | C18: المبيعات والأداء التجاري | D18: متوسط مبيعات المحطة الواحدة شهرياً | E18: لتر/محطة | F18: ↑ | G18: AVG | H18: 🔴 رئيسي | I18: 0.03371 | K18: +10% نمو شهري | L18: النمو | M18: زيادة وصول العملاء | N18: مالي | AA18: =IF($G18="SUM",IF(COUNT($O18:$Z18)=0,"",SUM($O18:$Z18)),IF($G18="AVG",IFERROR(AVERAGE($O18:$Z18),""),IF($G18="LAST",IFERROR(LOOKUP(2,1/($O18:$Z18<>""),$O18:$Z18),""),""))) | AB18: =IF($J18="","",IF($AA18="","",IF($J18=0,IF($AA18<=0,1,0),IF($F18="↓",IFERROR($J18/$AA18,0),IFERROR($AA18/$J18,0))))) | AC18: =IF($AB18="","—",IF($AB18>=1,"✅ محقق",IF($AB18>=0.85,"🟡 قريب","🔴 تحت الهدف")))
A19: 16 | B19: الامتياز التجاري | C19: المبيعات والأداء التجاري | D19: نسبة تأجير وحدات الامتياز | E19: % | F19: ↑ | G19: AVG | H19: 🟠 مهم | I19: 0.02247 | J19: 0.7 | K19: 70% | L19: الاستدامة | M19: منظومة التأجير | N19: العمليات الداخلية | AA19: =IF($G19="SUM",IF(COUNT($O19:$Z19)=0,"",SUM($O19:$Z19)),IF($G19="AVG",IFERROR(AVERAGE($O19:$Z19),""),IF($G19="LAST",IFERROR(LOOKUP(2,1/($O19:$Z19<>""),$O19:$Z19),""),""))) | AB19: =IF($J19="","",IF($AA19="","",IF($J19=0,IF($AA19<=0,1,0),IF($F19="↓",IFERROR($J19/$AA19,0),IFERROR($AA19/$J19,0))))) | AC19: =IF($AB19="","—",IF($AB19>=1,"✅ محقق",IF($AB19>=0.85,"🟡 قريب","🔴 تحت الهدف")))
A20: 17 | B20: الامتياز التجاري | C20: الأداء المالي | D20: إجمالي إيرادات إدارة الامتياز | E20: ر.س | F20: ↑ | G20: SUM | H20: 🔴 رئيسي | I20: 0.03371 | K20: تصاعدي مستمر | L20: النمو | M20: الامتياز التجاري | N20: مالي | AA20: =IF($G20="SUM",IF(COUNT($O20:$Z20)=0,"",SUM($O20:$Z20)),IF($G20="AVG",IFERROR(AVERAGE($O20:$Z20),""),IF($G20="LAST",IFERROR(LOOKUP(2,1/($O20:$Z20<>""),$O20:$Z20),""),""))) | AB20: =IF($J20="","",IF($AA20="","",IF($J20=0,IF($AA20<=0,1,0),IF($F20="↓",IFERROR($J20/$AA20,0),IFERROR($AA20/$J20,0))))) | AC20: =IF($AB20="","—",IF($AB20>=1,"✅ محقق",IF($AB20>=0.85,"🟡 قريب","🔴 تحت الهدف")))
A21: 18 | B21: الامتياز التجاري | C21: الأداء المالي | D21: رفع هامش الربحية للامتياز | E21: هللة/لتر | F21: ↑ | G21: AVG | H21: 🟠 مهم | I21: 0.02247 | J21: 1.8 | K21: +1.8 هللة/لتر | L21: النمو | M21: الامتياز التجاري | N21: مالي | AA21: =IF($G21="SUM",IF(COUNT($O21:$Z21)=0,"",SUM($O21:$Z21)),IF($G21="AVG",IFERROR(AVERAGE($O21:$Z21),""),IF($G21="LAST",IFERROR(LOOKUP(2,1/($O21:$Z21<>""),$O21:$Z21),""),""))) | AB21: =IF($J21="","",IF($AA21="","",IF($J21=0,IF($AA21<=0,1,0),IF($F21="↓",IFERROR($J21/$AA21,0),IFERROR($AA21/$J21,0))))) | AC21: =IF($AB21="","—",IF($AB21>=1,"✅ محقق",IF($AB21>=0.85,"🟡 قريب","🔴 تحت الهدف")))
A22: 19 | B22: الامتياز التجاري | C22: الأداء المالي | D22: نسبة التحصيل المالي من شركاء الامتياز | E22: % | F22: ↑ | G22: AVG | H22: 🔴 رئيسي | I22: 0.03371 | J22: 0.95 | K22: 95%+ | L22: الاستدامة | M22: جودة التشغيل | N22: مالي | AA22: =IF($G22="SUM",IF(COUNT($O22:$Z22)=0,"",SUM($O22:$Z22)),IF($G22="AVG",IFERROR(AVERAGE($O22:$Z22),""),IF($G22="LAST",IFERROR(LOOKUP(2,1/($O22:$Z22<>""),$O22:$Z22),""),""))) | AB22: =IF($J22="","",IF($AA22="","",IF($J22=0,IF($AA22<=0,1,0),IF($F22="↓",IFERROR($J22/$AA22,0),IFERROR($AA22/$J22,0))))) | AC22: =IF($AB22="","—",IF($AB22>=1,"✅ محقق",IF($AB22>=0.85,"🟡 قريب","🔴 تحت الهدف")))
A23: 20 | B23: الامتياز التجاري | C23: الأداء المالي | D23: متوسط أيام التحصيل (DSO) | E23: يوم | F23: ↓ | G23: AVG | H23: 🔴 رئيسي | I23: 0.03371 | J23: 30 | K23: ≤ 30 يوم | L23: الاستدامة | M23: جودة التشغيل | N23: مالي | AA23: =IF($G23="SUM",IF(COUNT($O23:$Z23)=0,"",SUM($O23:$Z23)),IF($G23="AVG",IFERROR(AVERAGE($O23:$Z23),""),IF($G23="LAST",IFERROR(LOOKUP(2,1/($O23:$Z23<>""),$O23:$Z23),""),""))) | AB23: =IF($J23="","",IF($AA23="","",IF($J23=0,IF($AA23<=0,1,0),IF($F23="↓",IFERROR($J23/$AA23,0),IFERROR($AA23/$J23,0))))) | AC23: =IF($AB23="","—",IF($AB23>=1,"✅ محقق",IF($AB23>=0.85,"🟡 قريب","🔴 تحت الهدف")))
A24: 21 | B24: الامتياز التجاري | C24: الأداء المالي | D24: إجمالي المستحقات المتأخرة (+30 يوم) | E24: ر.س | F24: ↓ | G24: LAST | H24: 🟠 مهم | I24: 0.02247 | K24: تراجع مستمر | L24: الاستدامة | M24: جودة التشغيل | N24: مالي | AA24: =IF($G24="SUM",IF(COUNT($O24:$Z24)=0,"",SUM($O24:$Z24)),IF($G24="AVG",IFERROR(AVERAGE($O24:$Z24),""),IF($G24="LAST",IFERROR(LOOKUP(2,1/($O24:$Z24<>""),$O24:$Z24),""),""))) | AB24: =IF($J24="","",IF($AA24="","",IF($J24=0,IF($AA24<=0,1,0),IF($F24="↓",IFERROR($J24/$AA24,0),IFERROR($AA24/$J24,0))))) | AC24: =IF($AB24="","—",IF($AB24>=1,"✅ محقق",IF($AB24>=0.85,"🟡 قريب","🔴 تحت الهدف")))
A25: 22 | B25: الامتياز التجاري | C25: الأداء المالي | D25: نسبة الشركاء الملتزمين بمواعيد السداد | E25: % | F25: ↑ | G25: AVG | H25: 🟠 مهم | I25: 0.02247 | J25: 0.9 | K25: 90%+ | L25: الاستدامة | M25: جودة التشغيل | N25: مالي | AA25: =IF($G25="SUM",IF(COUNT($O25:$Z25)=0,"",SUM($O25:$Z25)),IF($G25="AVG",IFERROR(AVERAGE($O25:$Z25),""),IF($G25="LAST",IFERROR(LOOKUP(2,1/($O25:$Z25<>""),$O25:$Z25),""),""))) | AB25: =IF($J25="","",IF($AA25="","",IF($J25=0,IF($AA25<=0,1,0),IF($F25="↓",IFERROR($J25/$AA25,0),IFERROR($AA25/$J25,0))))) | AC25: =IF($AB25="","—",IF($AB25>=1,"✅ محقق",IF($AB25>=0.85,"🟡 قريب","🔴 تحت الهدف")))
A26: 23 | B26: الامتياز التجاري | C26: الأداء المالي | D26: معدل دوران رأس المال (أيام الدورة) | E26: يوم | F26: ↓ | G26: AVG | H26: 🟠 مهم | I26: 0.02247 | J26: 5 | K26: ≤ 5 أيام | L26: الاستدامة | M26: جودة التشغيل | N26: مالي | AA26: =IF($G26="SUM",IF(COUNT($O26:$Z26)=0,"",SUM($O26:$Z26)),IF($G26="AVG",IFERROR(AVERAGE($O26:$Z26),""),IF($G26="LAST",IFERROR(LOOKUP(2,1/($O26:$Z26<>""),$O26:$Z26),""),""))) | AB26: =IF($J26="","",IF($AA26="","",IF($J26=0,IF($AA26<=0,1,0),IF($F26="↓",IFERROR($J26/$AA26,0),IFERROR($AA26/$J26,0))))) | AC26: =IF($AB26="","—",IF($AB26>=1,"✅ محقق",IF($AB26>=0.85,"🟡 قريب","🔴 تحت الهدف")))
A27: 24 | B27: الامتياز التجاري | C27: التشغيل والجودة | D27: نسبة جاهزية محطات الامتياز (صفر انقطاع) | E27: % | F27: ↑ | G27: AVG | H27: 🔴 رئيسي | I27: 0.03371 | J27: 0.99 | K27: 99%+ | L27: الاستدامة | M27: جودة التشغيل | N27: العمليات الداخلية | AA27: =IF($G27="SUM",IF(COUNT($O27:$Z27)=0,"",SUM($O27:$Z27)),IF($G27="AVG",IFERROR(AVERAGE($O27:$Z27),""),IF($G27="LAST",IFERROR(LOOKUP(2,1/($O27:$Z27<>""),$O27:$Z27),""),""))) | AB27: =IF($J27="","",IF($AA27="","",IF($J27=0,IF($AA27<=0,1,0),IF($F27="↓",IFERROR($J27/$AA27,0),IFERROR($AA27/$J27,0))))) | AC27: =IF($AB27="","—",IF($AB27>=1,"✅ محقق",IF($AB27>=0.85,"🟡 قريب","🔴 تحت الهدف")))
A28: 25 | B28: الامتياز التجاري | C28: التشغيل والجودة | D28: عدد حالات انقطاع الوقود الموثّقة | E28: حالة | F28: ↓ | G28: SUM | H28: 🟠 مهم | I28: 0.02247 | J28: 0 | K28: 0 حالة | L28: الاستدامة | M28: جودة التشغيل | N28: العمليات الداخلية | AA28: =IF($G28="SUM",IF(COUNT($O28:$Z28)=0,"",SUM($O28:$Z28)),IF($G28="AVG",IFERROR(AVERAGE($O28:$Z28),""),IF($G28="LAST",IFERROR(LOOKUP(2,1/($O28:$Z28<>""),$O28:$Z28),""),""))) | AB28: =IF($J28="","",IF($AA28="","",IF($J28=0,IF($AA28<=0,1,0),IF($F28="↓",IFERROR($J28/$AA28,0),IFERROR($AA28/$J28,0))))) | AC28: =IF($AB28="","—",IF($AB28>=1,"✅ محقق",IF($AB28>=0.85,"🟡 قريب","🔴 تحت الهدف")))
A29: 26 | B29: الامتياز التجاري | C29: التشغيل والجودة | D29: نسبة إغلاق ملاحظات الجودة الميدانية | E29: % | F29: ↑ | G29: AVG | H29: 🟠 مهم | I29: 0.02247 | J29: 0.95 | K29: 95%+ | L29: الاستدامة | M29: جودة التشغيل | N29: العمليات الداخلية | AA29: =IF($G29="SUM",IF(COUNT($O29:$Z29)=0,"",SUM($O29:$Z29)),IF($G29="AVG",IFERROR(AVERAGE($O29:$Z29),""),IF($G29="LAST",IFERROR(LOOKUP(2,1/($O29:$Z29<>""),$O29:$Z29),""),""))) | AB29: =IF($J29="","",IF($AA29="","",IF($J29=0,IF($AA29<=0,1,0),IF($F29="↓",IFERROR($J29/$AA29,0),IFERROR($AA29/$J29,0))))) | AC29: =IF($AB29="","—",IF($AB29>=1,"✅ محقق",IF($AB29>=0.85,"🟡 قريب","🔴 تحت الهدف")))
A30: 27 | B30: الامتياز التجاري | C30: التشغيل والجودة | D30: متوسط درجة تقييم جودة المحطة (قائمة التحقق) | E30: درجة/100 | F30: ↑ | G30: AVG | H30: 🔴 رئيسي | I30: 0.03371 | J30: 85 | K30: 85+ | L30: الاستدامة | M30: جودة التشغيل | N30: العمليات الداخلية | AA30: =IF($G30="SUM",IF(COUNT($O30:$Z30)=0,"",SUM($O30:$Z30)),IF($G30="AVG",IFERROR(AVERAGE($O30:$Z30),""),IF($G30="LAST",IFERROR(LOOKUP(2,1/($O30:$Z30<>""),$O30:$Z30),""),""))) | AB30: =IF($J30="","",IF($AA30="","",IF($J30=0,IF($AA30<=0,1,0),IF($F30="↓",IFERROR($J30/$AA30,0),IFERROR($AA30/$J30,0))))) | AC30: =IF($AB30="","—",IF($AB30>=1,"✅ محقق",IF($AB30>=0.85,"🟡 قريب","🔴 تحت الهدف")))
A31: 28 | B31: الامتياز التجاري | C31: التشغيل والجودة | D31: نسبة تنفيذ الزيارات الميدانية المجدولة | E31: % | F31: ↑ | G31: AVG | H31: 🟠 مهم | I31: 0.02247 | J31: 1 | K31: 100% | L31: الاستدامة | M31: جودة التشغيل | N31: العمليات الداخلية | AA31: =IF($G31="SUM",IF(COUNT($O31:$Z31)=0,"",SUM($O31:$Z31)),IF($G31="AVG",IFERROR(AVERAGE($O31:$Z31),""),IF($G31="LAST",IFERROR(LOOKUP(2,1/($O31:$Z31<>""),$O31:$Z31),""),""))) | AB31: =IF($J31="","",IF($AA31="","",IF($J31=0,IF($AA31<=0,1,0),IF($F31="↓",IFERROR($J31/$AA31,0),IFERROR($AA31/$J31,0))))) | AC31: =IF($AB31="","—",IF($AB31>=1,"✅ محقق",IF($AB31>=0.85,"🟡 قريب","🔴 تحت الهدف")))
A32: 29 | B32: الامتياز التجاري | C32: التشغيل والجودة | D32: نسبة المحطات المستوفية لمعايير السلامة | E32: % | F32: ↑ | G32: AVG | H32: 🔴 رئيسي | I32: 0.03371 | J32: 1 | K32: 100% | L32: الاستدامة | M32: جودة التشغيل | N32: العمليات الداخلية | AA32: =IF($G32="SUM",IF(COUNT($O32:$Z32)=0,"",SUM($O32:$Z32)),IF($G32="AVG",IFERROR(AVERAGE($O32:$Z32),""),IF($G32="LAST",IFERROR(LOOKUP(2,1/($O32:$Z32<>""),$O32:$Z32),""),""))) | AB32: =IF($J32="","",IF($AA32="","",IF($J32=0,IF($AA32<=0,1,0),IF($F32="↓",IFERROR($J32/$AA32,0),IFERROR($AA32/$J32,0))))) | AC32: =IF($AB32="","—",IF($AB32>=1,"✅ محقق",IF($AB32>=0.85,"🟡 قريب","🔴 تحت الهدف")))
A33: 30 | B33: الامتياز التجاري | C33: التشغيل والجودة | D33: متوسط وقت معالجة البلاغات التشغيلية | E33: ساعة | F33: ↓ | G33: AVG | H33: 🟠 مهم | I33: 0.02247 | J33: 24 | K33: ≤ 24 ساعة | L33: الاستدامة | M33: جودة التشغيل | N33: العمليات الداخلية | AA33: =IF($G33="SUM",IF(COUNT($O33:$Z33)=0,"",SUM($O33:$Z33)),IF($G33="AVG",IFERROR(AVERAGE($O33:$Z33),""),IF($G33="LAST",IFERROR(LOOKUP(2,1/($O33:$Z33<>""),$O33:$Z33),""),""))) | AB33: =IF($J33="","",IF($AA33="","",IF($J33=0,IF($AA33<=0,1,0),IF($F33="↓",IFERROR($J33/$AA33,0),IFERROR($AA33/$J33,0))))) | AC33: =IF($AB33="","—",IF($AB33>=1,"✅ محقق",IF($AB33>=0.85,"🟡 قريب","🔴 تحت الهدف")))
A34: 31 | B34: الامتياز التجاري | C34: التشغيل والجودة | D34: نسبة أتمتة محطات الامتياز | E34: % | F34: ↑ | G34: LAST | H34: 🔴 رئيسي | I34: 0.03371 | J34: 0.9 | K34: 90% | L34: الابتكار | M34: التحول التقني | N34: التعلّم والنمو | AA34: =IF($G34="SUM",IF(COUNT($O34:$Z34)=0,"",SUM($O34:$Z34)),IF($G34="AVG",IFERROR(AVERAGE($O34:$Z34),""),IF($G34="LAST",IFERROR(LOOKUP(2,1/($O34:$Z34<>""),$O34:$Z34),""),""))) | AB34: =IF($J34="","",IF($AA34="","",IF($J34=0,IF($AA34<=0,1,0),IF($F34="↓",IFERROR($J34/$AA34,0),IFERROR($AA34/$J34,0))))) | AC34: =IF($AB34="","—",IF($AB34>=1,"✅ محقق",IF($AB34>=0.85,"🟡 قريب","🔴 تحت الهدف")))
A35: 32 | B35: الامتياز التجاري | C35: التشغيل والجودة | D35: نسبة تطبيق المعيار الشامل داخل المحطات | E35: % | F35: ↑ | G35: LAST | H35: 🟡 متابعة | I35: 0.01124 | J35: 0.3 | K35: 30% | L35: الابتكار | M35: التحول التقني | N35: العمليات الداخلية | AA35: =IF($G35="SUM",IF(COUNT($O35:$Z35)=0,"",SUM($O35:$Z35)),IF($G35="AVG",IFERROR(AVERAGE($O35:$Z35),""),IF($G35="LAST",IFERROR(LOOKUP(2,1/($O35:$Z35<>""),$O35:$Z35),""),""))) | AB35: =IF($J35="","",IF($AA35="","",IF($J35=0,IF($AA35<=0,1,0),IF($F35="↓",IFERROR($J35/$AA35,0),IFERROR($AA35/$J35,0))))) | AC35: =IF($AB35="","—",IF($AB35>=1,"✅ محقق",IF($AB35>=0.85,"🟡 قريب","🔴 تحت الهدف")))
A36: 33 | B36: الامتياز التجاري | C36: الهوية والتسويق | D36: نسبة التزام المحطات بالهوية المؤسسية | E36: % | F36: ↑ | G36: LAST | H36: 🔴 رئيسي | I36: 0.03371 | J36: 0.55 | K36: 55% | L36: الابتكار | M36: تطوير التصاميم والهوية | N36: التعلّم والنمو | AA36: =IF($G36="SUM",IF(COUNT($O36:$Z36)=0,"",SUM($O36:$Z36)),IF($G36="AVG",IFERROR(AVERAGE($O36:$Z36),""),IF($G36="LAST",IFERROR(LOOKUP(2,1/($O36:$Z36<>""),$O36:$Z36),""),""))) | AB36: =IF($J36="","",IF($AA36="","",IF($J36=0,IF($AA36<=0,1,0),IF($F36="↓",IFERROR($J36/$AA36,0),IFERROR($AA36/$J36,0))))) | AC36: =IF($AB36="","—",IF($AB36>=1,"✅ محقق",IF($AB36>=0.85,"🟡 قريب","🔴 تحت الهدف")))
... A43: 40 | B43: الامتياز التجاري | C43: تجربة العملاء والشركاء | D43: نسبة حل الشكاوى خلال المدة المحددة | E43: % | F43: ↑ | G43: AVG | H43: 🟠 مهم | I43: 0.02247 | J43: 0.95 | K43: 95%+ | L43: الاستدامة | M43: تعزيز تجربة العملاء | N43: العملاء | AA43: =IF($G43="SUM",IF(COUNT($O43:$Z43)=0,"",SUM($O43:$Z43)),IF($G43="AVG",IFERROR(AVERAGE($O43:$Z43),""),IF($G43="LAST",IFERROR(LOOKUP(2,1/($O43:$Z43<>""),$O43:$Z43),""),""))) | AB43: =IF($J43="","",IF($AA43="","",IF($J43=0,IF($AA43<=0,1,0),IF($F43="↓",IFERROR($J43/$AA43,0),IFERROR($AA43/$J43,0))))) | AC43: =IF($AB43="","—",IF($AB43>=1,"✅ محقق",IF($AB43>=0.85,"🟡 قريب","🔴 تحت الهدف")))
A44: 41 | B44: الامتياز التجاري | C44: تجربة العملاء والشركاء | D44: نسبة انخفاض الشكاوى التشغيلية والإدارية | E44: % | F44: ↑ | G44: AVG | H44: 🟠 مهم | I44: 0.02247 | K44: -30% | L44: الاستدامة | M44: تعزيز تجربة العملاء | N44: العملاء | AA44: =IF($G44="SUM",IF(COUNT($O44:$Z44)=0,"",SUM($O44:$Z44)),IF($G44="AVG",IFERROR(AVERAGE($O44:$Z44),""),IF($G44="LAST",IFERROR(LOOKUP(2,1/($O44:$Z44<>""),$O44:$Z44),""),""))) | AB44: =IF($J44="","",IF($AA44="","",IF($J44=0,IF($AA44<=0,1,0),IF($F44="↓",IFERROR($J44/$AA44,0),IFERROR($AA44/$J44,0))))) | AC44: =IF($AB44="","—",IF($AB44>=1,"✅ محقق",IF($AB44>=0.85,"🟡 قريب","🔴 تحت الهدف")))
A45: 42 | B45: الامتياز التجاري | C45: استدامة الشراكة والامتثال | D45: نسبة استدامة أصحاب الامتياز (Retention) | E45: % | F45: ↑ | G45: LAST | H45: 🟠 مهم | I45: 0.02247 | J45: 0.9 | K45: 90% | L45: الاستدامة | M45: تعزيز تجربة العملاء | N45: العمليات الداخلية | AA45: =IF($G45="SUM",IF(COUNT($O45:$Z45)=0,"",SUM($O45:$Z45)),IF($G45="AVG",IFERROR(AVERAGE($O45:$Z45),""),IF($G45="LAST",IFERROR(LOOKUP(2,1/($O45:$Z45<>""),$O45:$Z45),""),""))) | AB45: =IF($J45="","",IF($AA45="","",IF($J45=0,IF($AA45<=0,1,0),IF($F45="↓",IFERROR($J45/$AA45,0),IFERROR($AA45/$J45,0))))) | AC45: =IF($AB45="","—",IF($AB45>=1,"✅ محقق",IF($AB45>=0.85,"🟡 قريب","🔴 تحت الهدف")))
A46: 43 | B46: الامتياز التجاري | C46: استدامة الشراكة والامتثال | D46: نسبة زيادة عدد أصحاب الامتياز | E46: % | F46: ↑ | G46: LAST | H46: 🟠 مهم | I46: 0.02247 | J46: 1 | K46: 100% نمو | L46: الاستدامة | M46: تعزيز تجربة العملاء | N46: العمليات الداخلية | AA46: =IF($G46="SUM",IF(COUNT($O46:$Z46)=0,"",SUM($O46:$Z46)),IF($G46="AVG",IFERROR(AVERAGE($O46:$Z46),""),IF($G46="LAST",IFERROR(LOOKUP(2,1/($O46:$Z46<>""),$O46:$Z46),""),""))) | AB46: =IF($J46="","",IF($AA46="","",IF($J46=0,IF($AA46<=0,1,0),IF($F46="↓",IFERROR($J46/$AA46,0),IFERROR($AA46/$J46,0))))) | AC46: =IF($AB46="","—",IF($AB46>=1,"✅ محقق",IF($AB46>=0.85,"🟡 قريب","🔴 تحت الهدف")))
A47: 44 | B47: الامتياز التجاري | C47: استدامة الشراكة والامتثال | D47: نسبة اكتمال المستندات النظامية قبل التوقيع | E47: % | F47: ↑ | G47: AVG | H47: 🟡 متابعة | I47: 0.01124 | J47: 1 | K47: 100% | L47: الاستدامة | M47: جودة التشغيل | N47: العمليات الداخلية | AA47: =IF($G47="SUM",IF(COUNT($O47:$Z47)=0,"",SUM($O47:$Z47)),IF($G47="AVG",IFERROR(AVERAGE($O47:$Z47),""),IF($G47="LAST",IFERROR(LOOKUP(2,1/($O47:$Z47<>""),$O47:$Z47),""),""))) | AB47: =IF($J47="","",IF($AA47="","",IF($J47=0,IF($AA47<=0,1,0),IF($F47="↓",IFERROR($J47/$AA47,0),IFERROR($AA47/$J47,0))))) | AC47: =IF($AB47="","—",IF($AB47>=1,"✅ محقق",IF($AB47>=0.85,"🟡 قريب","🔴 تحت الهدف")))
A48: 45 | B48: الامتياز التجاري | C48: استدامة الشراكة والامتثال | D48: متوسط مدة إغلاق عقد الامتياز | E48: أسبوع | F48: ↓ | G48: AVG | H48: 🔴 رئيسي | I48: 0.03371 | J48: 1 | K48: ≤ أسبوع | L48: النمو | M48: الامتياز التجاري | N48: العمليات الداخلية | AA48: =IF($G48="SUM",IF(COUNT($O48:$Z48)=0,"",SUM($O48:$Z48)),IF($G48="AVG",IFERROR(AVERAGE($O48:$Z48),""),IF($G48="LAST",IFERROR(LOOKUP(2,1/($O48:$Z48<>""),$O48:$Z48),""),""))) | AB48: =IF($J48="","",IF($AA48="","",IF($J48=0,IF($AA48<=0,1,0),IF($F48="↓",IFERROR($J48/$AA48,0),IFERROR($AA48/$J48,0))))) | AC48: =IF($AB48="","—",IF($AB48>=1,"✅ محقق",IF($AB48>=0.85,"🟡 قريب","🔴 تحت الهدف")))
A49: 46 | B49: الامتياز التجاري | C49: استدامة الشراكة والامتثال | D49: نسبة إنجاز التقارير الدورية في موعدها | E49: % | F49: ↑ | G49: AVG | H49: 🟡 متابعة | I49: 0.01124 | J49: 1 | K49: 100% | L49: الاستدامة | M49: جودة التشغيل | N49: العمليات الداخلية | AA49: =IF($G49="SUM",IF(COUNT($O49:$Z49)=0,"",SUM($O49:$Z49)),IF($G49="AVG",IFERROR(AVERAGE($O49:$Z49),""),IF($G49="LAST",IFERROR(LOOKUP(2,1/($O49:$Z49<>""),$O49:$Z49),""),""))) | AB49: =IF($J49="","",IF($AA49="","",IF($J49=0,IF($AA49<=0,1,0),IF($F49="↓",IFERROR($J49/$AA49,0),IFERROR($AA49/$J49,0))))) | AC49: =IF($AB49="","—",IF($AB49>=1,"✅ محقق",IF($AB49>=0.85,"🟡 قريب","🔴 تحت الهدف")))
A50: 47 | B50: التشغيل والمحطات | C50: النمو | D50: عدد المحطات المشغّلة (تراكمي) | E50: محطة | F50: ↑ | G50: LAST | H50: 🔴 رئيسي | I50: 0.075 | J50: 85 | K50: 85 محطة | L50: النمو | M50: التوسع في المواقع | N50: العمليات الداخلية | AA50: =IF($G50="SUM",IF(COUNT($O50:$Z50)=0,"",SUM($O50:$Z50)),IF($G50="AVG",IFERROR(AVERAGE($O50:$Z50),""),IF($G50="LAST",IFERROR(LOOKUP(2,1/($O50:$Z50<>""),$O50:$Z50),""),""))) | AB50: =IF($J50="","",IF($AA50="","",IF($J50=0,IF($AA50<=0,1,0),IF($F50="↓",IFERROR($J50/$AA50,0),IFERROR($AA50/$J50,0))))) | AC50: =IF($AB50="","—",IF($AB50>=1,"✅ محقق",IF($AB50>=0.85,"🟡 قريب","🔴 تحت الهدف")))
A51: 48 | B51: التشغيل والمحطات | C51: الربحية | D51: نمو مبيعات بنزين 91 مقارنة بالعام السابق | E51: % | F51: ↑ | G51: AVG | H51: 🔴 رئيسي | I51: 0.075 | K51: يُحدد لاحقاً | L51: النمو | M51: زيادة وصول العملاء | N51: مالي | AA51: =IF($G51="SUM",IF(COUNT($O51:$Z51)=0,"",SUM($O51:$Z51)),IF($G51="AVG",IFERROR(AVERAGE($O51:$Z51),""),IF($G51="LAST",IFERROR(LOOKUP(2,1/($O51:$Z51<>""),$O51:$Z51),""),""))) | AB51: =IF($J51="","",IF($AA51="","",IF($J51=0,IF($AA51<=0,1,0),IF($F51="↓",IFERROR($J51/$AA51,0),IFERROR($AA51/$J51,0))))) | AC51: =IF($AB51="","—",IF($AB51>=1,"✅ محقق",IF($AB51>=0.85,"🟡 قريب","🔴 تحت الهدف")))
A52: 49 | B52: التشغيل والمحطات | C52: الربحية | D52: نمو مبيعات بنزين 95 مقارنة بالعام السابق | E52: % | F52: ↑ | G52: AVG | H52: 🔴 رئيسي | I52: 0.075 | K52: يُحدد لاحقاً | L52: النمو | M52: زيادة وصول العملاء | N52: مالي | AA52: =IF($G52="SUM",IF(COUNT($O52:$Z52)=0,"",SUM($O52:$Z52)),IF($G52="AVG",IFERROR(AVERAGE($O52:$Z52),""),IF($G52="LAST",IFERROR(LOOKUP(2,1/($O52:$Z52<>""),$O52:$Z52),""),""))) | AB52: =IF($J52="","",IF($AA52="","",IF($J52=0,IF($AA52<=0,1,0),IF($F52="↓",IFERROR($J52/$AA52,0),IFERROR($AA52/$J52,0))))) | AC52: =IF($AB52="","—",IF($AB52>=1,"✅ محقق",IF($AB52>=0.85,"🟡 قريب","🔴 تحت الهدف")))
A53: 50 | B53: التشغيل والمحطات | C53: الربحية | D53: نمو مبيعات بنزين 98 مقارنة بالعام السابق | E53: % | F53: ↑ | G53: AVG | H53: 🔴 رئيسي | I53: 0.075 | K53: يُحدد لاحقاً | L53: النمو | M53: زيادة وصول العملاء | N53: مالي | AA53: =IF($G53="SUM",IF(COUNT($O53:$Z53)=0,"",SUM($O53:$Z53)),IF($G53="AVG",IFERROR(AVERAGE($O53:$Z53),""),IF($G53="LAST",IFERROR(LOOKUP(2,1/($O53:$Z53<>""),$O53:$Z53),""),""))) | AB53: =IF($J53="","",IF($AA53="","",IF($J53=0,IF($AA53<=0,1,0),IF($F53="↓",IFERROR($J53/$AA53,0),IFERROR($AA53/$J53,0))))) | AC53: =IF($AB53="","—",IF($AB53>=1,"✅ محقق",IF($AB53>=0.85,"🟡 قريب","🔴 تحت الهدف")))
A54: 51 | B54: التشغيل والمحطات | C54: الربحية | D54: نمو مبيعات الديزل مقارنة بالعام السابق | E54: % | F54: ↑ | G54: AVG | H54: 🔴 رئيسي | I54: 0.075 | K54: يُحدد لاحقاً | L54: النمو | M54: زيادة وصول العملاء | N54: مالي | AA54: =IF($G54="SUM",IF(COUNT($O54:$Z54)=0,"",SUM($O54:$Z54)),IF($G54="AVG",IFERROR(AVERAGE($O54:$Z54),""),IF($G54="LAST",IFERROR(LOOKUP(2,1/($O54:$Z54<>""),$O54:$Z54),""),""))) | AB54: =IF($J54="","",IF($AA54="","",IF($J54=0,IF($AA54<=0,1,0),IF($F54="↓",IFERROR($J54/$AA54,0),IFERROR($AA54/$J54,0))))) | AC54: =IF($AB54="","—",IF($AB54>=1,"✅ محقق",IF($AB54>=0.85,"🟡 قريب","🔴 تحت الهدف")))
A55: 52 | B55: التشغيل والمحطات | C55: حماية الإيراد | D55: نسبة جاهزية المحطة الشاملة (Uptime) | E55: % | F55: ↑ | G55: AVG | H55: 🔴 رئيسي | I55: 0.075 | J55: 0.99 | K55: 99%+ | L55: الاستدامة | M55: جودة التشغيل | N55: العمليات الداخلية | AA55: =IF($G55="SUM",IF(COUNT($O55:$Z55)=0,"",SUM($O55:$Z55)),IF($G55="AVG",IFERROR(AVERAGE($O55:$Z55),""),IF($G55="LAST",IFERROR(LOOKUP(2,1/($O55:$Z55<>""),$O55:$Z55),""),""))) | AB55: =IF($J55="","",IF($AA55="","",IF($J55=0,IF($AA55<=0,1,0),IF($F55="↓",IFERROR($J55/$AA55,0),IFERROR($AA55/$J55,0))))) | AC55: =IF($AB55="","—",IF($AB55>=1,"✅ محقق",IF($AB55>=0.85,"🟡 قريب","🔴 تحت الهدف")))
A56: 53 | B56: التشغيل والمحطات | C56: حماية الإيراد | D56: نسبة المضخات العاملة | E56: % | F56: ↑ | G56: AVG | H56: 🟠 مهم | I56: 0.05 | J56: 0.97 | K56: ≥ 97% | L56: الاستدامة | M56: جودة التشغيل | N56: العمليات الداخلية | AA56: =IF($G56="SUM",IF(COUNT($O56:$Z56)=0,"",SUM($O56:$Z56)),IF($G56="AVG",IFERROR(AVERAGE($O56:$Z56),""),IF($G56="LAST",IFERROR(LOOKUP(2,1/($O56:$Z56<>""),$O56:$Z56),""),""))) | AB56: =IF($J56="","",IF($AA56="","",IF($J56=0,IF($AA56<=0,1,0),IF($F56="↓",IFERROR($J56/$AA56,0),IFERROR($AA56/$J56,0))))) | AC56: =IF($AB56="","—",IF($AB56>=1,"✅ محقق",IF($AB56>=0.85,"🟡 قريب","🔴 تحت الهدف")))
A57: 54 | B57: التشغيل والمحطات | C57: ضغط التكلفة | D57: تكلفة التشغيل لكل لتر مباع | E57: هللة/لتر | F57: ↓ | G57: AVG | H57: 🟠 مهم | I57: 0.05 | K57: خفض ≥5% سنوياً | L57: الاستدامة | M57: جودة التشغيل | N57: مالي | AA57: =IF($G57="SUM",IF(COUNT($O57:$Z57)=0,"",SUM($O57:$Z57)),IF($G57="AVG",IFERROR(AVERAGE($O57:$Z57),""),IF($G57="LAST",IFERROR(LOOKUP(2,1/($O57:$Z57<>""),$O57:$Z57),""),""))) | AB57: =IF($J57="","",IF($AA57="","",IF($J57=0,IF($AA57<=0,1,0),IF($F57="↓",IFERROR($J57/$AA57,0),IFERROR($AA57/$J57,0))))) | AC57: =IF($AB57="","—",IF($AB57>=1,"✅ محقق",IF($AB57>=0.85,"🟡 قريب","🔴 تحت الهدف")))
A58: 55 | B58: التشغيل والمحطات | C58: حماية الأصول | D58: نسبة الصيانة الوقائية المنفذة في موعدها | E58: % | F58: ↑ | G58: AVG | H58: 🟠 مهم | I58: 0.05 | J58: 0.95 | K58: ≥ 95% | L58: الاستدامة | M58: جودة التشغيل | N58: العمليات الداخلية | AA58: =IF($G58="SUM",IF(COUNT($O58:$Z58)=0,"",SUM($O58:$Z58)),IF($G58="AVG",IFERROR(AVERAGE($O58:$Z58),""),IF($G58="LAST",IFERROR(LOOKUP(2,1/($O58:$Z58<>""),$O58:$Z58),""),""))) | AB58: =IF($J58="","",IF($AA58="","",IF($J58=0,IF($AA58<=0,1,0),IF($F58="↓",IFERROR($J58/$AA58,0),IFERROR($AA58/$J58,0))))) | AC58: =IF($AB58="","—",IF($AB58>=1,"✅ محقق",IF($AB58>=0.85,"🟡 قريب","🔴 تحت الهدف")))
A59: 56 | B59: التشغيل والمحطات | C59: تجربة العميل | D59: نسبة انخفاض الشكاوى مقارنة بالشهر السابق | E59: % | F59: ↑ | G59: AVG | H59: 🟠 مهم | I59: 0.05 | K59: −30% | L59: الاستدامة | M59: تعزيز تجربة العملاء | N59: العملاء | AA59: =IF($G59="SUM",IF(COUNT($O59:$Z59)=0,"",SUM($O59:$Z59)),IF($G59="AVG",IFERROR(AVERAGE($O59:$Z59),""),IF($G59="LAST",IFERROR(LOOKUP(2,1/($O59:$Z59<>""),$O59:$Z59),""),""))) | AB59: =IF($J59="","",IF($AA59="","",IF($J59=0,IF($AA59<=0,1,0),IF($F59="↓",IFERROR($J59/$AA59,0),IFERROR($AA59/$J59,0))))) | AC59: =IF($AB59="","—",IF($AB59>=1,"✅ محقق",IF($AB59>=0.85,"🟡 قريب","🔴 تحت الهدف")))
A60: 57 | B60: التشغيل والمحطات | C60: تجربة العميل | D60: تقييم Google Maps للمحطات | E60: نجمة/5 | F60: ↑ | G60: AVG | H60: 🔴 رئيسي | I60: 0.075 | J60: 4.5 | K60: ≥ 4.5 | L60: الاستدامة | M60: تعزيز تجربة العملاء | N60: العمليات الداخلية | AA60: =IF($G60="SUM",IF(COUNT($O60:$Z60)=0,"",SUM($O60:$Z60)),IF($G60="AVG",IFERROR(AVERAGE($O60:$Z60),""),IF($G60="LAST",IFERROR(LOOKUP(2,1/($O60:$Z60<>""),$O60:$Z60),""),""))) | AB60: =IF($J60="","",IF($AA60="","",IF($J60=0,IF($AA60<=0,1,0),IF($F60="↓",IFERROR($J60/$AA60,0),IFERROR($AA60/$J60,0))))) | AC60: =IF($AB60="","—",IF($AB60>=1,"✅ محقق",IF($AB60>=0.85,"🟡 قريب","🔴 تحت الهدف")))
A61: 58 | B61: التشغيل والمحطات | C61: تجربة العميل | D61: سرعة تعبئة الوقود | E61: دقيقة | F61: ↓ | G61: AVG | H61: 🟠 مهم | I61: 0.05 | J61: 3 | K61: ≤ 3 دقائق | L61: الاستدامة | M61: تعزيز تجربة العملاء | N61: العمليات الداخلية | AA61: =IF($G61="SUM",IF(COUNT($O61:$Z61)=0,"",SUM($O61:$Z61)),IF($G61="AVG",IFERROR(AVERAGE($O61:$Z61),""),IF($G61="LAST",IFERROR(LOOKUP(2,1/($O61:$Z61<>""),$O61:$Z61),""),""))) | AB61: =IF($J61="","",IF($AA61="","",IF($J61=0,IF($AA61<=0,1,0),IF($F61="↓",IFERROR($J61/$AA61,0),IFERROR($AA61/$J61,0))))) | AC61: =IF($AB61="","—",IF($AB61>=1,"✅ محقق",IF($AB61>=0.85,"🟡 قريب","🔴 تحت الهدف")))
A62: 59 | B62: التشغيل والمحطات | C62: تجربة العميل | D62: دقة التعبئة بدون أخطاء | E62: % | F62: ↑ | G62: AVG | H62: 🟠 مهم | I62: 0.05 | J62: 0.99 | K62: ≥ 99% | L62: الاستدامة | M62: جودة التشغيل | N62: العمليات الداخلية | AA62: =IF($G62="SUM",IF(COUNT($O62:$Z62)=0,"",SUM($O62:$Z62)),IF($G62="AVG",IFERROR(AVERAGE($O62:$Z62),""),IF($G62="LAST",IFERROR(LOOKUP(2,1/($O62:$Z62<>""),$O62:$Z62),""),""))) | AB62: =IF($J62="","",IF($AA62="","",IF($J62=0,IF($AA62<=0,1,0),IF($F62="↓",IFERROR($J62/$AA62,0),IFERROR($AA62/$J62,0))))) | AC62: =IF($AB62="","—",IF($AB62>=1,"✅ محقق",IF($AB62>=0.85,"🟡 قريب","🔴 تحت الهدف")))
A63: 60 | B63: التشغيل والمحطات | C63: تجربة العميل | D63: تطبيق المعيار الشامل في المحطات | E63: % | F63: ↑ | G63: LAST | H63: 🟡 متابعة | I63: 0.025 | J63: 0.8 | K63: ≥ 80% | L63: الابتكار | M63: التحول التقني | N63: العمليات الداخلية | AA63: =IF($G63="SUM",IF(COUNT($O63:$Z63)=0,"",SUM($O63:$Z63)),IF($G63="AVG",IFERROR(AVERAGE($O63:$Z63),""),IF($G63="LAST",IFERROR(LOOKUP(2,1/($O63:$Z63<>""),$O63:$Z63),""),""))) | AB63: =IF($J63="","",IF($AA63="","",IF($J63=0,IF($AA63<=0,1,0),IF($F63="↓",IFERROR($J63/$AA63,0),IFERROR($AA63/$J63,0))))) | AC63: =IF($AB63="","—",IF($AB63>=1,"✅ محقق",IF($AB63>=0.85,"🟡 قريب","🔴 تحت الهدف")))
A64: 61 | B64: التشغيل والمحطات | C64: السلامة | D64: الالتزام بمعايير السلامة داخل المحطة | E64: % | F64: ↑ | G64: AVG | H64: 🔴 رئيسي | I64: 0.075 | J64: 1 | K64: 100% | L64: الاستدامة | M64: جودة التشغيل | N64: العمليات الداخلية | AA64: =IF($G64="SUM",IF(COUNT($O64:$Z64)=0,"",SUM($O64:$Z64)),IF($G64="AVG",IFERROR(AVERAGE($O64:$Z64),""),IF($G64="LAST",IFERROR(LOOKUP(2,1/($O64:$Z64<>""),$O64:$Z64),""),""))) | AB64: =IF($J64="","",IF($AA64="","",IF($J64=0,IF($AA64<=0,1,0),IF($F64="↓",IFERROR($J64/$AA64,0),IFERROR($AA64/$J64,0))))) | AC64: =IF($AB64="","—",IF($AB64>=1,"✅ محقق",IF($AB64>=0.85,"🟡 قريب","🔴 تحت الهدف")))
A65: 62 | B65: التشغيل والمحطات | C65: البيئة | D65: التشجير داخل المحطة (معيار الوزارة) | E65: % | F65: ↑ | G65: LAST | H65: 🔴 رئيسي | I65: 0.075 | J65: 1 | K65: 100% | L65: الاستدامة | M65: جودة التشغيل | N65: العمليات الداخلية | AA65: =IF($G65="SUM",IF(COUNT($O65:$Z65)=0,"",SUM($O65:$Z65)),IF($G65="AVG",IFERROR(AVERAGE($O65:$Z65),""),IF($G65="LAST",IFERROR(LOOKUP(2,1/($O65:$Z65<>""),$O65:$Z65),""),""))) | AB65: =IF($J65="","",IF($AA65="","",IF($J65=0,IF($AA65<=0,1,0),IF($F65="↓",IFERROR($J65/$AA65,0),IFERROR($AA65/$J65,0))))) | AC65: =IF($AB65="","—",IF($AB65>=1,"✅ محقق",IF($AB65>=0.85,"🟡 قريب","🔴 تحت الهدف")))
A66: 63 | B66: الاستثمار | C66: نمو المحفظة | D66: إجمالي عقود الاستثمار الجديدة (جميع النماذج) | E66: عقد | F66: ↑ | G66: SUM | H66: 🔴 رئيسي | I66: 0.04839 | J66: 190 | K66: 190 عقد | L66: النمو | M66: التوسع في المواقع | N66: العمليات الداخلية | AA66: =IF($G66="SUM",IF(COUNT($O66:$Z66)=0,"",SUM($O66:$Z66)),IF($G66="AVG",IFERROR(AVERAGE($O66:$Z66),""),IF($G66="LAST",IFERROR(LOOKUP(2,1/($O66:$Z66<>""),$O66:$Z66),""),""))) | AB66: =IF($J66="","",IF($AA66="","",IF($J66=0,IF($AA66<=0,1,0),IF($F66="↓",IFERROR($J66/$AA66,0),IFERROR($AA66/$J66,0))))) | AC66: =IF($AB66="","—",IF($AB66>=1,"✅ محقق",IF($AB66>=0.85,"🟡 قريب","🔴 تحت الهدف")))
A67: 64 | B67: الاستثمار | C67: نمو المحفظة | D67: عقود الاستثمار العادي الجديدة | E67: عقد | F67: ↑ | G67: SUM | H67: 🔴 رئيسي | I67: 0.04839 | J67: 90 | K67: 90 عقد | L67: النمو | M67: التوسع في المواقع | N67: العمليات الداخلية | AA67: =IF($G67="SUM",IF(COUNT($O67:$Z67)=0,"",SUM($O67:$Z67)),IF($G67="AVG",IFERROR(AVERAGE($O67:$Z67),""),IF($G67="LAST",IFERROR(LOOKUP(2,1/($O67:$Z67<>""),$O67:$Z67),""),""))) | AB67: =IF($J67="","",IF($AA67="","",IF($J67=0,IF($AA67<=0,1,0),IF($F67="↓",IFERROR($J67/$AA67,0),IFERROR($AA67/$J67,0))))) | AC67: =IF($AB67="","—",IF($AB67>=1,"✅ محقق",IF($AB67>=0.85,"🟡 قريب","🔴 تحت الهدف")))
A68: 65 | B68: الاستثمار | C68: نمو المحفظة | D68: عقود الاستحواذ الجديدة | E68: عقد | F68: ↑ | G68: SUM | H68: 🔴 رئيسي | I68: 0.04839 | J68: 100 | K68: 100 عقد | L68: النمو | M68: التوسع في المواقع | N68: العمليات الداخلية | AA68: =IF($G68="SUM",IF(COUNT($O68:$Z68)=0,"",SUM($O68:$Z68)),IF($G68="AVG",IFERROR(AVERAGE($O68:$Z68),""),IF($G68="LAST",IFERROR(LOOKUP(2,1/($O68:$Z68<>""),$O68:$Z68),""),""))) | AB68: =IF($J68="","",IF($AA68="","",IF($J68=0,IF($AA68<=0,1,0),IF($F68="↓",IFERROR($J68/$AA68,0),IFERROR($AA68/$J68,0))))) | AC68: =IF($AB68="","—",IF($AB68>=1,"✅ محقق",IF($AB68>=0.85,"🟡 قريب","🔴 تحت الهدف")))
A69: 66 | B69: الاستثمار | C69: نمو المحفظة | D69: المحطات المستحوَذ عليها المشغّلة (تراكمي) | E69: محطة | F69: ↑ | G69: LAST | H69: 🔴 رئيسي | I69: 0.04839 | J69: 120 | K69: 120 محطة | L69: النمو | M69: التوسع في المواقع | N69: العمليات الداخلية | AA69: =IF($G69="SUM",IF(COUNT($O69:$Z69)=0,"",SUM($O69:$Z69)),IF($G69="AVG",IFERROR(AVERAGE($O69:$Z69),""),IF($G69="LAST",IFERROR(LOOKUP(2,1/($O69:$Z69<>""),$O69:$Z69),""),""))) | AB69: =IF($J69="","",IF($AA69="","",IF($J69=0,IF($AA69<=0,1,0),IF($F69="↓",IFERROR($J69/$AA69,0),IFERROR($AA69/$J69,0))))) | AC69: =IF($AB69="","—",IF($AB69>=1,"✅ محقق",IF($AB69>=0.85,"🟡 قريب","🔴 تحت الهدف")))
A70: 67 | B70: الاستثمار | C70: نمو المحفظة | D70: عقود تأجير الأرض الجديدة | E70: عقد | F70: ↑ | G70: SUM | H70: 🔴 رئيسي | I70: 0.04839 | J70: 11 | K70: 11 عقد | L70: النمو | M70: التوسع في المواقع | N70: العمليات الداخلية | AA70: =IF($G70="SUM",IF(COUNT($O70:$Z70)=0,"",SUM($O70:$Z70)),IF($G70="AVG",IFERROR(AVERAGE($O70:$Z70),""),IF($G70="LAST",IFERROR(LOOKUP(2,1/($O70:$Z70<>""),$O70:$Z70),""),""))) | AB70: =IF($J70="","",IF($AA70="","",IF($J70=0,IF($AA70<=0,1,0),IF($F70="↓",IFERROR($J70/$AA70,0),IFERROR($AA70/$J70,0))))) | AC70: =IF($AB70="","—",IF($AB70>=1,"✅ محقق",IF($AB70>=0.85,"🟡 قريب","🔴 تحت الهدف")))
A71: 68 | B71: الاستثمار | C71: نمو المحفظة | D71: عقود إيجار المحطة الجديدة | E71: عقد | F71: ↑ | G71: SUM | H71: 🔴 رئيسي | I71: 0.04839 | J71: 12 | K71: 12 عقد | L71: النمو | M71: التوسع في المواقع | N71: العمليات الداخلية | AA71: =IF($G71="SUM",IF(COUNT($O71:$Z71)=0,"",SUM($O71:$Z71)),IF($G71="AVG",IFERROR(AVERAGE($O71:$Z71),""),IF($G71="LAST",IFERROR(LOOKUP(2,1/($O71:$Z71<>""),$O71:$Z71),""),""))) | AB71: =IF($J71="","",IF($AA71="","",IF($J71=0,IF($AA71<=0,1,0),IF($F71="↓",IFERROR($J71/$AA71,0),IFERROR($AA71/$J71,0))))) | AC71: =IF($AB71="","—",IF($AB71>=1,"✅ محقق",IF($AB71>=0.85,"🟡 قريب","🔴 تحت الهدف")))
... A74: 71 | B74: الاستثمار | C74: الربحية وجودة الموقع | D74: متوسط فترة استرداد رأس المال | E74: سنة | F74: ↓ | G74: AVG | H74: 🟠 مهم | I74: 0.03226 | J74: 5 | K74: ≤ 5 سنوات | L74: الاستدامة | M74: جودة التشغيل | N74: مالي | AA74: =IF($G74="SUM",IF(COUNT($O74:$Z74)=0,"",SUM($O74:$Z74)),IF($G74="AVG",IFERROR(AVERAGE($O74:$Z74),""),IF($G74="LAST",IFERROR(LOOKUP(2,1/($O74:$Z74<>""),$O74:$Z74),""),""))) | AB74: =IF($J74="","",IF($AA74="","",IF($J74=0,IF($AA74<=0,1,0),IF($F74="↓",IFERROR($J74/$AA74,0),IFERROR($AA74/$J74,0))))) | AC74: =IF($AB74="","—",IF($AB74>=1,"✅ محقق",IF($AB74>=0.85,"🟡 قريب","🔴 تحت الهدف")))
A75: 72 | B75: الاستثمار | C75: الربحية وجودة الموقع | D75: متوسط قيمة عقد الإيجار السنوي (أرض) | E75: ر.س | F75: ↑ | G75: AVG | H75: 🔴 رئيسي | I75: 0.04839 | K75: يُحدد لاحقاً | L75: النمو | M75: التوسع في المواقع | N75: مالي | AA75: =IF($G75="SUM",IF(COUNT($O75:$Z75)=0,"",SUM($O75:$Z75)),IF($G75="AVG",IFERROR(AVERAGE($O75:$Z75),""),IF($G75="LAST",IFERROR(LOOKUP(2,1/($O75:$Z75<>""),$O75:$Z75),""),""))) | AB75: =IF($J75="","",IF($AA75="","",IF($J75=0,IF($AA75<=0,1,0),IF($F75="↓",IFERROR($J75/$AA75,0),IFERROR($AA75/$J75,0))))) | AC75: =IF($AB75="","—",IF($AB75>=1,"✅ محقق",IF($AB75>=0.85,"🟡 قريب","🔴 تحت الهدف")))
A76: 73 | B76: الاستثمار | C76: التوسع الإقليمي | D76: نسبة العقود التي تغطي المناطق الـ13 | E76: % | F76: ↑ | G76: LAST | H76: 🔴 رئيسي | I76: 0.04839 | J76: 1 | K76: 100% | L76: النمو | M76: التوسع في المواقع | N76: العمليات الداخلية | AA76: =IF($G76="SUM",IF(COUNT($O76:$Z76)=0,"",SUM($O76:$Z76)),IF($G76="AVG",IFERROR(AVERAGE($O76:$Z76),""),IF($G76="LAST",IFERROR(LOOKUP(2,1/($O76:$Z76<>""),$O76:$Z76),""),""))) | AB76: =IF($J76="","",IF($AA76="","",IF($J76=0,IF($AA76<=0,1,0),IF($F76="↓",IFERROR($J76/$AA76,0),IFERROR($AA76/$J76,0))))) | AC76: =IF($AB76="","—",IF($AB76>=1,"✅ محقق",IF($AB76>=0.85,"🟡 قريب","🔴 تحت الهدف")))
A77: 74 | B77: الاستثمار | C77: التوسع الإقليمي | D77: نسبة العقود خارج المدن الرئيسية | E77: % | F77: ↑ | G77: LAST | H77: 🔴 رئيسي | I77: 0.04839 | J77: 0.6 | K77: > 60% | L77: النمو | M77: التوسع في المواقع | N77: العمليات الداخلية | AA77: =IF($G77="SUM",IF(COUNT($O77:$Z77)=0,"",SUM($O77:$Z77)),IF($G77="AVG",IFERROR(AVERAGE($O77:$Z77),""),IF($G77="LAST",IFERROR(LOOKUP(2,1/($O77:$Z77<>""),$O77:$Z77),""),""))) | AB77: =IF($J77="","",IF($AA77="","",IF($J77=0,IF($AA77<=0,1,0),IF($F77="↓",IFERROR($J77/$AA77,0),IFERROR($AA77/$J77,0))))) | AC77: =IF($AB77="","—",IF($AB77>=1,"✅ محقق",IF($AB77>=0.85,"🟡 قريب","🔴 تحت الهدف")))
A78: 75 | B78: الاستثمار | C78: التوسع الإقليمي | D78: نسبة العقود في الـ12 مدينة الرئيسية | E78: % | F78: ↓ | G78: LAST | H78: 🔴 رئيسي | I78: 0.04839 | J78: 0.4 | K78: < 40% | L78: النمو | M78: التوسع في المواقع | N78: العمليات الداخلية | AA78: =IF($G78="SUM",IF(COUNT($O78:$Z78)=0,"",SUM($O78:$Z78)),IF($G78="AVG",IFERROR(AVERAGE($O78:$Z78),""),IF($G78="LAST",IFERROR(LOOKUP(2,1/($O78:$Z78<>""),$O78:$Z78),""),""))) | AB78: =IF($J78="","",IF($AA78="","",IF($J78=0,IF($AA78<=0,1,0),IF($F78="↓",IFERROR($J78/$AA78,0),IFERROR($AA78/$J78,0))))) | AC78: =IF($AB78="","—",IF($AB78>=1,"✅ محقق",IF($AB78>=0.85,"🟡 قريب","🔴 تحت الهدف")))
A79: 76 | B79: الاستثمار | C79: التوسع الإقليمي | D79: نسبة العقود على الطرق الإقليمية | E79: % | F79: ↑ | G79: LAST | H79: 🔴 رئيسي | I79: 0.04839 | J79: 0.25 | K79: > 25% | L79: النمو | M79: التوسع في المواقع | N79: العمليات الداخلية | AA79: =IF($G79="SUM",IF(COUNT($O79:$Z79)=0,"",SUM($O79:$Z79)),IF($G79="AVG",IFERROR(AVERAGE($O79:$Z79),""),IF($G79="LAST",IFERROR(LOOKUP(2,1/($O79:$Z79<>""),$O79:$Z79),""),""))) | AB79: =IF($J79="","",IF($AA79="","",IF($J79=0,IF($AA79<=0,1,0),IF($F79="↓",IFERROR($J79/$AA79,0),IFERROR($AA79/$J79,0))))) | AC79: =IF($AB79="","—",IF($AB79>=1,"✅ محقق",IF($AB79>=0.85,"🟡 قريب","🔴 تحت الهدف")))
A80: 77 | B80: الاستثمار | C80: كفاءة الدورة | D80: متوسط مدة إغلاق عقد الاستثمار | E80: أسبوع | F80: ↓ | G80: AVG | H80: 🔴 رئيسي | I80: 0.04839 | J80: 1 | K80: ≤ أسبوع | L80: النمو | M80: التوسع في المواقع | N80: العمليات الداخلية | AA80: =IF($G80="SUM",IF(COUNT($O80:$Z80)=0,"",SUM($O80:$Z80)),IF($G80="AVG",IFERROR(AVERAGE($O80:$Z80),""),IF($G80="LAST",IFERROR(LOOKUP(2,1/($O80:$Z80<>""),$O80:$Z80),""),""))) | AB80: =IF($J80="","",IF($AA80="","",IF($J80=0,IF($AA80<=0,1,0),IF($F80="↓",IFERROR($J80/$AA80,0),IFERROR($AA80/$J80,0))))) | AC80: =IF($AB80="","—",IF($AB80>=1,"✅ محقق",IF($AB80>=0.85,"🟡 قريب","🔴 تحت الهدف")))
A81: 78 | B81: الاستثمار | C81: كفاءة الدورة | D81: نسبة العقود المتحوّلة لمحطات مشغّلة | E81: % | F81: ↑ | G81: AVG | H81: 🔴 رئيسي | I81: 0.04839 | J81: 0.3 | K81: ≥ 30% | L81: النمو | M81: التوسع في المواقع | N81: العمليات الداخلية | AA81: =IF($G81="SUM",IF(COUNT($O81:$Z81)=0,"",SUM($O81:$Z81)),IF($G81="AVG",IFERROR(AVERAGE($O81:$Z81),""),IF($G81="LAST",IFERROR(LOOKUP(2,1/($O81:$Z81<>""),$O81:$Z81),""),""))) | AB81: =IF($J81="","",IF($AA81="","",IF($J81=0,IF($AA81<=0,1,0),IF($F81="↓",IFERROR($J81/$AA81,0),IFERROR($AA81/$J81,0))))) | AC81: =IF($AB81="","—",IF($AB81>=1,"✅ محقق",IF($AB81>=0.85,"🟡 قريب","🔴 تحت الهدف")))
A82: 79 | B82: الاستثمار | C82: كفاءة الدورة | D82: نسبة تخفيض إيجار المواقع عالية التكاليف | E82: % | F82: ↑ | G82: AVG | H82: 🟠 مهم | I82: 0.03226 | J82: 0.3 | K82: ≥ 30% | L82: الاستدامة | M82: جودة التشغيل | N82: العمليات الداخلية | AA82: =IF($G82="SUM",IF(COUNT($O82:$Z82)=0,"",SUM($O82:$Z82)),IF($G82="AVG",IFERROR(AVERAGE($O82:$Z82),""),IF($G82="LAST",IFERROR(LOOKUP(2,1/($O82:$Z82<>""),$O82:$Z82),""),""))) | AB82: =IF($J82="","",IF($AA82="","",IF($J82=0,IF($AA82<=0,1,0),IF($F82="↓",IFERROR($J82/$AA82,0),IFERROR($AA82/$J82,0))))) | AC82: =IF($AB82="","—",IF($AB82>=1,"✅ محقق",IF($AB82>=0.85,"🟡 قريب","🔴 تحت الهدف")))
A83: 80 | B83: الاستثمار | C83: الامتثال | D83: نسبة اكتمال المستندات النظامية قبل التوقيع | E83: % | F83: ↑ | G83: AVG | H83: 🟡 متابعة | I83: 0.01613 | J83: 1 | K83: 100% | L83: الاستدامة | M83: جودة التشغيل | N83: العمليات الداخلية | AA83: =IF($G83="SUM",IF(COUNT($O83:$Z83)=0,"",SUM($O83:$Z83)),IF($G83="AVG",IFERROR(AVERAGE($O83:$Z83),""),IF($G83="LAST",IFERROR(LOOKUP(2,1/($O83:$Z83<>""),$O83:$Z83),""),""))) | AB83: =IF($J83="","",IF($AA83="","",IF($J83=0,IF($AA83<=0,1,0),IF($F83="↓",IFERROR($J83/$AA83,0),IFERROR($AA83/$J83,0))))) | AC83: =IF($AB83="","—",IF($AB83>=1,"✅ محقق",IF($AB83>=0.85,"🟡 قريب","🔴 تحت الهدف")))
A84: 81 | B84: الاستثمار | C84: الامتثال | D84: نسبة العقود المؤرشفة إلكترونياً خلال 48 ساعة | E84: % | F84: ↑ | G84: AVG | H84: 🔴 رئيسي | I84: 0.04839 | J84: 0.95 | K84: 95%+ | L84: الاستدامة | M84: جودة التشغيل | N84: العمليات الداخلية | AA84: =IF($G84="SUM",IF(COUNT($O84:$Z84)=0,"",SUM($O84:$Z84)),IF($G84="AVG",IFERROR(AVERAGE($O84:$Z84),""),IF($G84="LAST",IFERROR(LOOKUP(2,1/($O84:$Z84<>""),$O84:$Z84),""),""))) | AB84: =IF($J84="","",IF($AA84="","",IF($J84=0,IF($AA84<=0,1,0),IF($F84="↓",IFERROR($J84/$AA84,0),IFERROR($AA84/$J84,0))))) | AC84: =IF($AB84="","—",IF($AB84>=1,"✅ محقق",IF($AB84>=0.85,"🟡 قريب","🔴 تحت الهدف")))
A85: 82 | B85: الاستثمار | C85: جودة التعاقد | D85: جودة التفاوض مع المستثمرين | E85: % | F85: ↑ | G85: AVG | H85: 🟠 مهم | I85: 0.03226 | J85: 0.98 | K85: 98% | L85: النمو | M85: التوسع في المواقع | N85: العمليات الداخلية | AA85: =IF($G85="SUM",IF(COUNT($O85:$Z85)=0,"",SUM($O85:$Z85)),IF($G85="AVG",IFERROR(AVERAGE($O85:$Z85),""),IF($G85="LAST",IFERROR(LOOKUP(2,1/($O85:$Z85<>""),$O85:$Z85),""),""))) | AB85: =IF($J85="","",IF($AA85="","",IF($J85=0,IF($AA85<=0,1,0),IF($F85="↓",IFERROR($J85/$AA85,0),IFERROR($AA85/$J85,0))))) | AC85: =IF($AB85="","—",IF($AB85>=1,"✅ محقق",IF($AB85>=0.85,"🟡 قريب","🔴 تحت الهدف")))
A86: 83 | B86: الاستثمار | C86: جودة التعاقد | D86: سرعة إنجاز إجراءات التعاقد | E86: أسبوع | F86: ↓ | G86: AVG | H86: 🟠 مهم | I86: 0.03226 | J86: 1 | K86: ≤ أسبوع | L86: النمو | M86: التوسع في المواقع | N86: العمليات الداخلية | AA86: =IF($G86="SUM",IF(COUNT($O86:$Z86)=0,"",SUM($O86:$Z86)),IF($G86="AVG",IFERROR(AVERAGE($O86:$Z86),""),IF($G86="LAST",IFERROR(LOOKUP(2,1/($O86:$Z86<>""),$O86:$Z86),""),""))) | AB86: =IF($J86="","",IF($AA86="","",IF($J86=0,IF($AA86<=0,1,0),IF($F86="↓",IFERROR($J86/$AA86,0),IFERROR($AA86/$J86,0))))) | AC86: =IF($AB86="","—",IF($AB86>=1,"✅ محقق",IF($AB86>=0.85,"🟡 قريب","🔴 تحت الهدف")))
A87: 84 | B87: الاستثمار | C87: جودة التعاقد | D87: مدى رضا المستثمرين وشركاء الاستثمار | E87: % | F87: ↑ | G87: AVG | H87: 🔴 رئيسي | I87: 0.04839 | J87: 0.8 | K87: 80%+ | L87: الاستدامة | M87: تعزيز تجربة العملاء | N87: العملاء | AA87: =IF($G87="SUM",IF(COUNT($O87:$Z87)=0,"",SUM($O87:$Z87)),IF($G87="AVG",IFERROR(AVERAGE($O87:$Z87),""),IF($G87="LAST",IFERROR(LOOKUP(2,1/($O87:$Z87<>""),$O87:$Z87),""),""))) | AB87: =IF($J87="","",IF($AA87="","",IF($J87=0,IF($AA87<=0,1,0),IF($F87="↓",IFERROR($J87/$AA87,0),IFERROR($AA87/$J87,0))))) | AC87: =IF($AB87="","—",IF($AB87>=1,"✅ محقق",IF($AB87>=0.85,"🟡 قريب","🔴 تحت الهدف")))
... A105: 102 | B105: العقار | C105: الجودة والاستدامة | D105: معدل رضا المستأجرين (استبيان ربعي) | E105: % | F105: ↑ | G105: AVG | H105: 🔴 رئيسي | I105: 0.07692 | J105: 0.9 | K105: ≥ 90% | L105: الاستدامة | M105: تعزيز تجربة العملاء | N105: العملاء | AA105: =IF($G105="SUM",IF(COUNT($O105:$Z105)=0,"",SUM($O105:$Z105)),IF($G105="AVG",IFERROR(AVERAGE($O105:$Z105),""),IF($G105="LAST",IFERROR(LOOKUP(2,1/($O105:$Z105<>""),$O105:$Z105),""),""))) | AB105: =IF($J105="","",IF($AA105="","",IF($J105=0,IF($AA105<=0,1,0),IF($F105="↓",IFERROR($J105/$AA105,0),IFERROR($AA105/$J105,0))))) | AC105: =IF($AB105="","—",IF($AB105>=1,"✅ محقق",IF($AB105>=0.85,"🟡 قريب","🔴 تحت الهدف")))
A106: 103 | B106: التقنية الرقمية | C106: أداء المشاريع | D106: نسبة إنجاز محفظة مشاريع التحول الرقمي | E106: % | F106: ↑ | G106: LAST | H106: 🟠 مهم | I106: 0.1 | J106: 1 | K106: 100% | L106: الابتكار | M106: التحول التقني | N106: التعلّم والنمو | T106: 0.06 | AA106: =IF($G106="SUM",IF(COUNT($O106:$Z106)=0,"",SUM($O106:$Z106)),IF($G106="AVG",IFERROR(AVERAGE($O106:$Z106),""),IF($G106="LAST",IFERROR(LOOKUP(2,1/($O106:$Z106<>""),$O106:$Z106),""),""))) | AB106: =IF($J106="","",IF($AA106="","",IF($J106=0,IF($AA106<=0,1,0),IF($F106="↓",IFERROR($J106/$AA106,0),IFERROR($AA106/$J106,0))))) | AC106: =IF($AB106="","—",IF($AB106>=1,"✅ محقق",IF($AB106>=0.85,"🟡 قريب","🔴 تحت الهدف")))
A107: 104 | B107: التقنية الرقمية | C107: أداء المشاريع | D107: معدل تسليم المشاريع في الموعد المحدد | E107: % | F107: ↑ | G107: AVG | H107: 🟠 مهم | I107: 0.1 | J107: 0.9 | K107: ≥ 90% | L107: الابتكار | M107: التحول التقني | N107: العمليات الداخلية | AA107: =IF($G107="SUM",IF(COUNT($O107:$Z107)=0,"",SUM($O107:$Z107)),IF($G107="AVG",IFERROR(AVERAGE($O107:$Z107),""),IF($G107="LAST",IFERROR(LOOKUP(2,1/($O107:$Z107<>""),$O107:$Z107),""),""))) | AB107: =IF($J107="","",IF($AA107="","",IF($J107=0,IF($AA107<=0,1,0),IF($F107="↓",IFERROR($J107/$AA107,0),IFERROR($AA107/$J107,0))))) | AC107: =IF($AB107="","—",IF($AB107>=1,"✅ محقق",IF($AB107>=0.85,"🟡 قريب","🔴 تحت الهدف")))
A108: 105 | B108: التقنية الرقمية | C108: أداء المشاريع | D108: نسبة الالتزام بميزانية المشاريع | E108: % | F108: ↑ | G108: AVG | H108: 🟠 مهم | I108: 0.1 | J108: 0.95 | K108: ≥ 95% | L108: الابتكار | M108: التحول التقني | N108: العمليات الداخلية | AA108: =IF($G108="SUM",IF(COUNT($O108:$Z108)=0,"",SUM($O108:$Z108)),IF($G108="AVG",IFERROR(AVERAGE($O108:$Z108),""),IF($G108="LAST",IFERROR(LOOKUP(2,1/($O108:$Z108<>""),$O108:$Z108),""),""))) | AB108: =IF($J108="","",IF($AA108="","",IF($J108=0,IF($AA108<=0,1,0),IF($F108="↓",IFERROR($J108/$AA108,0),IFERROR($AA108/$J108,0))))) | AC108: =IF($AB108="","—",IF($AB108>=1,"✅ محقق",IF($AB108>=0.85,"🟡 قريب","🔴 تحت الهدف")))
A109: 106 | B109: التقنية الرقمية | C109: أداء المشاريع | D109: نسبة الالتزام بنطاق العمل | E109: % | F109: ↑ | G109: LAST | H109: 🟠 مهم | I109: 0.1 | J109: 0.95 | K109: ≥ 95% | L109: الابتكار | M109: التحول التقني | N109: العمليات الداخلية | AA109: =IF($G109="SUM",IF(COUNT($O109:$Z109)=0,"",SUM($O109:$Z109)),IF($G109="AVG",IFERROR(AVERAGE($O109:$Z109),""),IF($G109="LAST",IFERROR(LOOKUP(2,1/($O109:$Z109<>""),$O109:$Z109),""),""))) | AB109: =IF($J109="","",IF($AA109="","",IF($J109=0,IF($AA109<=0,1,0),IF($F109="↓",IFERROR($J109/$AA109,0),IFERROR($AA109/$J109,0))))) | AC109: =IF($AB109="","—",IF($AB109>=1,"✅ محقق",IF($AB109>=0.85,"🟡 قريب","🔴 تحت الهدف")))
A110: 107 | B110: التقنية الرقمية | C110: الكفاءة التشغيلية | D110: نسبة تفعيل الأنظمة الأساسية بالمحطات | E110: % | F110: ↑ | G110: LAST | H110: 🔴 رئيسي | I110: 0.15 | J110: 1 | K110: 100% | L110: الاستدامة | M110: جودة التشغيل | N110: العمليات الداخلية | T110: 0.33 | AA110: =IF($G110="SUM",IF(COUNT($O110:$Z110)=0,"",SUM($O110:$Z110)),IF($G110="AVG",IFERROR(AVERAGE($O110:$Z110),""),IF($G110="LAST",IFERROR(LOOKUP(2,1/($O110:$Z110<>""),$O110:$Z110),""),""))) | AB110: =IF($J110="","",IF($AA110="","",IF($J110=0,IF($AA110<=0,1,0),IF($F110="↓",IFERROR($J110/$AA110,0),IFERROR($AA110/$J110,0))))) | AC110: =IF($AB110="","—",IF($AB110>=1,"✅ محقق",IF($AB110>=0.85,"🟡 قريب","🔴 تحت الهدف")))
A111: 108 | B111: التقنية الرقمية | C111: الكفاءة التشغيلية | D111: متوسط جاهزية أنظمة المركز الرئيسي (Uptime) | E111: % | F111: ↑ | G111: AVG | H111: 🔴 رئيسي | I111: 0.15 | J111: 0.99 | K111: ≥ 99% | L111: الاستدامة | M111: جودة التشغيل | N111: العمليات الداخلية | T111: 0.9 | AA111: =IF($G111="SUM",IF(COUNT($O111:$Z111)=0,"",SUM($O111:$Z111)),IF($G111="AVG",IFERROR(AVERAGE($O111:$Z111),""),IF($G111="LAST",IFERROR(LOOKUP(2,1/($O111:$Z111<>""),$O111:$Z111),""),""))) | AB111: =IF($J111="","",IF($AA111="","",IF($J111=0,IF($AA111<=0,1,0),IF($F111="↓",IFERROR($J111/$AA111,0),IFERROR($AA111/$J111,0))))) | AC111: =IF($AB111="","—",IF($AB111>=1,"✅ محقق",IF($AB111>=0.85,"🟡 قريب","🔴 تحت الهدف")))
A112: 109 | B112: التقنية الرقمية | C112: الكفاءة التشغيلية | D112: نسبة الامتثال للأمن السيبراني | E112: % | F112: ↑ | G112: LAST | H112: 🟠 مهم | I112: 0.1 | J112: 1 | K112: 100% | L112: الاستدامة | M112: جودة التشغيل | N112: العمليات الداخلية | T112: 0.3 | AA112: =IF($G112="SUM",IF(COUNT($O112:$Z112)=0,"",SUM($O112:$Z112)),IF($G112="AVG",IFERROR(AVERAGE($O112:$Z112),""),IF($G112="LAST",IFERROR(LOOKUP(2,1/($O112:$Z112<>""),$O112:$Z112),""),""))) | AB112: =IF($J112="","",IF($AA112="","",IF($J112=0,IF($AA112<=0,1,0),IF($F112="↓",IFERROR($J112/$AA112,0),IFERROR($AA112/$J112,0))))) | AC112: =IF($AB112="","—",IF($AB112>=1,"✅ محقق",IF($AB112>=0.85,"🟡 قريب","🔴 تحت الهدف")))
A113: 110 | B113: التقنية الرقمية | C113: الكفاءة التشغيلية | D113: متوسط زمن استجابة الدعم الفني | E113: ساعة | F113: ↓ | G113: AVG | H113: 🟠 مهم | I113: 0.1 | J113: 1 | K113: ≤ ساعة | L113: الاستدامة | M113: جودة التشغيل | N113: العمليات الداخلية | T113: 0.8 | AA113: =IF($G113="SUM",IF(COUNT($O113:$Z113)=0,"",SUM($O113:$Z113)),IF($G113="AVG",IFERROR(AVERAGE($O113:$Z113),""),IF($G113="LAST",IFERROR(LOOKUP(2,1/($O113:$Z113<>""),$O113:$Z113),""),""))) | AB113: =IF($J113="","",IF($AA113="","",IF($J113=0,IF($AA113<=0,1,0),IF($F113="↓",IFERROR($J113/$AA113,0),IFERROR($AA113/$J113,0))))) | AC113: =IF($AB113="","—",IF($AB113>=1,"✅ محقق",IF($AB113>=0.85,"🟡 قريب","🔴 تحت الهدف")))
A114: 111 | B114: التقنية الرقمية | C114: الكفاءة التشغيلية | D114: نسبة التكامل الرقمي (ERP/واثق/الولاء) | E114: % | F114: ↑ | G114: LAST | H114: 🟠 مهم | I114: 0.1 | J114: 1 | K114: 100% | L114: الاستدامة | M114: جودة التشغيل | N114: التعلّم والنمو | T114: 0.2 | AA114: =IF($G114="SUM",IF(COUNT($O114:$Z114)=0,"",SUM($O114:$Z114)),IF($G114="AVG",IFERROR(AVERAGE($O114:$Z114),""),IF($G114="LAST",IFERROR(LOOKUP(2,1/($O114:$Z114<>""),$O114:$Z114),""),""))) | AB114: =IF($J114="","",IF($AA114="","",IF($J114=0,IF($AA114<=0,1,0),IF($F114="↓",IFERROR($J114/$AA114,0),IFERROR($AA114/$J114,0))))) | AC114: =IF($AB114="","—",IF($AB114>=1,"✅ محقق",IF($AB114>=0.85,"🟡 قريب","🔴 تحت الهدف")))
A115: 112 | B115: الموارد البشرية | C115: التوظيف والتوطين | D115: نسبة السعودة / التوطين | E115: % | F115: ↑ | G115: LAST | H115: 🟠 مهم | I115: 0.05405 | K115: أخضر مرتفع (حسب الوزارة) | L115: الاستدامة | M115: الاستثمار في الموظفين | N115: التعلّم والنمو | AA115: =IF($G115="SUM",IF(COUNT($O115:$Z115)=0,"",SUM($O115:$Z115)),IF($G115="AVG",IFERROR(AVERAGE($O115:$Z115),""),IF($G115="LAST",IFERROR(LOOKUP(2,1/($O115:$Z115<>""),$O115:$Z115),""),""))) | AB115: =IF($J115="","",IF($AA115="","",IF($J115=0,IF($AA115<=0,1,0),IF($F115="↓",IFERROR($J115/$AA115,0),IFERROR($AA115/$J115,0))))) | AC115: =IF($AB115="","—",IF($AB115>=1,"✅ محقق",IF($AB115>=0.85,"🟡 قريب","🔴 تحت الهدف")))
A116: 113 | B116: الموارد البشرية | C116: التوظيف والتوطين | D116: الارتقاء بآليات اختيار المرشحين | E116: % | F116: ↑ | G116: LAST | H116: 🟠 مهم | I116: 0.05405 | J116: 1 | K116: 100% | L116: الاستدامة | M116: الاستثمار في الموظفين | N116: العمليات الداخلية | AA116: =IF($G116="SUM",IF(COUNT($O116:$Z116)=0,"",SUM($O116:$Z116)),IF($G116="AVG",IFERROR(AVERAGE($O116:$Z116),""),IF($G116="LAST",IFERROR(LOOKUP(2,1/($O116:$Z116<>""),$O116:$Z116),""),""))) | AB116: =IF($J116="","",IF($AA116="","",IF($J116=0,IF($AA116<=0,1,0),IF($F116="↓",IFERROR($J116/$AA116,0),IFERROR($AA116/$J116,0))))) | AC116: =IF($AB116="","—",IF($AB116>=1,"✅ محقق",IF($AB116>=0.85,"🟡 قريب","🔴 تحت الهدف")))
A117: 114 | B117: الموارد البشرية | C117: التوظيف والتوطين | D117: نسبة شغل الشواغر خلال 30 يوم | E117: % | F117: ↑ | G117: AVG | H117: 🟠 مهم | I117: 0.05405 | J117: 0.85 | K117: ≥ 85% | L117: الاستدامة | M117: الاستثمار في الموظفين | N117: العمليات الداخلية | AA117: =IF($G117="SUM",IF(COUNT($O117:$Z117)=0,"",SUM($O117:$Z117)),IF($G117="AVG",IFERROR(AVERAGE($O117:$Z117),""),IF($G117="LAST",IFERROR(LOOKUP(2,1/($O117:$Z117<>""),$O117:$Z117),""),""))) | AB117: =IF($J117="","",IF($AA117="","",IF($J117=0,IF($AA117<=0,1,0),IF($F117="↓",IFERROR($J117/$AA117,0),IFERROR($AA117/$J117,0))))) | AC117: =IF($AB117="","—",IF($AB117>=1,"✅ محقق",IF($AB117>=0.85,"🟡 قريب","🔴 تحت الهدف")))
A118: 115 | B118: الموارد البشرية | C118: الاستبقاء | D118: معدل استبقاء الموظفين (Retention) | E118: % | F118: ↑ | G118: LAST | H118: 🔴 رئيسي | I118: 0.08108 | J118: 0.9 | K118: ≥ 90% | L118: الاستدامة | M118: الاستثمار في الموظفين | N118: التعلّم والنمو | AA118: =IF($G118="SUM",IF(COUNT($O118:$Z118)=0,"",SUM($O118:$Z118)),IF($G118="AVG",IFERROR(AVERAGE($O118:$Z118),""),IF($G118="LAST",IFERROR(LOOKUP(2,1/($O118:$Z118<>""),$O118:$Z118),""),""))) | AB118: =IF($J118="","",IF($AA118="","",IF($J118=0,IF($AA118<=0,1,0),IF($F118="↓",IFERROR($J118/$AA118,0),IFERROR($AA118/$J118,0))))) | AC118: =IF($AB118="","—",IF($AB118>=1,"✅ محقق",IF($AB118>=0.85,"🟡 قريب","🔴 تحت الهدف")))
A119: 116 | B119: الموارد البشرية | C119: الاستبقاء | D119: معدل دوران الموظفين (Turnover) | E119: % | F119: ↓ | G119: AVG | H119: 🟠 مهم | I119: 0.05405 | J119: 0.1 | K119: ≤ 10% | L119: الاستدامة | M119: الاستثمار في الموظفين | N119: التعلّم والنمو | AA119: =IF($G119="SUM",IF(COUNT($O119:$Z119)=0,"",SUM($O119:$Z119)),IF($G119="AVG",IFERROR(AVERAGE($O119:$Z119),""),IF($G119="LAST",IFERROR(LOOKUP(2,1/($O119:$Z119<>""),$O119:$Z119),""),""))) | AB119: =IF($J119="","",IF($AA119="","",IF($J119=0,IF($AA119<=0,1,0),IF($F119="↓",IFERROR($J119/$AA119,0),IFERROR($AA119/$J119,0))))) | AC119: =IF($AB119="","—",IF($AB119>=1,"✅ محقق",IF($AB119>=0.85,"🟡 قريب","🔴 تحت الهدف")))
A120: 117 | B120: الموارد البشرية | C120: التدريب والتطوير | D120: عدد الدورات الإدارية المنعقدة | E120: دورة | F120: ↑ | G120: SUM | H120: 🔴 رئيسي | I120: 0.08108 | J120: 6 | K120: 6 دورات | L120: الاستدامة | M120: الاستثمار في الموظفين | N120: العمليات الداخلية | AA120: =IF($G120="SUM",IF(COUNT($O120:$Z120)=0,"",SUM($O120:$Z120)),IF($G120="AVG",IFERROR(AVERAGE($O120:$Z120),""),IF($G120="LAST",IFERROR(LOOKUP(2,1/($O120:$Z120<>""),$O120:$Z120),""),""))) | AB120: =IF($J120="","",IF($AA120="","",IF($J120=0,IF($AA120<=0,1,0),IF($F120="↓",IFERROR($J120/$AA120,0),IFERROR($AA120/$J120,0))))) | AC120: =IF($AB120="","—",IF($AB120>=1,"✅ محقق",IF($AB120>=0.85,"🟡 قريب","🔴 تحت الهدف")))
A121: 118 | B121: الموارد البشرية | C121: التدريب والتطوير | D121: متوسط ساعات التدريب لكل موظف | E121: ساعة | F121: ↑ | G121: SUM | H121: 🟠 مهم | I121: 0.05405 | J121: 40 | K121: ≥ 40 ساعة | L121: الاستدامة | M121: الاستثمار في الموظفين | N121: التعلّم والنمو | AA121: =IF($G121="SUM",IF(COUNT($O121:$Z121)=0,"",SUM($O121:$Z121)),IF($G121="AVG",IFERROR(AVERAGE($O121:$Z121),""),IF($G121="LAST",IFERROR(LOOKUP(2,1/($O121:$Z121<>""),$O121:$Z121),""),""))) | AB121: =IF($J121="","",IF($AA121="","",IF($J121=0,IF($AA121<=0,1,0),IF($F121="↓",IFERROR($J121/$AA121,0),IFERROR($AA121/$J121,0))))) | AC121: =IF($AB121="","—",IF($AB121>=1,"✅ محقق",IF($AB121>=0.85,"🟡 قريب","🔴 تحت الهدف")))
A122: 119 | B122: الموارد البشرية | C122: التدريب والتطوير | D122: نسبة الموظفين المشمولين بخطة تطوير | E122: % | F122: ↑ | G122: LAST | H122: 🟠 مهم | I122: 0.05405 | J122: 0.8 | K122: ≥ 80% | L122: الاستدامة | M122: الاستثمار في الموظفين | N122: التعلّم والنمو | AA122: =IF($G122="SUM",IF(COUNT($O122:$Z122)=0,"",SUM($O122:$Z122)),IF($G122="AVG",IFERROR(AVERAGE($O122:$Z122),""),IF($G122="LAST",IFERROR(LOOKUP(2,1/($O122:$Z122<>""),$O122:$Z122),""),""))) | AB122: =IF($J122="","",IF($AA122="","",IF($J122=0,IF($AA122<=0,1,0),IF($F122="↓",IFERROR($J122/$AA122,0),IFERROR($AA122/$J122,0))))) | AC122: =IF($AB122="","—",IF($AB122>=1,"✅ محقق",IF($AB122>=0.85,"🟡 قريب","🔴 تحت الهدف")))
A123: 120 | B123: الموارد البشرية | C123: الرضا والثقافة | D123: مؤشر رضا الموظفين (eNPS) | E123: نقطة | F123: ↑ | G123: AVG | H123: 🔴 رئيسي | I123: 0.08108 | J123: 30 | K123: ≥ 30 | L123: الاستدامة | M123: الاستثمار في الموظفين | N123: التعلّم والنمو | AA123: =IF($G123="SUM",IF(COUNT($O123:$Z123)=0,"",SUM($O123:$Z123)),IF($G123="AVG",IFERROR(AVERAGE($O123:$Z123),""),IF($G123="LAST",IFERROR(LOOKUP(2,1/($O123:$Z123<>""),$O123:$Z123),""),""))) | AB123: =IF($J123="","",IF($AA123="","",IF($J123=0,IF($AA123<=0,1,0),IF($F123="↓",IFERROR($J123/$AA123,0),IFERROR($AA123/$J123,0))))) | AC123: =IF($AB123="","—",IF($AB123>=1,"✅ محقق",IF($AB123>=0.85,"🟡 قريب","🔴 تحت الهدف")))
A124: 121 | B124: الموارد البشرية | C124: الرضا والثقافة | D124: تحسين مستوى الرضا الوظيفي | E124: % | F124: ↑ | G124: AVG | H124: 🔴 رئيسي | I124: 0.08108 | K124: مستهدف سنوي | L124: الاستدامة | M124: الاستثمار في الموظفين | N124: العملاء | AA124: =IF($G124="SUM",IF(COUNT($O124:$Z124)=0,"",SUM($O124:$Z124)),IF($G124="AVG",IFERROR(AVERAGE($O124:$Z124),""),IF($G124="LAST",IFERROR(LOOKUP(2,1/($O124:$Z124<>""),$O124:$Z124),""),""))) | AB124: =IF($J124="","",IF($AA124="","",IF($J124=0,IF($AA124<=0,1,0),IF($F124="↓",IFERROR($J124/$AA124,0),IFERROR($AA124/$J124,0))))) | AC124: =IF($AB124="","—",IF($AB124>=1,"✅ محقق",IF($AB124>=0.85,"🟡 قريب","🔴 تحت الهدف")))
A125: 122 | B125: الموارد البشرية | C125: الرضا والثقافة | D125: ترسيخ القيم والثقافة المؤسسية | E125: % | F125: ↑ | G125: LAST | H125: 🟠 مهم | I125: 0.05405 | J125: 1 | K125: 100% | L125: الاستدامة | M125: الاستثمار في الموظفين | N125: العمليات الداخلية | AA125: =IF($G125="SUM",IF(COUNT($O125:$Z125)=0,"",SUM($O125:$Z125)),IF($G125="AVG",IFERROR(AVERAGE($O125:$Z125),""),IF($G125="LAST",IFERROR(LOOKUP(2,1/($O125:$Z125<>""),$O125:$Z125),""),""))) | AB125: =IF($J125="","",IF($AA125="","",IF($J125=0,IF($AA125<=0,1,0),IF($F125="↓",IFERROR($J125/$AA125,0),IFERROR($AA125/$J125,0))))) | AC125: =IF($AB125="","—",IF($AB125>=1,"✅ محقق",IF($AB125>=0.85,"🟡 قريب","🔴 تحت الهدف")))
...
