Workbook

Sheet 📊 ملخص آلي + KPIs
A1: 📊 مؤشرات أداء سلاسل الإمداد 2026
A2: 🎯 13 مؤشر عبر 5 محاور · خطة (يدوي) vs فعلي (آلي) · الانحراف يقارن المتوسطين
A3: 📌 المؤشر | G3: 📅 الأشهر — خطة (يدوي) vs فعلي (آلي)
A4: # | B4: المؤشر | C4: الوحدة | D4: الهدف | E4: النوع | F4: الانحراف | G4: يناير | H4: فبراير | I4: مارس | J4: أبريل | K4: مايو | L4: يونيو | M4: يوليو | N4: أغسطس | O4: سبتمبر | P4: أكتوبر | Q4: نوفمبر | R4: ديسمبر
A5: ◀ 👥 خدمة العميل
A6: 1 | B6: توفر الوقود (1 - نسبة الانقطاع) | C6: % | D6: ≥ 99.5% | E6: خطة | G6: 0.995 | H6: 0.995 | I6: 0.995 | J6: 0.995 | K6: 0.995 | L6: 0.995 | M6: 0.995 | N6: 0.995 | O6: 0.995 | P6: 0.995 | Q6: 0.995 | R6: 0.995
E7: فعلي | F7: =IFERROR(IF(AVERAGE(G6:R6)=0,"",IF(IFERROR(AVERAGEIF(G7:R7,">0",G7:R7),0)>=AVERAGE(G6:R6),"✅ ",IF(IFERROR(AVERAGEIF(G7:R7,">0",G7:R7),0)>=AVERAGE(G6:R6)*0.85,"🟡 ","🔴 "))&TEXT((IFERROR(AVERAGEIF(G7:R7,">0",G7:R7),0)-AVERAGE(G6:R6))/AVERAGE(G6:R6),"+0.0%;-0.0%")),"") | G7: =IFERROR(1-(SUMIFS('🛢️ انقطاعات الوقود'!F5:F104,'🛢️ انقطاعات الوقود'!B5:B104,">="&DATE(2026,1,1),'🛢️ انقطاعات الوقود'!B5:B104,"<"&DATE(2026,1+1,1))/($F$38*DAY(DATE(2026,1+1,1)-1))),1) | H7: =IFERROR(1-(SUMIFS('🛢️ انقطاعات الوقود'!F5:F104,'🛢️ انقطاعات الوقود'!B5:B104,">="&DATE(2026,2,1),'🛢️ انقطاعات الوقود'!B5:B104,"<"&DATE(2026,2+1,1))/($F$38*DAY(DATE(2026,2+1,1)-1))),1) | I7: =IFERROR(1-(SUMIFS('🛢️ انقطاعات الوقود'!F5:F104,'🛢️ انقطاعات الوقود'!B5:B104,">="&DATE(2026,3,1),'🛢️ انقطاعات الوقود'!B5:B104,"<"&DATE(2026,3+1,1))/($F$38*DAY(DATE(2026,3+1,1)-1))),1) | J7: =IFERROR(1-(SUMIFS('🛢️ انقطاعات الوقود'!F5:F104,'🛢️ انقطاعات الوقود'!B5:B104,">="&DATE(2026,4,1),'🛢️ انقطاعات الوقود'!B5:B104,"<"&DATE(2026,4+1,1))/($F$38*DAY(DATE(2026,4+1,1)-1))),1) | K7: =IFERROR(1-(SUMIFS('🛢️ انقطاعات الوقود'!F5:F104,'🛢️ انقطاعات الوقود'!B5:B104,">="&DATE(2026,5,1),'🛢️ انقطاعات الوقود'!B5:B104,"<"&DATE(2026,5+1,1))/($F$38*DAY(DATE(2026,5+1,1)-1))),1) | L7: =IFERROR(1-(SUMIFS('🛢️ انقطاعات الوقود'!F5:F104,'🛢️ انقطاعات الوقود'!B5:B104,">="&DATE(2026,6,1),'🛢️ انقطاعات الوقود'!B5:B104,"<"&DATE(2026,6+1,1))/($F$38*DAY(DATE(2026,6+1,1)-1))),1) | M7: =IFERROR(1-(SUMIFS('🛢️ انقطاعات الوقود'!F5:F104,'🛢️ انقطاعات الوقود'!B5:B104,">="&DATE(2026,7,1),'🛢️ انقطاعات الوقود'!B5:B104,"<"&DATE(2026,7+1,1))/($F$38*DAY(DATE(2026,7+1,1)-1))),1) | N7: =IFERROR(1-(SUMIFS('🛢️ انقطاعات الوقود'!F5:F104,'🛢️ انقطاعات الوقود'!B5:B104,">="&DATE(2026,8,1),'🛢️ انقطاعات الوقود'!B5:B104,"<"&DATE(2026,8+1,1))/($F$38*DAY(DATE(2026,8+1,1)-1))),1) | O7: =IFERROR(1-(SUMIFS('🛢️ انقطاعات الوقود'!F5:F104,'🛢️ انقطاعات الوقود'!B5:B104,">="&DATE(2026,9,1),'🛢️ انقطاعات الوقود'!B5:B104,"<"&DATE(2026,9+1,1))/($F$38*DAY(DATE(2026,9+1,1)-1))),1) | P7: =IFERROR(1-(SUMIFS('🛢️ انقطاعات الوقود'!F5:F104,'🛢️ انقطاعات الوقود'!B5:B104,">="&DATE(2026,10,1),'🛢️ انقطاعات الوقود'!B5:B104,"<"&DATE(2026,10+1,1))/($F$38*DAY(DATE(2026,10+1,1)-1))),1) | Q7: =IFERROR(1-(SUMIFS('🛢️ انقطاعات الوقود'!F5:F104,'🛢️ انقطاعات الوقود'!B5:B104,">="&DATE(2026,11,1),'🛢️ انقطاعات الوقود'!B5:B104,"<"&DATE(2026,11+1,1))/($F$38*DAY(DATE(2026,11+1,1)-1))),1) | R7: =IFERROR(1-(SUMIFS('🛢️ انقطاعات الوقود'!F5:F104,'🛢️ انقطاعات الوقود'!B5:B104,">="&DATE(2026,12,1),'🛢️ انقطاعات الوقود'!B5:B104,"<"&DATE(2026,12+1,1))/($F$38*DAY(DATE(2026,12+1,1)-1))),1)
A8: 2 | B8: عدد الانقطاعات الشهرية | C8: انقطاع | D8: ≤ 5 | E8: خطة | G8: 5 | H8: 5 | I8: 5 | J8: 5 | K8: 5 | L8: 5 | M8: 5 | N8: 5 | O8: 5 | P8: 5 | Q8: 5 | R8: 5
E9: فعلي | F9: =IFERROR(IF(AVERAGE(G8:R8)=0,"",IF(IFERROR(AVERAGEIF(G9:R9,">0",G9:R9),0)<=AVERAGE(G8:R8),"✅ ",IF(IFERROR(AVERAGEIF(G9:R9,">0",G9:R9),0)<=AVERAGE(G8:R8)*1.3,"🟡 ","🔴 "))&TEXT((IFERROR(AVERAGEIF(G9:R9,">0",G9:R9),0)-AVERAGE(G8:R8))/AVERAGE(G8:R8),"+0.0%;-0.0%")),"") | G9: =COUNTIFS('🛢️ انقطاعات الوقود'!B5:B104,">="&DATE(2026,1,1),'🛢️ انقطاعات الوقود'!B5:B104,"<"&DATE(2026,1+1,1)) | H9: =COUNTIFS('🛢️ انقطاعات الوقود'!B5:B104,">="&DATE(2026,2,1),'🛢️ انقطاعات الوقود'!B5:B104,"<"&DATE(2026,2+1,1)) | I9: =COUNTIFS('🛢️ انقطاعات الوقود'!B5:B104,">="&DATE(2026,3,1),'🛢️ انقطاعات الوقود'!B5:B104,"<"&DATE(2026,3+1,1)) | J9: =COUNTIFS('🛢️ انقطاعات الوقود'!B5:B104,">="&DATE(2026,4,1),'🛢️ انقطاعات الوقود'!B5:B104,"<"&DATE(2026,4+1,1)) | K9: =COUNTIFS('🛢️ انقطاعات الوقود'!B5:B104,">="&DATE(2026,5,1),'🛢️ انقطاعات الوقود'!B5:B104,"<"&DATE(2026,5+1,1)) | L9: =COUNTIFS('🛢️ انقطاعات الوقود'!B5:B104,">="&DATE(2026,6,1),'🛢️ انقطاعات الوقود'!B5:B104,"<"&DATE(2026,6+1,1)) | M9: =COUNTIFS('🛢️ انقطاعات الوقود'!B5:B104,">="&DATE(2026,7,1),'🛢️ انقطاعات الوقود'!B5:B104,"<"&DATE(2026,7+1,1)) | N9: =COUNTIFS('🛢️ انقطاعات الوقود'!B5:B104,">="&DATE(2026,8,1),'🛢️ انقطاعات الوقود'!B5:B104,"<"&DATE(2026,8+1,1)) | O9: =COUNTIFS('🛢️ انقطاعات الوقود'!B5:B104,">="&DATE(2026,9,1),'🛢️ انقطاعات الوقود'!B5:B104,"<"&DATE(2026,9+1,1)) | P9: =COUNTIFS('🛢️ انقطاعات الوقود'!B5:B104,">="&DATE(2026,10,1),'🛢️ انقطاعات الوقود'!B5:B104,"<"&DATE(2026,10+1,1)) | Q9: =COUNTIFS('🛢️ انقطاعات الوقود'!B5:B104,">="&DATE(2026,11,1),'🛢️ انقطاعات الوقود'!B5:B104,"<"&DATE(2026,11+1,1)) | R9: =COUNTIFS('🛢️ انقطاعات الوقود'!B5:B104,">="&DATE(2026,12,1),'🛢️ انقطاعات الوقود'!B5:B104,"<"&DATE(2026,12+1,1))
A10: 3 | B10: توفر المواد المخزنية (تسليم ≤ 3 أيام) | C10: % | D10: 100% | E10: خطة | G10: 1 | H10: 1 | I10: 1 | J10: 1 | K10: 1 | L10: 1 | M10: 1 | N10: 1 | O10: 1 | P10: 1 | Q10: 1 | R10: 1
E11: فعلي | F11: =IFERROR(IF(AVERAGE(G10:R10)=0,"",IF(IFERROR(AVERAGEIF(G11:R11,">0",G11:R11),0)>=AVERAGE(G10:R10),"✅ ",IF(IFERROR(AVERAGEIF(G11:R11,">0",G11:R11),0)>=AVERAGE(G10:R10)*0.85,"🟡 ","🔴 "))&TEXT((IFERROR(AVERAGEIF(G11:R11,">0",G11:R11),0)-AVERAGE(G10:R10))/AVERAGE(G10:R10),"+0.0%;-0.0%")),"") | G11: =IFERROR(COUNTIFS('🛒 الطلبات والمشتريات'!C5:C204,">="&DATE(2026,1,1),'🛒 الطلبات والمشتريات'!C5:C204,"<"&DATE(2026,1+1,1),'🛒 الطلبات والمشتريات'!D5:D204,"مواد مخزنية",'🛒 الطلبات والمشتريات'!I5:I204,"*ضمن*")/MAX(1,COUNTIFS('🛒 الطلبات والمشتريات'!C5:C204,">="&DATE(2026,1,1),'🛒 الطلبات والمشتريات'!C5:C204,"<"&DATE(2026,1+1,1),'🛒 الطلبات والمشتريات'!D5:D204,"مواد مخزنية")),0) | H11: =IFERROR(COUNTIFS('🛒 الطلبات والمشتريات'!C5:C204,">="&DATE(2026,2,1),'🛒 الطلبات والمشتريات'!C5:C204,"<"&DATE(2026,2+1,1),'🛒 الطلبات والمشتريات'!D5:D204,"مواد مخزنية",'🛒 الطلبات والمشتريات'!I5:I204,"*ضمن*")/MAX(1,COUNTIFS('🛒 الطلبات والمشتريات'!C5:C204,">="&DATE(2026,2,1),'🛒 الطلبات والمشتريات'!C5:C204,"<"&DATE(2026,2+1,1),'🛒 الطلبات والمشتريات'!D5:D204,"مواد مخزنية")),0) | I11: =IFERROR(COUNTIFS('🛒 الطلبات والمشتريات'!C5:C204,">="&DATE(2026,3,1),'🛒 الطلبات والمشتريات'!C5:C204,"<"&DATE(2026,3+1,1),'🛒 الطلبات والمشتريات'!D5:D204,"مواد مخزنية",'🛒 الطلبات والمشتريات'!I5:I204,"*ضمن*")/MAX(1,COUNTIFS('🛒 الطلبات والمشتريات'!C5:C204,">="&DATE(2026,3,1),'🛒 الطلبات والمشتريات'!C5:C204,"<"&DATE(2026,3+1,1),'🛒 الطلبات والمشتريات'!D5:D204,"مواد مخزنية")),0) | J11: =IFERROR(COUNTIFS('🛒 الطلبات والمشتريات'!C5:C204,">="&DATE(2026,4,1),'🛒 الطلبات والمشتريات'!C5:C204,"<"&DATE(2026,4+1,1),'🛒 الطلبات والمشتريات'!D5:D204,"مواد مخزنية",'🛒 الطلبات والمشتريات'!I5:I204,"*ضمن*")/MAX(1,COUNTIFS('🛒 الطلبات والمشتريات'!C5:C204,">="&DATE(2026,4,1),'🛒 الطلبات والمشتريات'!C5:C204,"<"&DATE(2026,4+1,1),'🛒 الطلبات والمشتريات'!D5:D204,"مواد مخزنية")),0) | K11: =IFERROR(COUNTIFS('🛒 الطلبات والمشتريات'!C5:C204,">="&DATE(2026,5,1),'🛒 الطلبات والمشتريات'!C5:C204,"<"&DATE(2026,5+1,1),'🛒 الطلبات والمشتريات'!D5:D204,"مواد مخزنية",'🛒 الطلبات والمشتريات'!I5:I204,"*ضمن*")/MAX(1,COUNTIFS('🛒 الطلبات والمشتريات'!C5:C204,">="&DATE(2026,5,1),'🛒 الطلبات والمشتريات'!C5:C204,"<"&DATE(2026,5+1,1),'🛒 الطلبات والمشتريات'!D5:D204,"مواد مخزنية")),0) | L11: =IFERROR(COUNTIFS('🛒 الطلبات والمشتريات'!C5:C204,">="&DATE(2026,6,1),'🛒 الطلبات والمشتريات'!C5:C204,"<"&DATE(2026,6+1,1),'🛒 الطلبات والمشتريات'!D5:D204,"مواد مخزنية",'🛒 الطلبات والمشتريات'!I5:I204,"*ضمن*")/MAX(1,COUNTIFS('🛒 الطلبات والمشتريات'!C5:C204,">="&DATE(2026,6,1),'🛒 الطلبات والمشتريات'!C5:C204,"<"&DATE(2026,6+1,1),'🛒 الطلبات والمشتريات'!D5:D204,"مواد مخزنية")),0) | M11: =IFERROR(COUNTIFS('🛒 الطلبات والمشتريات'!C5:C204,">="&DATE(2026,7,1),'🛒 الطلبات والمشتريات'!C5:C204,"<"&DATE(2026,7+1,1),'🛒 الطلبات والمشتريات'!D5:D204,"مواد مخزنية",'🛒 الطلبات والمشتريات'!I5:I204,"*ضمن*")/MAX(1,COUNTIFS('🛒 الطلبات والمشتريات'!C5:C204,">="&DATE(2026,7,1),'🛒 الطلبات والمشتريات'!C5:C204,"<"&DATE(2026,7+1,1),'🛒 الطلبات والمشتريات'!D5:D204,"مواد مخزنية")),0) | N11: =IFERROR(COUNTIFS('🛒 الطلبات والمشتريات'!C5:C204,">="&DATE(2026,8,1),'🛒 الطلبات والمشتريات'!C5:C204,"<"&DATE(2026,8+1,1),'🛒 الطلبات والمشتريات'!D5:D204,"مواد مخزنية",'🛒 الطلبات والمشتريات'!I5:I204,"*ضمن*")/MAX(1,COUNTIFS('🛒 الطلبات والمشتريات'!C5:C204,">="&DATE(2026,8,1),'🛒 الطلبات والمشتريات'!C5:C204,"<"&DATE(2026,8+1,1),'🛒 الطلبات والمشتريات'!D5:D204,"مواد مخزنية")),0) | O11: =IFERROR(COUNTIFS('🛒 الطلبات والمشتريات'!C5:C204,">="&DATE(2026,9,1),'🛒 الطلبات والمشتريات'!C5:C204,"<"&DATE(2026,9+1,1),'🛒 الطلبات والمشتريات'!D5:D204,"مواد مخزنية",'🛒 الطلبات والمشتريات'!I5:I204,"*ضمن*")/MAX(1,COUNTIFS('🛒 الطلبات والمشتريات'!C5:C204,">="&DATE(2026,9,1),'🛒 الطلبات والمشتريات'!C5:C204,"<"&DATE(2026,9+1,1),'🛒 الطلبات والمشتريات'!D5:D204,"مواد مخزنية")),0) | P11: =IFERROR(COUNTIFS('🛒 الطلبات والمشتريات'!C5:C204,">="&DATE(2026,10,1),'🛒 الطلبات والمشتريات'!C5:C204,"<"&DATE(2026,10+1,1),'🛒 الطلبات والمشتريات'!D5:D204,"مواد مخزنية",'🛒 الطلبات والمشتريات'!I5:I204,"*ضمن*")/MAX(1,COUNTIFS('🛒 الطلبات والمشتريات'!C5:C204,">="&DATE(2026,10,1),'🛒 الطلبات والمشتريات'!C5:C204,"<"&DATE(2026,10+1,1),'🛒 الطلبات والمشتريات'!D5:D204,"مواد مخزنية")),0) | Q11: =IFERROR(COUNTIFS('🛒 الطلبات والمشتريات'!C5:C204,">="&DATE(2026,11,1),'🛒 الطلبات والمشتريات'!C5:C204,"<"&DATE(2026,11+1,1),'🛒 الطلبات والمشتريات'!D5:D204,"مواد مخزنية",'🛒 الطلبات والمشتريات'!I5:I204,"*ضمن*")/MAX(1,COUNTIFS('🛒 الطلبات والمشتريات'!C5:C204,">="&DATE(2026,11,1),'🛒 الطلبات والمشتريات'!C5:C204,"<"&DATE(2026,11+1,1),'🛒 الطلبات والمشتريات'!D5:D204,"مواد مخزنية")),0) | R11: =IFERROR(COUNTIFS('🛒 الطلبات والمشتريات'!C5:C204,">="&DATE(2026,12,1),'🛒 الطلبات والمشتريات'!C5:C204,"<"&DATE(2026,12+1,1),'🛒 الطلبات والمشتريات'!D5:D204,"مواد مخزنية",'🛒 الطلبات والمشتريات'!I5:I204,"*ضمن*")/MAX(1,COUNTIFS('🛒 الطلبات والمشتريات'!C5:C204,">="&DATE(2026,12,1),'🛒 الطلبات والمشتريات'!C5:C204,"<"&DATE(2026,12+1,1),'🛒 الطلبات والمشتريات'!D5:D204,"مواد مخزنية")),0)
A12: 4 | B12: إصدار أوامر الشراء (≤ 5 أيام عمل) | C12: % | D12: ≥ 95% | E12: خطة | G12: 0.95 | H12: 0.95 | I12: 0.95 | J12: 0.95 | K12: 0.95 | L12: 0.95 | M12: 0.95 | N12: 0.95 | O12: 0.95 | P12: 0.95 | Q12: 0.95 | R12: 0.95
E13: فعلي | F13: =IFERROR(IF(AVERAGE(G12:R12)=0,"",IF(IFERROR(AVERAGEIF(G13:R13,">0",G13:R13),0)>=AVERAGE(G12:R12),"✅ ",IF(IFERROR(AVERAGEIF(G13:R13,">0",G13:R13),0)>=AVERAGE(G12:R12)*0.85,"🟡 ","🔴 "))&TEXT((IFERROR(AVERAGEIF(G13:R13,">0",G13:R13),0)-AVERAGE(G12:R12))/AVERAGE(G12:R12),"+0.0%;-0.0%")),"") | G13: =IFERROR(COUNTIFS('🛒 الطلبات والمشتريات'!C5:C204,">="&DATE(2026,1,1),'🛒 الطلبات والمشتريات'!C5:C204,"<"&DATE(2026,1+1,1),'🛒 الطلبات والمشتريات'!D5:D204,"أمر شراء",'🛒 الطلبات والمشتريات'!I5:I204,"*ضمن*")/MAX(1,COUNTIFS('🛒 الطلبات والمشتريات'!C5:C204,">="&DATE(2026,1,1),'🛒 الطلبات والمشتريات'!C5:C204,"<"&DATE(2026,1+1,1),'🛒 الطلبات والمشتريات'!D5:D204,"أمر شراء")),0) | H13: =IFERROR(COUNTIFS('🛒 الطلبات والمشتريات'!C5:C204,">="&DATE(2026,2,1),'🛒 الطلبات والمشتريات'!C5:C204,"<"&DATE(2026,2+1,1),'🛒 الطلبات والمشتريات'!D5:D204,"أمر شراء",'🛒 الطلبات والمشتريات'!I5:I204,"*ضمن*")/MAX(1,COUNTIFS('🛒 الطلبات والمشتريات'!C5:C204,">="&DATE(2026,2,1),'🛒 الطلبات والمشتريات'!C5:C204,"<"&DATE(2026,2+1,1),'🛒 الطلبات والمشتريات'!D5:D204,"أمر شراء")),0) | I13: =IFERROR(COUNTIFS('🛒 الطلبات والمشتريات'!C5:C204,">="&DATE(2026,3,1),'🛒 الطلبات والمشتريات'!C5:C204,"<"&DATE(2026,3+1,1),'🛒 الطلبات والمشتريات'!D5:D204,"أمر شراء",'🛒 الطلبات والمشتريات'!I5:I204,"*ضمن*")/MAX(1,COUNTIFS('🛒 الطلبات والمشتريات'!C5:C204,">="&DATE(2026,3,1),'🛒 الطلبات والمشتريات'!C5:C204,"<"&DATE(2026,3+1,1),'🛒 الطلبات والمشتريات'!D5:D204,"أمر شراء")),0) | J13: =IFERROR(COUNTIFS('🛒 الطلبات والمشتريات'!C5:C204,">="&DATE(2026,4,1),'🛒 الطلبات والمشتريات'!C5:C204,"<"&DATE(2026,4+1,1),'🛒 الطلبات والمشتريات'!D5:D204,"أمر شراء",'🛒 الطلبات والمشتريات'!I5:I204,"*ضمن*")/MAX(1,COUNTIFS('🛒 الطلبات والمشتريات'!C5:C204,">="&DATE(2026,4,1),'🛒 الطلبات والمشتريات'!C5:C204,"<"&DATE(2026,4+1,1),'🛒 الطلبات والمشتريات'!D5:D204,"أمر شراء")),0) | K13: =IFERROR(COUNTIFS('🛒 الطلبات والمشتريات'!C5:C204,">="&DATE(2026,5,1),'🛒 الطلبات والمشتريات'!C5:C204,"<"&DATE(2026,5+1,1),'🛒 الطلبات والمشتريات'!D5:D204,"أمر شراء",'🛒 الطلبات والمشتريات'!I5:I204,"*ضمن*")/MAX(1,COUNTIFS('🛒 الطلبات والمشتريات'!C5:C204,">="&DATE(2026,5,1),'🛒 الطلبات والمشتريات'!C5:C204,"<"&DATE(2026,5+1,1),'🛒 الطلبات والمشتريات'!D5:D204,"أمر شراء")),0) | L13: =IFERROR(COUNTIFS('🛒 الطلبات والمشتريات'!C5:C204,">="&DATE(2026,6,1),'🛒 الطلبات والمشتريات'!C5:C204,"<"&DATE(2026,6+1,1),'🛒 الطلبات والمشتريات'!D5:D204,"أمر شراء",'🛒 الطلبات والمشتريات'!I5:I204,"*ضمن*")/MAX(1,COUNTIFS('🛒 الطلبات والمشتريات'!C5:C204,">="&DATE(2026,6,1),'🛒 الطلبات والمشتريات'!C5:C204,"<"&DATE(2026,6+1,1),'🛒 الطلبات والمشتريات'!D5:D204,"أمر شراء")),0) | M13: =IFERROR(COUNTIFS('🛒 الطلبات والمشتريات'!C5:C204,">="&DATE(2026,7,1),'🛒 الطلبات والمشتريات'!C5:C204,"<"&DATE(2026,7+1,1),'🛒 الطلبات والمشتريات'!D5:D204,"أمر شراء",'🛒 الطلبات والمشتريات'!I5:I204,"*ضمن*")/MAX(1,COUNTIFS('🛒 الطلبات والمشتريات'!C5:C204,">="&DATE(2026,7,1),'🛒 الطلبات والمشتريات'!C5:C204,"<"&DATE(2026,7+1,1),'🛒 الطلبات والمشتريات'!D5:D204,"أمر شراء")),0) | N13: =IFERROR(COUNTIFS('🛒 الطلبات والمشتريات'!C5:C204,">="&DATE(2026,8,1),'🛒 الطلبات والمشتريات'!C5:C204,"<"&DATE(2026,8+1,1),'🛒 الطلبات والمشتريات'!D5:D204,"أمر شراء",'🛒 الطلبات والمشتريات'!I5:I204,"*ضمن*")/MAX(1,COUNTIFS('🛒 الطلبات والمشتريات'!C5:C204,">="&DATE(2026,8,1),'🛒 الطلبات والمشتريات'!C5:C204,"<"&DATE(2026,8+1,1),'🛒 الطلبات والمشتريات'!D5:D204,"أمر شراء")),0) | O13: =IFERROR(COUNTIFS('🛒 الطلبات والمشتريات'!C5:C204,">="&DATE(2026,9,1),'🛒 الطلبات والمشتريات'!C5:C204,"<"&DATE(2026,9+1,1),'🛒 الطلبات والمشتريات'!D5:D204,"أمر شراء",'🛒 الطلبات والمشتريات'!I5:I204,"*ضمن*")/MAX(1,COUNTIFS('🛒 الطلبات والمشتريات'!C5:C204,">="&DATE(2026,9,1),'🛒 الطلبات والمشتريات'!C5:C204,"<"&DATE(2026,9+1,1),'🛒 الطلبات والمشتريات'!D5:D204,"أمر شراء")),0) | P13: =IFERROR(COUNTIFS('🛒 الطلبات والمشتريات'!C5:C204,">="&DATE(2026,10,1),'🛒 الطلبات والمشتريات'!C5:C204,"<"&DATE(2026,10+1,1),'🛒 الطلبات والمشتريات'!D5:D204,"أمر شراء",'🛒 الطلبات والمشتريات'!I5:I204,"*ضمن*")/MAX(1,COUNTIFS('🛒 الطلبات والمشتريات'!C5:C204,">="&DATE(2026,10,1),'🛒 الطلبات والمشتريات'!C5:C204,"<"&DATE(2026,10+1,1),'🛒 الطلبات والمشتريات'!D5:D204,"أمر شراء")),0) | Q13: =IFERROR(COUNTIFS('🛒 الطلبات والمشتريات'!C5:C204,">="&DATE(2026,11,1),'🛒 الطلبات والمشتريات'!C5:C204,"<"&DATE(2026,11+1,1),'🛒 الطلبات والمشتريات'!D5:D204,"أمر شراء",'🛒 الطلبات والمشتريات'!I5:I204,"*ضمن*")/MAX(1,COUNTIFS('🛒 الطلبات والمشتريات'!C5:C204,">="&DATE(2026,11,1),'🛒 الطلبات والمشتريات'!C5:C204,"<"&DATE(2026,11+1,1),'🛒 الطلبات والمشتريات'!D5:D204,"أمر شراء")),0) | R13: =IFERROR(COUNTIFS('🛒 الطلبات والمشتريات'!C5:C204,">="&DATE(2026,12,1),'🛒 الطلبات والمشتريات'!C5:C204,"<"&DATE(2026,12+1,1),'🛒 الطلبات والمشتريات'!D5:D204,"أمر شراء",'🛒 الطلبات والمشتريات'!I5:I204,"*ضمن*")/MAX(1,COUNTIFS('🛒 الطلبات والمشتريات'!C5:C204,">="&DATE(2026,12,1),'🛒 الطلبات والمشتريات'!C5:C204,"<"&DATE(2026,12+1,1),'🛒 الطلبات والمشتريات'!D5:D204,"أمر شراء")),0)
A14: 5 | B14: نسبة استيفاء طلبات المحطات (Fill Rate) | C14: % | D14: ≥ 98% | E14: خطة | G14: 0.98 | H14: 0.98 | I14: 0.98 | J14: 0.98 | K14: 0.98 | L14: 0.98 | M14: 0.98 | N14: 0.98 | O14: 0.98 | P14: 0.98 | Q14: 0.98 | R14: 0.98
E15: فعلي | F15: =IFERROR(IF(AVERAGE(G14:R14)=0,"",IF(IFERROR(AVERAGEIF(G15:R15,">0",G15:R15),0)>=AVERAGE(G14:R14),"✅ ",IF(IFERROR(AVERAGEIF(G15:R15,">0",G15:R15),0)>=AVERAGE(G14:R14)*0.85,"🟡 ","🔴 "))&TEXT((IFERROR(AVERAGEIF(G15:R15,">0",G15:R15),0)-AVERAGE(G14:R14))/AVERAGE(G14:R14),"+0.0%;-0.0%")),"") | G15: =IFERROR(COUNTIFS('🛒 الطلبات والمشتريات'!C5:C204,">="&DATE(2026,1,1),'🛒 الطلبات والمشتريات'!C5:C204,"<"&DATE(2026,1+1,1),'🛒 الطلبات والمشتريات'!I5:I204,"*ضمن*")/MAX(1,COUNTIFS('🛒 الطلبات والمشتريات'!C5:C204,">="&DATE(2026,1,1),'🛒 الطلبات والمشتريات'!C5:C204,"<"&DATE(2026,1+1,1))),0) | H15: =IFERROR(COUNTIFS('🛒 الطلبات والمشتريات'!C5:C204,">="&DATE(2026,2,1),'🛒 الطلبات والمشتريات'!C5:C204,"<"&DATE(2026,2+1,1),'🛒 الطلبات والمشتريات'!I5:I204,"*ضمن*")/MAX(1,COUNTIFS('🛒 الطلبات والمشتريات'!C5:C204,">="&DATE(2026,2,1),'🛒 الطلبات والمشتريات'!C5:C204,"<"&DATE(2026,2+1,1))),0) | I15: =IFERROR(COUNTIFS('🛒 الطلبات والمشتريات'!C5:C204,">="&DATE(2026,3,1),'🛒 الطلبات والمشتريات'!C5:C204,"<"&DATE(2026,3+1,1),'🛒 الطلبات والمشتريات'!I5:I204,"*ضمن*")/MAX(1,COUNTIFS('🛒 الطلبات والمشتريات'!C5:C204,">="&DATE(2026,3,1),'🛒 الطلبات والمشتريات'!C5:C204,"<"&DATE(2026,3+1,1))),0) | J15: =IFERROR(COUNTIFS('🛒 الطلبات والمشتريات'!C5:C204,">="&DATE(2026,4,1),'🛒 الطلبات والمشتريات'!C5:C204,"<"&DATE(2026,4+1,1),'🛒 الطلبات والمشتريات'!I5:I204,"*ضمن*")/MAX(1,COUNTIFS('🛒 الطلبات والمشتريات'!C5:C204,">="&DATE(2026,4,1),'🛒 الطلبات والمشتريات'!C5:C204,"<"&DATE(2026,4+1,1))),0) | K15: =IFERROR(COUNTIFS('🛒 الطلبات والمشتريات'!C5:C204,">="&DATE(2026,5,1),'🛒 الطلبات والمشتريات'!C5:C204,"<"&DATE(2026,5+1,1),'🛒 الطلبات والمشتريات'!I5:I204,"*ضمن*")/MAX(1,COUNTIFS('🛒 الطلبات والمشتريات'!C5:C204,">="&DATE(2026,5,1),'🛒 الطلبات والمشتريات'!C5:C204,"<"&DATE(2026,5+1,1))),0) | L15: =IFERROR(COUNTIFS('🛒 الطلبات والمشتريات'!C5:C204,">="&DATE(2026,6,1),'🛒 الطلبات والمشتريات'!C5:C204,"<"&DATE(2026,6+1,1),'🛒 الطلبات والمشتريات'!I5:I204,"*ضمن*")/MAX(1,COUNTIFS('🛒 الطلبات والمشتريات'!C5:C204,">="&DATE(2026,6,1),'🛒 الطلبات والمشتريات'!C5:C204,"<"&DATE(2026,6+1,1))),0) | M15: =IFERROR(COUNTIFS('🛒 الطلبات والمشتريات'!C5:C204,">="&DATE(2026,7,1),'🛒 الطلبات والمشتريات'!C5:C204,"<"&DATE(2026,7+1,1),'🛒 الطلبات والمشتريات'!I5:I204,"*ضمن*")/MAX(1,COUNTIFS('🛒 الطلبات والمشتريات'!C5:C204,">="&DATE(2026,7,1),'🛒 الطلبات والمشتريات'!C5:C204,"<"&DATE(2026,7+1,1))),0) | N15: =IFERROR(COUNTIFS('🛒 الطلبات والمشتريات'!C5:C204,">="&DATE(2026,8,1),'🛒 الطلبات والمشتريات'!C5:C204,"<"&DATE(2026,8+1,1),'🛒 الطلبات والمشتريات'!I5:I204,"*ضمن*")/MAX(1,COUNTIFS('🛒 الطلبات والمشتريات'!C5:C204,">="&DATE(2026,8,1),'🛒 الطلبات والمشتريات'!C5:C204,"<"&DATE(2026,8+1,1))),0) | O15: =IFERROR(COUNTIFS('🛒 الطلبات والمشتريات'!C5:C204,">="&DATE(2026,9,1),'🛒 الطلبات والمشتريات'!C5:C204,"<"&DATE(2026,9+1,1),'🛒 الطلبات والمشتريات'!I5:I204,"*ضمن*")/MAX(1,COUNTIFS('🛒 الطلبات والمشتريات'!C5:C204,">="&DATE(2026,9,1),'🛒 الطلبات والمشتريات'!C5:C204,"<"&DATE(2026,9+1,1))),0) | P15: =IFERROR(COUNTIFS('🛒 الطلبات والمشتريات'!C5:C204,">="&DATE(2026,10,1),'🛒 الطلبات والمشتريات'!C5:C204,"<"&DATE(2026,10+1,1),'🛒 الطلبات والمشتريات'!I5:I204,"*ضمن*")/MAX(1,COUNTIFS('🛒 الطلبات والمشتريات'!C5:C204,">="&DATE(2026,10,1),'🛒 الطلبات والمشتريات'!C5:C204,"<"&DATE(2026,10+1,1))),0) | Q15: =IFERROR(COUNTIFS('🛒 الطلبات والمشتريات'!C5:C204,">="&DATE(2026,11,1),'🛒 الطلبات والمشتريات'!C5:C204,"<"&DATE(2026,11+1,1),'🛒 الطلبات والمشتريات'!I5:I204,"*ضمن*")/MAX(1,COUNTIFS('🛒 الطلبات والمشتريات'!C5:C204,">="&DATE(2026,11,1),'🛒 الطلبات والمشتريات'!C5:C204,"<"&DATE(2026,11+1,1))),0) | R15: =IFERROR(COUNTIFS('🛒 الطلبات والمشتريات'!C5:C204,">="&DATE(2026,12,1),'🛒 الطلبات والمشتريات'!C5:C204,"<"&DATE(2026,12+1,1),'🛒 الطلبات والمشتريات'!I5:I204,"*ضمن*")/MAX(1,COUNTIFS('🛒 الطلبات والمشتريات'!C5:C204,">="&DATE(2026,12,1),'🛒 الطلبات والمشتريات'!C5:C204,"<"&DATE(2026,12+1,1))),0)
A16: ◀ 💰 التكاليف
A17: 6 | B17: فواقد الوقود لكل 33K لتر | C17: لتر | D17: ≤ 100 | E17: خطة | G17: 100 | H17: 100 | I17: 100 | J17: 100 | K17: 100 | L17: 100 | M17: 100 | N17: 100 | O17: 100 | P17: 100 | Q17: 100 | R17: 100
E18: فعلي | F18: =IFERROR(IF(AVERAGE(G17:R17)=0,"",IF(IFERROR(AVERAGEIF(G18:R18,">0",G18:R18),0)<=AVERAGE(G17:R17),"✅ ",IF(IFERROR(AVERAGEIF(G18:R18,">0",G18:R18),0)<=AVERAGE(G17:R17)*1.3,"🟡 ","🔴 "))&TEXT((IFERROR(AVERAGEIF(G18:R18,">0",G18:R18),0)-AVERAGE(G17:R17))/AVERAGE(G17:R17),"+0.0%;-0.0%")),"") | G18: =IFERROR(SUMIFS('💧 الردود والفاقد'!G5:G304,'💧 الردود والفاقد'!B5:B304,">="&DATE(2026,1,1),'💧 الردود والفاقد'!B5:B304,"<"&DATE(2026,1+1,1))/COUNTIFS('💧 الردود والفاقد'!B5:B304,">="&DATE(2026,1,1),'💧 الردود والفاقد'!B5:B304,"<"&DATE(2026,1+1,1)),0) | H18: =IFERROR(SUMIFS('💧 الردود والفاقد'!G5:G304,'💧 الردود والفاقد'!B5:B304,">="&DATE(2026,2,1),'💧 الردود والفاقد'!B5:B304,"<"&DATE(2026,2+1,1))/COUNTIFS('💧 الردود والفاقد'!B5:B304,">="&DATE(2026,2,1),'💧 الردود والفاقد'!B5:B304,"<"&DATE(2026,2+1,1)),0) | I18: =IFERROR(SUMIFS('💧 الردود والفاقد'!G5:G304,'💧 الردود والفاقد'!B5:B304,">="&DATE(2026,3,1),'💧 الردود والفاقد'!B5:B304,"<"&DATE(2026,3+1,1))/COUNTIFS('💧 الردود والفاقد'!B5:B304,">="&DATE(2026,3,1),'💧 الردود والفاقد'!B5:B304,"<"&DATE(2026,3+1,1)),0) | J18: =IFERROR(SUMIFS('💧 الردود والفاقد'!G5:G304,'💧 الردود والفاقد'!B5:B304,">="&DATE(2026,4,1),'💧 الردود والفاقد'!B5:B304,"<"&DATE(2026,4+1,1))/COUNTIFS('💧 الردود والفاقد'!B5:B304,">="&DATE(2026,4,1),'💧 الردود والفاقد'!B5:B304,"<"&DATE(2026,4+1,1)),0) | K18: =IFERROR(SUMIFS('💧 الردود والفاقد'!G5:G304,'💧 الردود والفاقد'!B5:B304,">="&DATE(2026,5,1),'💧 الردود والفاقد'!B5:B304,"<"&DATE(2026,5+1,1))/COUNTIFS('💧 الردود والفاقد'!B5:B304,">="&DATE(2026,5,1),'💧 الردود والفاقد'!B5:B304,"<"&DATE(2026,5+1,1)),0) | L18: =IFERROR(SUMIFS('💧 الردود والفاقد'!G5:G304,'💧 الردود والفاقد'!B5:B304,">="&DATE(2026,6,1),'💧 الردود والفاقد'!B5:B304,"<"&DATE(2026,6+1,1))/COUNTIFS('💧 الردود والفاقد'!B5:B304,">="&DATE(2026,6,1),'💧 الردود والفاقد'!B5:B304,"<"&DATE(2026,6+1,1)),0) | M18: =IFERROR(SUMIFS('💧 الردود والفاقد'!G5:G304,'💧 الردود والفاقد'!B5:B304,">="&DATE(2026,7,1),'💧 الردود والفاقد'!B5:B304,"<"&DATE(2026,7+1,1))/COUNTIFS('💧 الردود والفاقد'!B5:B304,">="&DATE(2026,7,1),'💧 الردود والفاقد'!B5:B304,"<"&DATE(2026,7+1,1)),0) | N18: =IFERROR(SUMIFS('💧 الردود والفاقد'!G5:G304,'💧 الردود والفاقد'!B5:B304,">="&DATE(2026,8,1),'💧 الردود والفاقد'!B5:B304,"<"&DATE(2026,8+1,1))/COUNTIFS('💧 الردود والفاقد'!B5:B304,">="&DATE(2026,8,1),'💧 الردود والفاقد'!B5:B304,"<"&DATE(2026,8+1,1)),0) | O18: =IFERROR(SUMIFS('💧 الردود والفاقد'!G5:G304,'💧 الردود والفاقد'!B5:B304,">="&DATE(2026,9,1),'💧 الردود والفاقد'!B5:B304,"<"&DATE(2026,9+1,1))/COUNTIFS('💧 الردود والفاقد'!B5:B304,">="&DATE(2026,9,1),'💧 الردود والفاقد'!B5:B304,"<"&DATE(2026,9+1,1)),0) | P18: =IFERROR(SUMIFS('💧 الردود والفاقد'!G5:G304,'💧 الردود والفاقد'!B5:B304,">="&DATE(2026,10,1),'💧 الردود والفاقد'!B5:B304,"<"&DATE(2026,10+1,1))/COUNTIFS('💧 الردود والفاقد'!B5:B304,">="&DATE(2026,10,1),'💧 الردود والفاقد'!B5:B304,"<"&DATE(2026,10+1,1)),0) | Q18: =IFERROR(SUMIFS('💧 الردود والفاقد'!G5:G304,'💧 الردود والفاقد'!B5:B304,">="&DATE(2026,11,1),'💧 الردود والفاقد'!B5:B304,"<"&DATE(2026,11+1,1))/COUNTIFS('💧 الردود والفاقد'!B5:B304,">="&DATE(2026,11,1),'💧 الردود والفاقد'!B5:B304,"<"&DATE(2026,11+1,1)),0) | R18: =IFERROR(SUMIFS('💧 الردود والفاقد'!G5:G304,'💧 الردود والفاقد'!B5:B304,">="&DATE(2026,12,1),'💧 الردود والفاقد'!B5:B304,"<"&DATE(2026,12+1,1))/COUNTIFS('💧 الردود والفاقد'!B5:B304,">="&DATE(2026,12,1),'💧 الردود والفاقد'!B5:B304,"<"&DATE(2026,12+1,1)),0)
A19: 7 | B19: نسبة المواد التالفة (يدوي شهرياً) | C19: % | D19: ≤ 2% | E19: خطة | G19: 0.02 | H19: 0.02 | I19: 0.02 | J19: 0.02 | K19: 0.02 | L19: 0.02 | M19: 0.02 | N19: 0.02 | O19: 0.02 | P19: 0.02 | Q19: 0.02 | R19: 0.02
E20: فعلي | F20: =IFERROR(IF(AVERAGE(G19:R19)=0,"",IF(IFERROR(AVERAGEIF(G20:R20,">0",G20:R20),0)<=AVERAGE(G19:R19),"✅ ",IF(IFERROR(AVERAGEIF(G20:R20,">0",G20:R20),0)<=AVERAGE(G19:R19)*1.3,"🟡 ","🔴 "))&TEXT((IFERROR(AVERAGEIF(G20:R20,">0",G20:R20),0)-AVERAGE(G19:R19))/AVERAGE(G19:R19),"+0.0%;-0.0%")),"") | G20: 0 | H20: 0 | I20: 0 | J20: 0 | K20: 0 | L20: 0 | M20: 0 | N20: 0 | O20: 0 | P20: 0 | Q20: 0 | R20: 0
A21: ◀ 🏦 السيولة المالية
A22: 8 | B22: كمية مخزون الوقود (أيام) | C22: يوم | D22: ≤ 3 | E22: خطة | G22: 3 | H22: 3 | I22: 3 | J22: 3 | K22: 3 | L22: 3 | M22: 3 | N22: 3 | O22: 3 | P22: 3 | Q22: 3 | R22: 3
E23: فعلي | F23: =IFERROR(IF(AVERAGE(G22:R22)=0,"",IF(IFERROR(AVERAGEIF(G23:R23,">0",G23:R23),0)<=AVERAGE(G22:R22),"✅ ",IF(IFERROR(AVERAGEIF(G23:R23,">0",G23:R23),0)<=AVERAGE(G22:R22)*1.3,"🟡 ","🔴 "))&TEXT((IFERROR(AVERAGEIF(G23:R23,">0",G23:R23),0)-AVERAGE(G22:R22))/AVERAGE(G22:R22),"+0.0%;-0.0%")),"") | G23: =IFERROR(AVERAGEIFS('📦 المخزون'!I5:I304,'📦 المخزون'!C5:C304,1,'📦 المخزون'!F5:F304,"وقود"),0) | H23: =IFERROR(AVERAGEIFS('📦 المخزون'!I5:I304,'📦 المخزون'!C5:C304,2,'📦 المخزون'!F5:F304,"وقود"),0) | I23: =IFERROR(AVERAGEIFS('📦 المخزون'!I5:I304,'📦 المخزون'!C5:C304,3,'📦 المخزون'!F5:F304,"وقود"),0) | J23: =IFERROR(AVERAGEIFS('📦 المخزون'!I5:I304,'📦 المخزون'!C5:C304,4,'📦 المخزون'!F5:F304,"وقود"),0) | K23: =IFERROR(AVERAGEIFS('📦 المخزون'!I5:I304,'📦 المخزون'!C5:C304,5,'📦 المخزون'!F5:F304,"وقود"),0) | L23: =IFERROR(AVERAGEIFS('📦 المخزون'!I5:I304,'📦 المخزون'!C5:C304,6,'📦 المخزون'!F5:F304,"وقود"),0) | M23: =IFERROR(AVERAGEIFS('📦 المخزون'!I5:I304,'📦 المخزون'!C5:C304,7,'📦 المخزون'!F5:F304,"وقود"),0) | N23: =IFERROR(AVERAGEIFS('📦 المخزون'!I5:I304,'📦 المخزون'!C5:C304,8,'📦 المخزون'!F5:F304,"وقود"),0) | O23: =IFERROR(AVERAGEIFS('📦 المخزون'!I5:I304,'📦 المخزون'!C5:C304,9,'📦 المخزون'!F5:F304,"وقود"),0) | P23: =IFERROR(AVERAGEIFS('📦 المخزون'!I5:I304,'📦 المخزون'!C5:C304,10,'📦 المخزون'!F5:F304,"وقود"),0) | Q23: =IFERROR(AVERAGEIFS('📦 المخزون'!I5:I304,'📦 المخزون'!C5:C304,11,'📦 المخزون'!F5:F304,"وقود"),0) | R23: =IFERROR(AVERAGEIFS('📦 المخزون'!I5:I304,'📦 المخزون'!C5:C304,12,'📦 المخزون'!F5:F304,"وقود"),0)
A24: 9 | B24: معدل دوران المخزون (مرات/شهر) | C24: مرة | D24: ≥ 10 | E24: خطة | G24: 10 | H24: 10 | I24: 10 | J24: 10 | K24: 10 | L24: 10 | M24: 10 | N24: 10 | O24: 10 | P24: 10 | Q24: 10 | R24: 10
E25: فعلي | F25: =IFERROR(IF(AVERAGE(G24:R24)=0,"",IF(IFERROR(AVERAGEIF(G25:R25,">0",G25:R25),0)>=AVERAGE(G24:R24),"✅ ",IF(IFERROR(AVERAGEIF(G25:R25,">0",G25:R25),0)>=AVERAGE(G24:R24)*0.85,"🟡 ","🔴 "))&TEXT((IFERROR(AVERAGEIF(G25:R25,">0",G25:R25),0)-AVERAGE(G24:R24))/AVERAGE(G24:R24),"+0.0%;-0.0%")),"") | G25: =IFERROR(30/AVERAGEIFS('📦 المخزون'!I5:I304,'📦 المخزون'!C5:C304,1,'📦 المخزون'!F5:F304,"وقود"),0) | H25: =IFERROR(30/AVERAGEIFS('📦 المخزون'!I5:I304,'📦 المخزون'!C5:C304,2,'📦 المخزون'!F5:F304,"وقود"),0) | I25: =IFERROR(30/AVERAGEIFS('📦 المخزون'!I5:I304,'📦 المخزون'!C5:C304,3,'📦 المخزون'!F5:F304,"وقود"),0) | J25: =IFERROR(30/AVERAGEIFS('📦 المخزون'!I5:I304,'📦 المخزون'!C5:C304,4,'📦 المخزون'!F5:F304,"وقود"),0) | K25: =IFERROR(30/AVERAGEIFS('📦 المخزون'!I5:I304,'📦 المخزون'!C5:C304,5,'📦 المخزون'!F5:F304,"وقود"),0) | L25: =IFERROR(30/AVERAGEIFS('📦 المخزون'!I5:I304,'📦 المخزون'!C5:C304,6,'📦 المخزون'!F5:F304,"وقود"),0) | M25: =IFERROR(30/AVERAGEIFS('📦 المخزون'!I5:I304,'📦 المخزون'!C5:C304,7,'📦 المخزون'!F5:F304,"وقود"),0) | N25: =IFERROR(30/AVERAGEIFS('📦 المخزون'!I5:I304,'📦 المخزون'!C5:C304,8,'📦 المخزون'!F5:F304,"وقود"),0) | O25: =IFERROR(30/AVERAGEIFS('📦 المخزون'!I5:I304,'📦 المخزون'!C5:C304,9,'📦 المخزون'!F5:F304,"وقود"),0) | P25: =IFERROR(30/AVERAGEIFS('📦 المخزون'!I5:I304,'📦 المخزون'!C5:C304,10,'📦 المخزون'!F5:F304,"وقود"),0) | Q25: =IFERROR(30/AVERAGEIFS('📦 المخزون'!I5:I304,'📦 المخزون'!C5:C304,11,'📦 المخزون'!F5:F304,"وقود"),0) | R25: =IFERROR(30/AVERAGEIFS('📦 المخزون'!I5:I304,'📦 المخزون'!C5:C304,12,'📦 المخزون'!F5:F304,"وقود"),0)
A26: ◀ 🛡️ السلامة والامتثال
A27: 10 | B27: عدد حوادث النقل الشهرية | C27: حادث | D27: 0 | E27: خطة | G27: 0 | H27: 0 | I27: 0 | J27: 0 | K27: 0 | L27: 0 | M27: 0 | N27: 0 | O27: 0 | P27: 0 | Q27: 0 | R27: 0
E28: فعلي | F28: =IFERROR(IF(AVERAGE(G27:R27)=0,"",IF(IFERROR(AVERAGEIF(G28:R28,">0",G28:R28),0)<=AVERAGE(G27:R27),"✅ ",IF(IFERROR(AVERAGEIF(G28:R28,">0",G28:R28),0)<=AVERAGE(G27:R27)*1.3,"🟡 ","🔴 "))&TEXT((IFERROR(AVERAGEIF(G28:R28,">0",G28:R28),0)-AVERAGE(G27:R27))/AVERAGE(G27:R27),"+0.0%;-0.0%")),"") | G28: =COUNTIFS('🚚 النقل والرحلات'!B5:B304,">="&DATE(2026,1,1),'🚚 النقل والرحلات'!B5:B304,"<"&DATE(2026,1+1,1),'🚚 النقل والرحلات'!K5:K304,"<>لا يوجد",'🚚 النقل والرحلات'!K5:K304,"<>") | H28: =COUNTIFS('🚚 النقل والرحلات'!B5:B304,">="&DATE(2026,2,1),'🚚 النقل والرحلات'!B5:B304,"<"&DATE(2026,2+1,1),'🚚 النقل والرحلات'!K5:K304,"<>لا يوجد",'🚚 النقل والرحلات'!K5:K304,"<>") | I28: =COUNTIFS('🚚 النقل والرحلات'!B5:B304,">="&DATE(2026,3,1),'🚚 النقل والرحلات'!B5:B304,"<"&DATE(2026,3+1,1),'🚚 النقل والرحلات'!K5:K304,"<>لا يوجد",'🚚 النقل والرحلات'!K5:K304,"<>") | J28: =COUNTIFS('🚚 النقل والرحلات'!B5:B304,">="&DATE(2026,4,1),'🚚 النقل والرحلات'!B5:B304,"<"&DATE(2026,4+1,1),'🚚 النقل والرحلات'!K5:K304,"<>لا يوجد",'🚚 النقل والرحلات'!K5:K304,"<>") | K28: =COUNTIFS('🚚 النقل والرحلات'!B5:B304,">="&DATE(2026,5,1),'🚚 النقل والرحلات'!B5:B304,"<"&DATE(2026,5+1,1),'🚚 النقل والرحلات'!K5:K304,"<>لا يوجد",'🚚 النقل والرحلات'!K5:K304,"<>") | L28: =COUNTIFS('🚚 النقل والرحلات'!B5:B304,">="&DATE(2026,6,1),'🚚 النقل والرحلات'!B5:B304,"<"&DATE(2026,6+1,1),'🚚 النقل والرحلات'!K5:K304,"<>لا يوجد",'🚚 النقل والرحلات'!K5:K304,"<>") | M28: =COUNTIFS('🚚 النقل والرحلات'!B5:B304,">="&DATE(2026,7,1),'🚚 النقل والرحلات'!B5:B304,"<"&DATE(2026,7+1,1),'🚚 النقل والرحلات'!K5:K304,"<>لا يوجد",'🚚 النقل والرحلات'!K5:K304,"<>") | N28: =COUNTIFS('🚚 النقل والرحلات'!B5:B304,">="&DATE(2026,8,1),'🚚 النقل والرحلات'!B5:B304,"<"&DATE(2026,8+1,1),'🚚 النقل والرحلات'!K5:K304,"<>لا يوجد",'🚚 النقل والرحلات'!K5:K304,"<>") | O28: =COUNTIFS('🚚 النقل والرحلات'!B5:B304,">="&DATE(2026,9,1),'🚚 النقل والرحلات'!B5:B304,"<"&DATE(2026,9+1,1),'🚚 النقل والرحلات'!K5:K304,"<>لا يوجد",'🚚 النقل والرحلات'!K5:K304,"<>") | P28: =COUNTIFS('🚚 النقل والرحلات'!B5:B304,">="&DATE(2026,10,1),'🚚 النقل والرحلات'!B5:B304,"<"&DATE(2026,10+1,1),'🚚 النقل والرحلات'!K5:K304,"<>لا يوجد",'🚚 النقل والرحلات'!K5:K304,"<>") | Q28: =COUNTIFS('🚚 النقل والرحلات'!B5:B304,">="&DATE(2026,11,1),'🚚 النقل والرحلات'!B5:B304,"<"&DATE(2026,11+1,1),'🚚 النقل والرحلات'!K5:K304,"<>لا يوجد",'🚚 النقل والرحلات'!K5:K304,"<>") | R28: =COUNTIFS('🚚 النقل والرحلات'!B5:B304,">="&DATE(2026,12,1),'🚚 النقل والرحلات'!B5:B304,"<"&DATE(2026,12+1,1),'🚚 النقل والرحلات'!K5:K304,"<>لا يوجد",'🚚 النقل والرحلات'!K5:K304,"<>")
A29: 11 | B29: معدل امتثال السائقين (بدون مخالفات) | C29: % | D29: ≥ 95% | E29: خطة | G29: 0.95 | H29: 0.95 | I29: 0.95 | J29: 0.95 | K29: 0.95 | L29: 0.95 | M29: 0.95 | N29: 0.95 | O29: 0.95 | P29: 0.95 | Q29: 0.95 | R29: 0.95
E30: فعلي | F30: =IFERROR(IF(AVERAGE(G29:R29)=0,"",IF(IFERROR(AVERAGEIF(G30:R30,">0",G30:R30),0)>=AVERAGE(G29:R29),"✅ ",IF(IFERROR(AVERAGEIF(G30:R30,">0",G30:R30),0)>=AVERAGE(G29:R29)*0.85,"🟡 ","🔴 "))&TEXT((IFERROR(AVERAGEIF(G30:R30,">0",G30:R30),0)-AVERAGE(G29:R29))/AVERAGE(G29:R29),"+0.0%;-0.0%")),"") | G30: =IFERROR(COUNTIFS('🚚 النقل والرحلات'!B5:B304,">="&DATE(2026,1,1),'🚚 النقل والرحلات'!B5:B304,"<"&DATE(2026,1+1,1),'🚚 النقل والرحلات'!K5:K304,"لا يوجد")/MAX(1,COUNTIFS('🚚 النقل والرحلات'!B5:B304,">="&DATE(2026,1,1),'🚚 النقل والرحلات'!B5:B304,"<"&DATE(2026,1+1,1))),0) | H30: =IFERROR(COUNTIFS('🚚 النقل والرحلات'!B5:B304,">="&DATE(2026,2,1),'🚚 النقل والرحلات'!B5:B304,"<"&DATE(2026,2+1,1),'🚚 النقل والرحلات'!K5:K304,"لا يوجد")/MAX(1,COUNTIFS('🚚 النقل والرحلات'!B5:B304,">="&DATE(2026,2,1),'🚚 النقل والرحلات'!B5:B304,"<"&DATE(2026,2+1,1))),0) | I30: =IFERROR(COUNTIFS('🚚 النقل والرحلات'!B5:B304,">="&DATE(2026,3,1),'🚚 النقل والرحلات'!B5:B304,"<"&DATE(2026,3+1,1),'🚚 النقل والرحلات'!K5:K304,"لا يوجد")/MAX(1,COUNTIFS('🚚 النقل والرحلات'!B5:B304,">="&DATE(2026,3,1),'🚚 النقل والرحلات'!B5:B304,"<"&DATE(2026,3+1,1))),0) | J30: =IFERROR(COUNTIFS('🚚 النقل والرحلات'!B5:B304,">="&DATE(2026,4,1),'🚚 النقل والرحلات'!B5:B304,"<"&DATE(2026,4+1,1),'🚚 النقل والرحلات'!K5:K304,"لا يوجد")/MAX(1,COUNTIFS('🚚 النقل والرحلات'!B5:B304,">="&DATE(2026,4,1),'🚚 النقل والرحلات'!B5:B304,"<"&DATE(2026,4+1,1))),0) | K30: =IFERROR(COUNTIFS('🚚 النقل والرحلات'!B5:B304,">="&DATE(2026,5,1),'🚚 النقل والرحلات'!B5:B304,"<"&DATE(2026,5+1,1),'🚚 النقل والرحلات'!K5:K304,"لا يوجد")/MAX(1,COUNTIFS('🚚 النقل والرحلات'!B5:B304,">="&DATE(2026,5,1),'🚚 النقل والرحلات'!B5:B304,"<"&DATE(2026,5+1,1))),0) | L30: =IFERROR(COUNTIFS('🚚 النقل والرحلات'!B5:B304,">="&DATE(2026,6,1),'🚚 النقل والرحلات'!B5:B304,"<"&DATE(2026,6+1,1),'🚚 النقل والرحلات'!K5:K304,"لا يوجد")/MAX(1,COUNTIFS('🚚 النقل والرحلات'!B5:B304,">="&DATE(2026,6,1),'🚚 النقل والرحلات'!B5:B304,"<"&DATE(2026,6+1,1))),0) | M30: =IFERROR(COUNTIFS('🚚 النقل والرحلات'!B5:B304,">="&DATE(2026,7,1),'🚚 النقل والرحلات'!B5:B304,"<"&DATE(2026,7+1,1),'🚚 النقل والرحلات'!K5:K304,"لا يوجد")/MAX(1,COUNTIFS('🚚 النقل والرحلات'!B5:B304,">="&DATE(2026,7,1),'🚚 النقل والرحلات'!B5:B304,"<"&DATE(2026,7+1,1))),0) | N30: =IFERROR(COUNTIFS('🚚 النقل والرحلات'!B5:B304,">="&DATE(2026,8,1),'🚚 النقل والرحلات'!B5:B304,"<"&DATE(2026,8+1,1),'🚚 النقل والرحلات'!K5:K304,"لا يوجد")/MAX(1,COUNTIFS('🚚 النقل والرحلات'!B5:B304,">="&DATE(2026,8,1),'🚚 النقل والرحلات'!B5:B304,"<"&DATE(2026,8+1,1))),0) | O30: =IFERROR(COUNTIFS('🚚 النقل والرحلات'!B5:B304,">="&DATE(2026,9,1),'🚚 النقل والرحلات'!B5:B304,"<"&DATE(2026,9+1,1),'🚚 النقل والرحلات'!K5:K304,"لا يوجد")/MAX(1,COUNTIFS('🚚 النقل والرحلات'!B5:B304,">="&DATE(2026,9,1),'🚚 النقل والرحلات'!B5:B304,"<"&DATE(2026,9+1,1))),0) | P30: =IFERROR(COUNTIFS('🚚 النقل والرحلات'!B5:B304,">="&DATE(2026,10,1),'🚚 النقل والرحلات'!B5:B304,"<"&DATE(2026,10+1,1),'🚚 النقل والرحلات'!K5:K304,"لا يوجد")/MAX(1,COUNTIFS('🚚 النقل والرحلات'!B5:B304,">="&DATE(2026,10,1),'🚚 النقل والرحلات'!B5:B304,"<"&DATE(2026,10+1,1))),0) | Q30: =IFERROR(COUNTIFS('🚚 النقل والرحلات'!B5:B304,">="&DATE(2026,11,1),'🚚 النقل والرحلات'!B5:B304,"<"&DATE(2026,11+1,1),'🚚 النقل والرحلات'!K5:K304,"لا يوجد")/MAX(1,COUNTIFS('🚚 النقل والرحلات'!B5:B304,">="&DATE(2026,11,1),'🚚 النقل والرحلات'!B5:B304,"<"&DATE(2026,11+1,1))),0) | R30: =IFERROR(COUNTIFS('🚚 النقل والرحلات'!B5:B304,">="&DATE(2026,12,1),'🚚 النقل والرحلات'!B5:B304,"<"&DATE(2026,12+1,1),'🚚 النقل والرحلات'!K5:K304,"لا يوجد")/MAX(1,COUNTIFS('🚚 النقل والرحلات'!B5:B304,">="&DATE(2026,12,1),'🚚 النقل والرحلات'!B5:B304,"<"&DATE(2026,12+1,1))),0)
A31: ◀ ⚙️ الكفاءة التشغيلية
A32: 12 | B32: التزام جدول النقل (On-time) | C32: % | D32: ≥ 95% | E32: خطة | G32: 0.95 | H32: 0.95 | I32: 0.95 | J32: 0.95 | K32: 0.95 | L32: 0.95 | M32: 0.95 | N32: 0.95 | O32: 0.95 | P32: 0.95 | Q32: 0.95 | R32: 0.95
E33: فعلي | F33: =IFERROR(IF(AVERAGE(G32:R32)=0,"",IF(IFERROR(AVERAGEIF(G33:R33,">0",G33:R33),0)>=AVERAGE(G32:R32),"✅ ",IF(IFERROR(AVERAGEIF(G33:R33,">0",G33:R33),0)>=AVERAGE(G32:R32)*0.85,"🟡 ","🔴 "))&TEXT((IFERROR(AVERAGEIF(G33:R33,">0",G33:R33),0)-AVERAGE(G32:R32))/AVERAGE(G32:R32),"+0.0%;-0.0%")),"") | G33: =IFERROR(COUNTIFS('🚚 النقل والرحلات'!B5:B304,">="&DATE(2026,1,1),'🚚 النقل والرحلات'!B5:B304,"<"&DATE(2026,1+1,1),'🚚 النقل والرحلات'!J5:J304,"*في الوقت*")/MAX(1,COUNTIFS('🚚 النقل والرحلات'!B5:B304,">="&DATE(2026,1,1),'🚚 النقل والرحلات'!B5:B304,"<"&DATE(2026,1+1,1))),0) | H33: =IFERROR(COUNTIFS('🚚 النقل والرحلات'!B5:B304,">="&DATE(2026,2,1),'🚚 النقل والرحلات'!B5:B304,"<"&DATE(2026,2+1,1),'🚚 النقل والرحلات'!J5:J304,"*في الوقت*")/MAX(1,COUNTIFS('🚚 النقل والرحلات'!B5:B304,">="&DATE(2026,2,1),'🚚 النقل والرحلات'!B5:B304,"<"&DATE(2026,2+1,1))),0) | I33: =IFERROR(COUNTIFS('🚚 النقل والرحلات'!B5:B304,">="&DATE(2026,3,1),'🚚 النقل والرحلات'!B5:B304,"<"&DATE(2026,3+1,1),'🚚 النقل والرحلات'!J5:J304,"*في الوقت*")/MAX(1,COUNTIFS('🚚 النقل والرحلات'!B5:B304,">="&DATE(2026,3,1),'🚚 النقل والرحلات'!B5:B304,"<"&DATE(2026,3+1,1))),0) | J33: =IFERROR(COUNTIFS('🚚 النقل والرحلات'!B5:B304,">="&DATE(2026,4,1),'🚚 النقل والرحلات'!B5:B304,"<"&DATE(2026,4+1,1),'🚚 النقل والرحلات'!J5:J304,"*في الوقت*")/MAX(1,COUNTIFS('🚚 النقل والرحلات'!B5:B304,">="&DATE(2026,4,1),'🚚 النقل والرحلات'!B5:B304,"<"&DATE(2026,4+1,1))),0) | K33: =IFERROR(COUNTIFS('🚚 النقل والرحلات'!B5:B304,">="&DATE(2026,5,1),'🚚 النقل والرحلات'!B5:B304,"<"&DATE(2026,5+1,1),'🚚 النقل والرحلات'!J5:J304,"*في الوقت*")/MAX(1,COUNTIFS('🚚 النقل والرحلات'!B5:B304,">="&DATE(2026,5,1),'🚚 النقل والرحلات'!B5:B304,"<"&DATE(2026,5+1,1))),0) | L33: =IFERROR(COUNTIFS('🚚 النقل والرحلات'!B5:B304,">="&DATE(2026,6,1),'🚚 النقل والرحلات'!B5:B304,"<"&DATE(2026,6+1,1),'🚚 النقل والرحلات'!J5:J304,"*في الوقت*")/MAX(1,COUNTIFS('🚚 النقل والرحلات'!B5:B304,">="&DATE(2026,6,1),'🚚 النقل والرحلات'!B5:B304,"<"&DATE(2026,6+1,1))),0) | M33: =IFERROR(COUNTIFS('🚚 النقل والرحلات'!B5:B304,">="&DATE(2026,7,1),'🚚 النقل والرحلات'!B5:B304,"<"&DATE(2026,7+1,1),'🚚 النقل والرحلات'!J5:J304,"*في الوقت*")/MAX(1,COUNTIFS('🚚 النقل والرحلات'!B5:B304,">="&DATE(2026,7,1),'🚚 النقل والرحلات'!B5:B304,"<"&DATE(2026,7+1,1))),0) | N33: =IFERROR(COUNTIFS('🚚 النقل والرحلات'!B5:B304,">="&DATE(2026,8,1),'🚚 النقل والرحلات'!B5:B304,"<"&DATE(2026,8+1,1),'🚚 النقل والرحلات'!J5:J304,"*في الوقت*")/MAX(1,COUNTIFS('🚚 النقل والرحلات'!B5:B304,">="&DATE(2026,8,1),'🚚 النقل والرحلات'!B5:B304,"<"&DATE(2026,8+1,1))),0) | O33: =IFERROR(COUNTIFS('🚚 النقل والرحلات'!B5:B304,">="&DATE(2026,9,1),'🚚 النقل والرحلات'!B5:B304,"<"&DATE(2026,9+1,1),'🚚 النقل والرحلات'!J5:J304,"*في الوقت*")/MAX(1,COUNTIFS('🚚 النقل والرحلات'!B5:B304,">="&DATE(2026,9,1),'🚚 النقل والرحلات'!B5:B304,"<"&DATE(2026,9+1,1))),0) | P33: =IFERROR(COUNTIFS('🚚 النقل والرحلات'!B5:B304,">="&DATE(2026,10,1),'🚚 النقل والرحلات'!B5:B304,"<"&DATE(2026,10+1,1),'🚚 النقل والرحلات'!J5:J304,"*في الوقت*")/MAX(1,COUNTIFS('🚚 النقل والرحلات'!B5:B304,">="&DATE(2026,10,1),'🚚 النقل والرحلات'!B5:B304,"<"&DATE(2026,10+1,1))),0) | Q33: =IFERROR(COUNTIFS('🚚 النقل والرحلات'!B5:B304,">="&DATE(2026,11,1),'🚚 النقل والرحلات'!B5:B304,"<"&DATE(2026,11+1,1),'🚚 النقل والرحلات'!J5:J304,"*في الوقت*")/MAX(1,COUNTIFS('🚚 النقل والرحلات'!B5:B304,">="&DATE(2026,11,1),'🚚 النقل والرحلات'!B5:B304,"<"&DATE(2026,11+1,1))),0) | R33: =IFERROR(COUNTIFS('🚚 النقل والرحلات'!B5:B304,">="&DATE(2026,12,1),'🚚 النقل والرحلات'!B5:B304,"<"&DATE(2026,12+1,1),'🚚 النقل والرحلات'!J5:J304,"*في الوقت*")/MAX(1,COUNTIFS('🚚 النقل والرحلات'!B5:B304,">="&DATE(2026,12,1),'🚚 النقل والرحلات'!B5:B304,"<"&DATE(2026,12+1,1))),0)
A34: 13 | B34: نسبة استخدام الأسطول المملوك | C34: % | D34: ≥ 60% | E34: خطة | G34: 0.6 | H34: 0.6 | I34: 0.6 | J34: 0.6 | K34: 0.6 | L34: 0.6 | M34: 0.6 | N34: 0.6 | O34: 0.6 | P34: 0.6 | Q34: 0.6 | R34: 0.6
E35: فعلي | F35: =IFERROR(IF(AVERAGE(G34:R34)=0,"",IF(IFERROR(AVERAGEIF(G35:R35,">0",G35:R35),0)>=AVERAGE(G34:R34),"✅ ",IF(IFERROR(AVERAGEIF(G35:R35,">0",G35:R35),0)>=AVERAGE(G34:R34)*0.85,"🟡 ","🔴 "))&TEXT((IFERROR(AVERAGEIF(G35:R35,">0",G35:R35),0)-AVERAGE(G34:R34))/AVERAGE(G34:R34),"+0.0%;-0.0%")),"") | G35: =IFERROR(COUNTIFS('🚚 النقل والرحلات'!B5:B304,">="&DATE(2026,1,1),'🚚 النقل والرحلات'!B5:B304,"<"&DATE(2026,1+1,1),'🚚 النقل والرحلات'!G5:G304,"مملوك درب")/MAX(1,COUNTIFS('🚚 النقل والرحلات'!B5:B304,">="&DATE(2026,1,1),'🚚 النقل والرحلات'!B5:B304,"<"&DATE(2026,1+1,1))),0) | H35: =IFERROR(COUNTIFS('🚚 النقل والرحلات'!B5:B304,">="&DATE(2026,2,1),'🚚 النقل والرحلات'!B5:B304,"<"&DATE(2026,2+1,1),'🚚 النقل والرحلات'!G5:G304,"مملوك درب")/MAX(1,COUNTIFS('🚚 النقل والرحلات'!B5:B304,">="&DATE(2026,2,1),'🚚 النقل والرحلات'!B5:B304,"<"&DATE(2026,2+1,1))),0) | I35: =IFERROR(COUNTIFS('🚚 النقل والرحلات'!B5:B304,">="&DATE(2026,3,1),'🚚 النقل والرحلات'!B5:B304,"<"&DATE(2026,3+1,1),'🚚 النقل والرحلات'!G5:G304,"مملوك درب")/MAX(1,COUNTIFS('🚚 النقل والرحلات'!B5:B304,">="&DATE(2026,3,1),'🚚 النقل والرحلات'!B5:B304,"<"&DATE(2026,3+1,1))),0) | J35: =IFERROR(COUNTIFS('🚚 النقل والرحلات'!B5:B304,">="&DATE(2026,4,1),'🚚 النقل والرحلات'!B5:B304,"<"&DATE(2026,4+1,1),'🚚 النقل والرحلات'!G5:G304,"مملوك درب")/MAX(1,COUNTIFS('🚚 النقل والرحلات'!B5:B304,">="&DATE(2026,4,1),'🚚 النقل والرحلات'!B5:B304,"<"&DATE(2026,4+1,1))),0) | K35: =IFERROR(COUNTIFS('🚚 النقل والرحلات'!B5:B304,">="&DATE(2026,5,1),'🚚 النقل والرحلات'!B5:B304,"<"&DATE(2026,5+1,1),'🚚 النقل والرحلات'!G5:G304,"مملوك درب")/MAX(1,COUNTIFS('🚚 النقل والرحلات'!B5:B304,">="&DATE(2026,5,1),'🚚 النقل والرحلات'!B5:B304,"<"&DATE(2026,5+1,1))),0) | L35: =IFERROR(COUNTIFS('🚚 النقل والرحلات'!B5:B304,">="&DATE(2026,6,1),'🚚 النقل والرحلات'!B5:B304,"<"&DATE(2026,6+1,1),'🚚 النقل والرحلات'!G5:G304,"مملوك درب")/MAX(1,COUNTIFS('🚚 النقل والرحلات'!B5:B304,">="&DATE(2026,6,1),'🚚 النقل والرحلات'!B5:B304,"<"&DATE(2026,6+1,1))),0) | M35: =IFERROR(COUNTIFS('🚚 النقل والرحلات'!B5:B304,">="&DATE(2026,7,1),'🚚 النقل والرحلات'!B5:B304,"<"&DATE(2026,7+1,1),'🚚 النقل والرحلات'!G5:G304,"مملوك درب")/MAX(1,COUNTIFS('🚚 النقل والرحلات'!B5:B304,">="&DATE(2026,7,1),'🚚 النقل والرحلات'!B5:B304,"<"&DATE(2026,7+1,1))),0) | N35: =IFERROR(COUNTIFS('🚚 النقل والرحلات'!B5:B304,">="&DATE(2026,8,1),'🚚 النقل والرحلات'!B5:B304,"<"&DATE(2026,8+1,1),'🚚 النقل والرحلات'!G5:G304,"مملوك درب")/MAX(1,COUNTIFS('🚚 النقل والرحلات'!B5:B304,">="&DATE(2026,8,1),'🚚 النقل والرحلات'!B5:B304,"<"&DATE(2026,8+1,1))),0) | O35: =IFERROR(COUNTIFS('🚚 النقل والرحلات'!B5:B304,">="&DATE(2026,9,1),'🚚 النقل والرحلات'!B5:B304,"<"&DATE(2026,9+1,1),'🚚 النقل والرحلات'!G5:G304,"مملوك درب")/MAX(1,COUNTIFS('🚚 النقل والرحلات'!B5:B304,">="&DATE(2026,9,1),'🚚 النقل والرحلات'!B5:B304,"<"&DATE(2026,9+1,1))),0) | P35: =IFERROR(COUNTIFS('🚚 النقل والرحلات'!B5:B304,">="&DATE(2026,10,1),'🚚 النقل والرحلات'!B5:B304,"<"&DATE(2026,10+1,1),'🚚 النقل والرحلات'!G5:G304,"مملوك درب")/MAX(1,COUNTIFS('🚚 النقل والرحلات'!B5:B304,">="&DATE(2026,10,1),'🚚 النقل والرحلات'!B5:B304,"<"&DATE(2026,10+1,1))),0) | Q35: =IFERROR(COUNTIFS('🚚 النقل والرحلات'!B5:B304,">="&DATE(2026,11,1),'🚚 النقل والرحلات'!B5:B304,"<"&DATE(2026,11+1,1),'🚚 النقل والرحلات'!G5:G304,"مملوك درب")/MAX(1,COUNTIFS('🚚 النقل والرحلات'!B5:B304,">="&DATE(2026,11,1),'🚚 النقل والرحلات'!B5:B304,"<"&DATE(2026,11+1,1))),0) | R35: =IFERROR(COUNTIFS('🚚 النقل والرحلات'!B5:B304,">="&DATE(2026,12,1),'🚚 النقل والرحلات'!B5:B304,"<"&DATE(2026,12+1,1),'🚚 النقل والرحلات'!G5:G304,"مملوك درب")/MAX(1,COUNTIFS('🚚 النقل والرحلات'!B5:B304,">="&DATE(2026,12,1),'🚚 النقل والرحلات'!B5:B304,"<"&DATE(2026,12+1,1))),0)
A37: ⚙️ مُدخلات الحساب اليدوية (حسب طريقة قياس الإدارة)
A38: عدد نقاط المنتج (محطات × منتجات) — لحساب «توفر الوقود» | F38: 300
A39: ℹ️ الافتراضي 300 = 9000 ÷ 30 (مكافئ للثابت القديم في الأشهر ذات 30 يوماً). غيّره ليعكس عدد (المحطات × المنتجات) الفعلي.

Sheet 📊 لوحة مُكثّفة (٩ مؤشرات)
A1: 📊 لوحة المؤشرات المُكثّفة — بعد دمج المتكرر (٩ مؤشرات)
A2: دُمج المتكرر: عدد الانقطاعات←التوفر · الدوران←أيام المخزون · Fill Rate (حُذف) · حوادث النقل←الامتثال/السلامة
A3: 📌 المؤشر | G3: 📅 الأشهر — خطة (يدوي) vs فعلي (آلي)
A4: # | B4: المؤشر | C4: الوحدة | D4: الهدف | E4: النوع | F4: الانحراف | G4: يناير | H4: فبراير | I4: مارس | J4: أبريل | K4: مايو | L4: يونيو | M4: يوليو | N4: أغسطس | O4: سبتمبر | P4: أكتوبر | Q4: نوفمبر | R4: ديسمبر
A5: ◀ 👥 خدمة العميل
A6: 1 | B6: توفر الوقود (يطوي عدد الانقطاعات) | C6: % | D6: ≥ 99.5% | E6: خطة | G6: 0.995 | H6: 0.995 | I6: 0.995 | J6: 0.995 | K6: 0.995 | L6: 0.995 | M6: 0.995 | N6: 0.995 | O6: 0.995 | P6: 0.995 | Q6: 0.995 | R6: 0.995
E7: فعلي | F7: =IFERROR(IF(AVERAGE(G6:R6)=0,"",IF(IFERROR(AVERAGEIF(G7:R7,">0",G7:R7),0)>=AVERAGE(G6:R6),"✅ ",IF(IFERROR(AVERAGEIF(G7:R7,">0",G7:R7),0)>=AVERAGE(G6:R6)*0.85,"🟡 ","🔴 "))&TEXT((IFERROR(AVERAGEIF(G7:R7,">0",G7:R7),0)-AVERAGE(G6:R6))/AVERAGE(G6:R6),"+0.0%;-0.0%")),"") | G7: =IFERROR(1-(SUMIFS('🛢️ انقطاعات الوقود'!F5:F104,'🛢️ انقطاعات الوقود'!B5:B104,">="&DATE(2026,1,1),'🛢️ انقطاعات الوقود'!B5:B104,"<"&DATE(2026,1+1,1))/('📊 ملخص آلي + KPIs'!$F$38*DAY(DATE(2026,1+1,1)-1))),1) | H7: =IFERROR(1-(SUMIFS('🛢️ انقطاعات الوقود'!F5:F104,'🛢️ انقطاعات الوقود'!B5:B104,">="&DATE(2026,2,1),'🛢️ انقطاعات الوقود'!B5:B104,"<"&DATE(2026,2+1,1))/('📊 ملخص آلي + KPIs'!$F$38*DAY(DATE(2026,2+1,1)-1))),1) | I7: =IFERROR(1-(SUMIFS('🛢️ انقطاعات الوقود'!F5:F104,'🛢️ انقطاعات الوقود'!B5:B104,">="&DATE(2026,3,1),'🛢️ انقطاعات الوقود'!B5:B104,"<"&DATE(2026,3+1,1))/('📊 ملخص آلي + KPIs'!$F$38*DAY(DATE(2026,3+1,1)-1))),1) | J7: =IFERROR(1-(SUMIFS('🛢️ انقطاعات الوقود'!F5:F104,'🛢️ انقطاعات الوقود'!B5:B104,">="&DATE(2026,4,1),'🛢️ انقطاعات الوقود'!B5:B104,"<"&DATE(2026,4+1,1))/('📊 ملخص آلي + KPIs'!$F$38*DAY(DATE(2026,4+1,1)-1))),1) | K7: =IFERROR(1-(SUMIFS('🛢️ انقطاعات الوقود'!F5:F104,'🛢️ انقطاعات الوقود'!B5:B104,">="&DATE(2026,5,1),'🛢️ انقطاعات الوقود'!B5:B104,"<"&DATE(2026,5+1,1))/('📊 ملخص آلي + KPIs'!$F$38*DAY(DATE(2026,5+1,1)-1))),1) | L7: =IFERROR(1-(SUMIFS('🛢️ انقطاعات الوقود'!F5:F104,'🛢️ انقطاعات الوقود'!B5:B104,">="&DATE(2026,6,1),'🛢️ انقطاعات الوقود'!B5:B104,"<"&DATE(2026,6+1,1))/('📊 ملخص آلي + KPIs'!$F$38*DAY(DATE(2026,6+1,1)-1))),1) | M7: =IFERROR(1-(SUMIFS('🛢️ انقطاعات الوقود'!F5:F104,'🛢️ انقطاعات الوقود'!B5:B104,">="&DATE(2026,7,1),'🛢️ انقطاعات الوقود'!B5:B104,"<"&DATE(2026,7+1,1))/('📊 ملخص آلي + KPIs'!$F$38*DAY(DATE(2026,7+1,1)-1))),1) | N7: =IFERROR(1-(SUMIFS('🛢️ انقطاعات الوقود'!F5:F104,'🛢️ انقطاعات الوقود'!B5:B104,">="&DATE(2026,8,1),'🛢️ انقطاعات الوقود'!B5:B104,"<"&DATE(2026,8+1,1))/('📊 ملخص آلي + KPIs'!$F$38*DAY(DATE(2026,8+1,1)-1))),1) | O7: =IFERROR(1-(SUMIFS('🛢️ انقطاعات الوقود'!F5:F104,'🛢️ انقطاعات الوقود'!B5:B104,">="&DATE(2026,9,1),'🛢️ انقطاعات الوقود'!B5:B104,"<"&DATE(2026,9+1,1))/('📊 ملخص آلي + KPIs'!$F$38*DAY(DATE(2026,9+1,1)-1))),1) | P7: =IFERROR(1-(SUMIFS('🛢️ انقطاعات الوقود'!F5:F104,'🛢️ انقطاعات الوقود'!B5:B104,">="&DATE(2026,10,1),'🛢️ انقطاعات الوقود'!B5:B104,"<"&DATE(2026,10+1,1))/('📊 ملخص آلي + KPIs'!$F$38*DAY(DATE(2026,10+1,1)-1))),1) | Q7: =IFERROR(1-(SUMIFS('🛢️ انقطاعات الوقود'!F5:F104,'🛢️ انقطاعات الوقود'!B5:B104,">="&DATE(2026,11,1),'🛢️ انقطاعات الوقود'!B5:B104,"<"&DATE(2026,11+1,1))/('📊 ملخص آلي + KPIs'!$F$38*DAY(DATE(2026,11+1,1)-1))),1) | R7: =IFERROR(1-(SUMIFS('🛢️ انقطاعات الوقود'!F5:F104,'🛢️ انقطاعات الوقود'!B5:B104,">="&DATE(2026,12,1),'🛢️ انقطاعات الوقود'!B5:B104,"<"&DATE(2026,12+1,1))/('📊 ملخص آلي + KPIs'!$F$38*DAY(DATE(2026,12+1,1)-1))),1)
A8: 2 | B8: توفر المواد المخزنية (تسليم ≤ 3 أيام) | C8: % | D8: 100% | E8: خطة | G8: 1 | H8: 1 | I8: 1 | J8: 1 | K8: 1 | L8: 1 | M8: 1 | N8: 1 | O8: 1 | P8: 1 | Q8: 1 | R8: 1
E9: فعلي | F9: =IFERROR(IF(AVERAGE(G8:R8)=0,"",IF(IFERROR(AVERAGEIF(G9:R9,">0",G9:R9),0)>=AVERAGE(G8:R8),"✅ ",IF(IFERROR(AVERAGEIF(G9:R9,">0",G9:R9),0)>=AVERAGE(G8:R8)*0.85,"🟡 ","🔴 "))&TEXT((IFERROR(AVERAGEIF(G9:R9,">0",G9:R9),0)-AVERAGE(G8:R8))/AVERAGE(G8:R8),"+0.0%;-0.0%")),"") | G9: =IFERROR(COUNTIFS('🛒 الطلبات والمشتريات'!C5:C204,">="&DATE(2026,1,1),'🛒 الطلبات والمشتريات'!C5:C204,"<"&DATE(2026,1+1,1),'🛒 الطلبات والمشتريات'!D5:D204,"مواد مخزنية",'🛒 الطلبات والمشتريات'!I5:I204,"*ضمن*")/MAX(1,COUNTIFS('🛒 الطلبات والمشتريات'!C5:C204,">="&DATE(2026,1,1),'🛒 الطلبات والمشتريات'!C5:C204,"<"&DATE(2026,1+1,1),'🛒 الطلبات والمشتريات'!D5:D204,"مواد مخزنية")),0) | H9: =IFERROR(COUNTIFS('🛒 الطلبات والمشتريات'!C5:C204,">="&DATE(2026,2,1),'🛒 الطلبات والمشتريات'!C5:C204,"<"&DATE(2026,2+1,1),'🛒 الطلبات والمشتريات'!D5:D204,"مواد مخزنية",'🛒 الطلبات والمشتريات'!I5:I204,"*ضمن*")/MAX(1,COUNTIFS('🛒 الطلبات والمشتريات'!C5:C204,">="&DATE(2026,2,1),'🛒 الطلبات والمشتريات'!C5:C204,"<"&DATE(2026,2+1,1),'🛒 الطلبات والمشتريات'!D5:D204,"مواد مخزنية")),0) | I9: =IFERROR(COUNTIFS('🛒 الطلبات والمشتريات'!C5:C204,">="&DATE(2026,3,1),'🛒 الطلبات والمشتريات'!C5:C204,"<"&DATE(2026,3+1,1),'🛒 الطلبات والمشتريات'!D5:D204,"مواد مخزنية",'🛒 الطلبات والمشتريات'!I5:I204,"*ضمن*")/MAX(1,COUNTIFS('🛒 الطلبات والمشتريات'!C5:C204,">="&DATE(2026,3,1),'🛒 الطلبات والمشتريات'!C5:C204,"<"&DATE(2026,3+1,1),'🛒 الطلبات والمشتريات'!D5:D204,"مواد مخزنية")),0) | J9: =IFERROR(COUNTIFS('🛒 الطلبات والمشتريات'!C5:C204,">="&DATE(2026,4,1),'🛒 الطلبات والمشتريات'!C5:C204,"<"&DATE(2026,4+1,1),'🛒 الطلبات والمشتريات'!D5:D204,"مواد مخزنية",'🛒 الطلبات والمشتريات'!I5:I204,"*ضمن*")/MAX(1,COUNTIFS('🛒 الطلبات والمشتريات'!C5:C204,">="&DATE(2026,4,1),'🛒 الطلبات والمشتريات'!C5:C204,"<"&DATE(2026,4+1,1),'🛒 الطلبات والمشتريات'!D5:D204,"مواد مخزنية")),0) | K9: =IFERROR(COUNTIFS('🛒 الطلبات والمشتريات'!C5:C204,">="&DATE(2026,5,1),'🛒 الطلبات والمشتريات'!C5:C204,"<"&DATE(2026,5+1,1),'🛒 الطلبات والمشتريات'!D5:D204,"مواد مخزنية",'🛒 الطلبات والمشتريات'!I5:I204,"*ضمن*")/MAX(1,COUNTIFS('🛒 الطلبات والمشتريات'!C5:C204,">="&DATE(2026,5,1),'🛒 الطلبات والمشتريات'!C5:C204,"<"&DATE(2026,5+1,1),'🛒 الطلبات والمشتريات'!D5:D204,"مواد مخزنية")),0) | L9: =IFERROR(COUNTIFS('🛒 الطلبات والمشتريات'!C5:C204,">="&DATE(2026,6,1),'🛒 الطلبات والمشتريات'!C5:C204,"<"&DATE(2026,6+1,1),'🛒 الطلبات والمشتريات'!D5:D204,"مواد مخزنية",'🛒 الطلبات والمشتريات'!I5:I204,"*ضمن*")/MAX(1,COUNTIFS('🛒 الطلبات والمشتريات'!C5:C204,">="&DATE(2026,6,1),'🛒 الطلبات والمشتريات'!C5:C204,"<"&DATE(2026,6+1,1),'🛒 الطلبات والمشتريات'!D5:D204,"مواد مخزنية")),0) | M9: =IFERROR(COUNTIFS('🛒 الطلبات والمشتريات'!C5:C204,">="&DATE(2026,7,1),'🛒 الطلبات والمشتريات'!C5:C204,"<"&DATE(2026,7+1,1),'🛒 الطلبات والمشتريات'!D5:D204,"مواد مخزنية",'🛒 الطلبات والمشتريات'!I5:I204,"*ضمن*")/MAX(1,COUNTIFS('🛒 الطلبات والمشتريات'!C5:C204,">="&DATE(2026,7,1),'🛒 الطلبات والمشتريات'!C5:C204,"<"&DATE(2026,7+1,1),'🛒 الطلبات والمشتريات'!D5:D204,"مواد مخزنية")),0) | N9: =IFERROR(COUNTIFS('🛒 الطلبات والمشتريات'!C5:C204,">="&DATE(2026,8,1),'🛒 الطلبات والمشتريات'!C5:C204,"<"&DATE(2026,8+1,1),'🛒 الطلبات والمشتريات'!D5:D204,"مواد مخزنية",'🛒 الطلبات والمشتريات'!I5:I204,"*ضمن*")/MAX(1,COUNTIFS('🛒 الطلبات والمشتريات'!C5:C204,">="&DATE(2026,8,1),'🛒 الطلبات والمشتريات'!C5:C204,"<"&DATE(2026,8+1,1),'🛒 الطلبات والمشتريات'!D5:D204,"مواد مخزنية")),0) | O9: =IFERROR(COUNTIFS('🛒 الطلبات والمشتريات'!C5:C204,">="&DATE(2026,9,1),'🛒 الطلبات والمشتريات'!C5:C204,"<"&DATE(2026,9+1,1),'🛒 الطلبات والمشتريات'!D5:D204,"مواد مخزنية",'🛒 الطلبات والمشتريات'!I5:I204,"*ضمن*")/MAX(1,COUNTIFS('🛒 الطلبات والمشتريات'!C5:C204,">="&DATE(2026,9,1),'🛒 الطلبات والمشتريات'!C5:C204,"<"&DATE(2026,9+1,1),'🛒 الطلبات والمشتريات'!D5:D204,"مواد مخزنية")),0) | P9: =IFERROR(COUNTIFS('🛒 الطلبات والمشتريات'!C5:C204,">="&DATE(2026,10,1),'🛒 الطلبات والمشتريات'!C5:C204,"<"&DATE(2026,10+1,1),'🛒 الطلبات والمشتريات'!D5:D204,"مواد مخزنية",'🛒 الطلبات والمشتريات'!I5:I204,"*ضمن*")/MAX(1,COUNTIFS('🛒 الطلبات والمشتريات'!C5:C204,">="&DATE(2026,10,1),'🛒 الطلبات والمشتريات'!C5:C204,"<"&DATE(2026,10+1,1),'🛒 الطلبات والمشتريات'!D5:D204,"مواد مخزنية")),0) | Q9: =IFERROR(COUNTIFS('🛒 الطلبات والمشتريات'!C5:C204,">="&DATE(2026,11,1),'🛒 الطلبات والمشتريات'!C5:C204,"<"&DATE(2026,11+1,1),'🛒 الطلبات والمشتريات'!D5:D204,"مواد مخزنية",'🛒 الطلبات والمشتريات'!I5:I204,"*ضمن*")/MAX(1,COUNTIFS('🛒 الطلبات والمشتريات'!C5:C204,">="&DATE(2026,11,1),'🛒 الطلبات والمشتريات'!C5:C204,"<"&DATE(2026,11+1,1),'🛒 الطلبات والمشتريات'!D5:D204,"مواد مخزنية")),0) | R9: =IFERROR(COUNTIFS('🛒 الطلبات والمشتريات'!C5:C204,">="&DATE(2026,12,1),'🛒 الطلبات والمشتريات'!C5:C204,"<"&DATE(2026,12+1,1),'🛒 الطلبات والمشتريات'!D5:D204,"مواد مخزنية",'🛒 الطلبات والمشتريات'!I5:I204,"*ضمن*")/MAX(1,COUNTIFS('🛒 الطلبات والمشتريات'!C5:C204,">="&DATE(2026,12,1),'🛒 الطلبات والمشتريات'!C5:C204,"<"&DATE(2026,12+1,1),'🛒 الطلبات والمشتريات'!D5:D204,"مواد مخزنية")),0)
A10: 3 | B10: إصدار أوامر الشراء (≤ 5 أيام عمل) | C10: % | D10: ≥ 95% | E10: خطة | G10: 0.95 | H10: 0.95 | I10: 0.95 | J10: 0.95 | K10: 0.95 | L10: 0.95 | M10: 0.95 | N10: 0.95 | O10: 0.95 | P10: 0.95 | Q10: 0.95 | R10: 0.95
E11: فعلي | F11: =IFERROR(IF(AVERAGE(G10:R10)=0,"",IF(IFERROR(AVERAGEIF(G11:R11,">0",G11:R11),0)>=AVERAGE(G10:R10),"✅ ",IF(IFERROR(AVERAGEIF(G11:R11,">0",G11:R11),0)>=AVERAGE(G10:R10)*0.85,"🟡 ","🔴 "))&TEXT((IFERROR(AVERAGEIF(G11:R11,">0",G11:R11),0)-AVERAGE(G10:R10))/AVERAGE(G10:R10),"+0.0%;-0.0%")),"") | G11: =IFERROR(COUNTIFS('🛒 الطلبات والمشتريات'!C5:C204,">="&DATE(2026,1,1),'🛒 الطلبات والمشتريات'!C5:C204,"<"&DATE(2026,1+1,1),'🛒 الطلبات والمشتريات'!D5:D204,"أمر شراء",'🛒 الطلبات والمشتريات'!I5:I204,"*ضمن*")/MAX(1,COUNTIFS('🛒 الطلبات والمشتريات'!C5:C204,">="&DATE(2026,1,1),'🛒 الطلبات والمشتريات'!C5:C204,"<"&DATE(2026,1+1,1),'🛒 الطلبات والمشتريات'!D5:D204,"أمر شراء")),0) | H11: =IFERROR(COUNTIFS('🛒 الطلبات والمشتريات'!C5:C204,">="&DATE(2026,2,1),'🛒 الطلبات والمشتريات'!C5:C204,"<"&DATE(2026,2+1,1),'🛒 الطلبات والمشتريات'!D5:D204,"أمر شراء",'🛒 الطلبات والمشتريات'!I5:I204,"*ضمن*")/MAX(1,COUNTIFS('🛒 الطلبات والمشتريات'!C5:C204,">="&DATE(2026,2,1),'🛒 الطلبات والمشتريات'!C5:C204,"<"&DATE(2026,2+1,1),'🛒 الطلبات والمشتريات'!D5:D204,"أمر شراء")),0) | I11: =IFERROR(COUNTIFS('🛒 الطلبات والمشتريات'!C5:C204,">="&DATE(2026,3,1),'🛒 الطلبات والمشتريات'!C5:C204,"<"&DATE(2026,3+1,1),'🛒 الطلبات والمشتريات'!D5:D204,"أمر شراء",'🛒 الطلبات والمشتريات'!I5:I204,"*ضمن*")/MAX(1,COUNTIFS('🛒 الطلبات والمشتريات'!C5:C204,">="&DATE(2026,3,1),'🛒 الطلبات والمشتريات'!C5:C204,"<"&DATE(2026,3+1,1),'🛒 الطلبات والمشتريات'!D5:D204,"أمر شراء")),0) | J11: =IFERROR(COUNTIFS('🛒 الطلبات والمشتريات'!C5:C204,">="&DATE(2026,4,1),'🛒 الطلبات والمشتريات'!C5:C204,"<"&DATE(2026,4+1,1),'🛒 الطلبات والمشتريات'!D5:D204,"أمر شراء",'🛒 الطلبات والمشتريات'!I5:I204,"*ضمن*")/MAX(1,COUNTIFS('🛒 الطلبات والمشتريات'!C5:C204,">="&DATE(2026,4,1),'🛒 الطلبات والمشتريات'!C5:C204,"<"&DATE(2026,4+1,1),'🛒 الطلبات والمشتريات'!D5:D204,"أمر شراء")),0) | K11: =IFERROR(COUNTIFS('🛒 الطلبات والمشتريات'!C5:C204,">="&DATE(2026,5,1),'🛒 الطلبات والمشتريات'!C5:C204,"<"&DATE(2026,5+1,1),'🛒 الطلبات والمشتريات'!D5:D204,"أمر شراء",'🛒 الطلبات والمشتريات'!I5:I204,"*ضمن*")/MAX(1,COUNTIFS('🛒 الطلبات والمشتريات'!C5:C204,">="&DATE(2026,5,1),'🛒 الطلبات والمشتريات'!C5:C204,"<"&DATE(2026,5+1,1),'🛒 الطلبات والمشتريات'!D5:D204,"أمر شراء")),0) | L11: =IFERROR(COUNTIFS('🛒 الطلبات والمشتريات'!C5:C204,">="&DATE(2026,6,1),'🛒 الطلبات والمشتريات'!C5:C204,"<"&DATE(2026,6+1,1),'🛒 الطلبات والمشتريات'!D5:D204,"أمر شراء",'🛒 الطلبات والمشتريات'!I5:I204,"*ضمن*")/MAX(1,COUNTIFS('🛒 الطلبات والمشتريات'!C5:C204,">="&DATE(2026,6,1),'🛒 الطلبات والمشتريات'!C5:C204,"<"&DATE(2026,6+1,1),'🛒 الطلبات والمشتريات'!D5:D204,"أمر شراء")),0) | M11: =IFERROR(COUNTIFS('🛒 الطلبات والمشتريات'!C5:C204,">="&DATE(2026,7,1),'🛒 الطلبات والمشتريات'!C5:C204,"<"&DATE(2026,7+1,1),'🛒 الطلبات والمشتريات'!D5:D204,"أمر شراء",'🛒 الطلبات والمشتريات'!I5:I204,"*ضمن*")/MAX(1,COUNTIFS('🛒 الطلبات والمشتريات'!C5:C204,">="&DATE(2026,7,1),'🛒 الطلبات والمشتريات'!C5:C204,"<"&DATE(2026,7+1,1),'🛒 الطلبات والمشتريات'!D5:D204,"أمر شراء")),0) | N11: =IFERROR(COUNTIFS('🛒 الطلبات والمشتريات'!C5:C204,">="&DATE(2026,8,1),'🛒 الطلبات والمشتريات'!C5:C204,"<"&DATE(2026,8+1,1),'🛒 الطلبات والمشتريات'!D5:D204,"أمر شراء",'🛒 الطلبات والمشتريات'!I5:I204,"*ضمن*")/MAX(1,COUNTIFS('🛒 الطلبات والمشتريات'!C5:C204,">="&DATE(2026,8,1),'🛒 الطلبات والمشتريات'!C5:C204,"<"&DATE(2026,8+1,1),'🛒 الطلبات والمشتريات'!D5:D204,"أمر شراء")),0) | O11: =IFERROR(COUNTIFS('🛒 الطلبات والمشتريات'!C5:C204,">="&DATE(2026,9,1),'🛒 الطلبات والمشتريات'!C5:C204,"<"&DATE(2026,9+1,1),'🛒 الطلبات والمشتريات'!D5:D204,"أمر شراء",'🛒 الطلبات والمشتريات'!I5:I204,"*ضمن*")/MAX(1,COUNTIFS('🛒 الطلبات والمشتريات'!C5:C204,">="&DATE(2026,9,1),'🛒 الطلبات والمشتريات'!C5:C204,"<"&DATE(2026,9+1,1),'🛒 الطلبات والمشتريات'!D5:D204,"أمر شراء")),0) | P11: =IFERROR(COUNTIFS('🛒 الطلبات والمشتريات'!C5:C204,">="&DATE(2026,10,1),'🛒 الطلبات والمشتريات'!C5:C204,"<"&DATE(2026,10+1,1),'🛒 الطلبات والمشتريات'!D5:D204,"أمر شراء",'🛒 الطلبات والمشتريات'!I5:I204,"*ضمن*")/MAX(1,COUNTIFS('🛒 الطلبات والمشتريات'!C5:C204,">="&DATE(2026,10,1),'🛒 الطلبات والمشتريات'!C5:C204,"<"&DATE(2026,10+1,1),'🛒 الطلبات والمشتريات'!D5:D204,"أمر شراء")),0) | Q11: =IFERROR(COUNTIFS('🛒 الطلبات والمشتريات'!C5:C204,">="&DATE(2026,11,1),'🛒 الطلبات والمشتريات'!C5:C204,"<"&DATE(2026,11+1,1),'🛒 الطلبات والمشتريات'!D5:D204,"أمر شراء",'🛒 الطلبات والمشتريات'!I5:I204,"*ضمن*")/MAX(1,COUNTIFS('🛒 الطلبات والمشتريات'!C5:C204,">="&DATE(2026,11,1),'🛒 الطلبات والمشتريات'!C5:C204,"<"&DATE(2026,11+1,1),'🛒 الطلبات والمشتريات'!D5:D204,"أمر شراء")),0) | R11: =IFERROR(COUNTIFS('🛒 الطلبات والمشتريات'!C5:C204,">="&DATE(2026,12,1),'🛒 الطلبات والمشتريات'!C5:C204,"<"&DATE(2026,12+1,1),'🛒 الطلبات والمشتريات'!D5:D204,"أمر شراء",'🛒 الطلبات والمشتريات'!I5:I204,"*ضمن*")/MAX(1,COUNTIFS('🛒 الطلبات والمشتريات'!C5:C204,">="&DATE(2026,12,1),'🛒 الطلبات والمشتريات'!C5:C204,"<"&DATE(2026,12+1,1),'🛒 الطلبات والمشتريات'!D5:D204,"أمر شراء")),0)
A12: ◀ 💰 التكاليف
A13: 4 | B13: فواقد الوقود لكل 33K لتر | C13: لتر | D13: ≤ 100 | E13: خطة | G13: 100 | H13: 100 | I13: 100 | J13: 100 | K13: 100 | L13: 100 | M13: 100 | N13: 100 | O13: 100 | P13: 100 | Q13: 100 | R13: 100
E14: فعلي | F14: =IFERROR(IF(AVERAGE(G13:R13)=0,"",IF(IFERROR(AVERAGEIF(G14:R14,">0",G14:R14),0)<=AVERAGE(G13:R13),"✅ ",IF(IFERROR(AVERAGEIF(G14:R14,">0",G14:R14),0)<=AVERAGE(G13:R13)*1.3,"🟡 ","🔴 "))&TEXT((IFERROR(AVERAGEIF(G14:R14,">0",G14:R14),0)-AVERAGE(G13:R13))/AVERAGE(G13:R13),"+0.0%;-0.0%")),"") | G14: =IFERROR(SUMIFS('💧 الردود والفاقد'!G5:G304,'💧 الردود والفاقد'!B5:B304,">="&DATE(2026,1,1),'💧 الردود والفاقد'!B5:B304,"<"&DATE(2026,1+1,1))/COUNTIFS('💧 الردود والفاقد'!B5:B304,">="&DATE(2026,1,1),'💧 الردود والفاقد'!B5:B304,"<"&DATE(2026,1+1,1)),0) | H14: =IFERROR(SUMIFS('💧 الردود والفاقد'!G5:G304,'💧 الردود والفاقد'!B5:B304,">="&DATE(2026,2,1),'💧 الردود والفاقد'!B5:B304,"<"&DATE(2026,2+1,1))/COUNTIFS('💧 الردود والفاقد'!B5:B304,">="&DATE(2026,2,1),'💧 الردود والفاقد'!B5:B304,"<"&DATE(2026,2+1,1)),0) | I14: =IFERROR(SUMIFS('💧 الردود والفاقد'!G5:G304,'💧 الردود والفاقد'!B5:B304,">="&DATE(2026,3,1),'💧 الردود والفاقد'!B5:B304,"<"&DATE(2026,3+1,1))/COUNTIFS('💧 الردود والفاقد'!B5:B304,">="&DATE(2026,3,1),'💧 الردود والفاقد'!B5:B304,"<"&DATE(2026,3+1,1)),0) | J14: =IFERROR(SUMIFS('💧 الردود والفاقد'!G5:G304,'💧 الردود والفاقد'!B5:B304,">="&DATE(2026,4,1),'💧 الردود والفاقد'!B5:B304,"<"&DATE(2026,4+1,1))/COUNTIFS('💧 الردود والفاقد'!B5:B304,">="&DATE(2026,4,1),'💧 الردود والفاقد'!B5:B304,"<"&DATE(2026,4+1,1)),0) | K14: =IFERROR(SUMIFS('💧 الردود والفاقد'!G5:G304,'💧 الردود والفاقد'!B5:B304,">="&DATE(2026,5,1),'💧 الردود والفاقد'!B5:B304,"<"&DATE(2026,5+1,1))/COUNTIFS('💧 الردود والفاقد'!B5:B304,">="&DATE(2026,5,1),'💧 الردود والفاقد'!B5:B304,"<"&DATE(2026,5+1,1)),0) | L14: =IFERROR(SUMIFS('💧 الردود والفاقد'!G5:G304,'💧 الردود والفاقد'!B5:B304,">="&DATE(2026,6,1),'💧 الردود والفاقد'!B5:B304,"<"&DATE(2026,6+1,1))/COUNTIFS('💧 الردود والفاقد'!B5:B304,">="&DATE(2026,6,1),'💧 الردود والفاقد'!B5:B304,"<"&DATE(2026,6+1,1)),0) | M14: =IFERROR(SUMIFS('💧 الردود والفاقد'!G5:G304,'💧 الردود والفاقد'!B5:B304,">="&DATE(2026,7,1),'💧 الردود والفاقد'!B5:B304,"<"&DATE(2026,7+1,1))/COUNTIFS('💧 الردود والفاقد'!B5:B304,">="&DATE(2026,7,1),'💧 الردود والفاقد'!B5:B304,"<"&DATE(2026,7+1,1)),0) | N14: =IFERROR(SUMIFS('💧 الردود والفاقد'!G5:G304,'💧 الردود والفاقد'!B5:B304,">="&DATE(2026,8,1),'💧 الردود والفاقد'!B5:B304,"<"&DATE(2026,8+1,1))/COUNTIFS('💧 الردود والفاقد'!B5:B304,">="&DATE(2026,8,1),'💧 الردود والفاقد'!B5:B304,"<"&DATE(2026,8+1,1)),0) | O14: =IFERROR(SUMIFS('💧 الردود والفاقد'!G5:G304,'💧 الردود والفاقد'!B5:B304,">="&DATE(2026,9,1),'💧 الردود والفاقد'!B5:B304,"<"&DATE(2026,9+1,1))/COUNTIFS('💧 الردود والفاقد'!B5:B304,">="&DATE(2026,9,1),'💧 الردود والفاقد'!B5:B304,"<"&DATE(2026,9+1,1)),0) | P14: =IFERROR(SUMIFS('💧 الردود والفاقد'!G5:G304,'💧 الردود والفاقد'!B5:B304,">="&DATE(2026,10,1),'💧 الردود والفاقد'!B5:B304,"<"&DATE(2026,10+1,1))/COUNTIFS('💧 الردود والفاقد'!B5:B304,">="&DATE(2026,10,1),'💧 الردود والفاقد'!B5:B304,"<"&DATE(2026,10+1,1)),0) | Q14: =IFERROR(SUMIFS('💧 الردود والفاقد'!G5:G304,'💧 الردود والفاقد'!B5:B304,">="&DATE(2026,11,1),'💧 الردود والفاقد'!B5:B304,"<"&DATE(2026,11+1,1))/COUNTIFS('💧 الردود والفاقد'!B5:B304,">="&DATE(2026,11,1),'💧 الردود والفاقد'!B5:B304,"<"&DATE(2026,11+1,1)),0) | R14: =IFERROR(SUMIFS('💧 الردود والفاقد'!G5:G304,'💧 الردود والفاقد'!B5:B304,">="&DATE(2026,12,1),'💧 الردود والفاقد'!B5:B304,"<"&DATE(2026,12+1,1))/COUNTIFS('💧 الردود والفاقد'!B5:B304,">="&DATE(2026,12,1),'💧 الردود والفاقد'!B5:B304,"<"&DATE(2026,12+1,1)),0)
A15: 5 | B15: نسبة المواد التالفة (يدوي شهرياً) | C15: % | D15: ≤ 2% | E15: خطة | G15: 0.02 | H15: 0.02 | I15: 0.02 | J15: 0.02 | K15: 0.02 | L15: 0.02 | M15: 0.02 | N15: 0.02 | O15: 0.02 | P15: 0.02 | Q15: 0.02 | R15: 0.02
E16: فعلي | F16: =IFERROR(IF(AVERAGE(G15:R15)=0,"",IF(IFERROR(AVERAGEIF(G16:R16,">0",G16:R16),0)<=AVERAGE(G15:R15),"✅ ",IF(IFERROR(AVERAGEIF(G16:R16,">0",G16:R16),0)<=AVERAGE(G15:R15)*1.3,"🟡 ","🔴 "))&TEXT((IFERROR(AVERAGEIF(G16:R16,">0",G16:R16),0)-AVERAGE(G15:R15))/AVERAGE(G15:R15),"+0.0%;-0.0%")),"")
A17: ◀ 🏦 السيولة المالية
A18: 6 | B18: أيام مخزون الوقود (يطوي الدوران) | C18: يوم | D18: ≤ 3 | E18: خطة | G18: 3 | H18: 3 | I18: 3 | J18: 3 | K18: 3 | L18: 3 | M18: 3 | N18: 3 | O18: 3 | P18: 3 | Q18: 3 | R18: 3
E19: فعلي | F19: =IFERROR(IF(AVERAGE(G18:R18)=0,"",IF(IFERROR(AVERAGEIF(G19:R19,">0",G19:R19),0)<=AVERAGE(G18:R18),"✅ ",IF(IFERROR(AVERAGEIF(G19:R19,">0",G19:R19),0)<=AVERAGE(G18:R18)*1.3,"🟡 ","🔴 "))&TEXT((IFERROR(AVERAGEIF(G19:R19,">0",G19:R19),0)-AVERAGE(G18:R18))/AVERAGE(G18:R18),"+0.0%;-0.0%")),"") | G19: =IFERROR(AVERAGEIFS('📦 المخزون'!I5:I304,'📦 المخزون'!C5:C304,1,'📦 المخزون'!F5:F304,"وقود"),0) | H19: =IFERROR(AVERAGEIFS('📦 المخزون'!I5:I304,'📦 المخزون'!C5:C304,2,'📦 المخزون'!F5:F304,"وقود"),0) | I19: =IFERROR(AVERAGEIFS('📦 المخزون'!I5:I304,'📦 المخزون'!C5:C304,3,'📦 المخزون'!F5:F304,"وقود"),0) | J19: =IFERROR(AVERAGEIFS('📦 المخزون'!I5:I304,'📦 المخزون'!C5:C304,4,'📦 المخزون'!F5:F304,"وقود"),0) | K19: =IFERROR(AVERAGEIFS('📦 المخزون'!I5:I304,'📦 المخزون'!C5:C304,5,'📦 المخزون'!F5:F304,"وقود"),0) | L19: =IFERROR(AVERAGEIFS('📦 المخزون'!I5:I304,'📦 المخزون'!C5:C304,6,'📦 المخزون'!F5:F304,"وقود"),0) | M19: =IFERROR(AVERAGEIFS('📦 المخزون'!I5:I304,'📦 المخزون'!C5:C304,7,'📦 المخزون'!F5:F304,"وقود"),0) | N19: =IFERROR(AVERAGEIFS('📦 المخزون'!I5:I304,'📦 المخزون'!C5:C304,8,'📦 المخزون'!F5:F304,"وقود"),0) | O19: =IFERROR(AVERAGEIFS('📦 المخزون'!I5:I304,'📦 المخزون'!C5:C304,9,'📦 المخزون'!F5:F304,"وقود"),0) | P19: =IFERROR(AVERAGEIFS('📦 المخزون'!I5:I304,'📦 المخزون'!C5:C304,10,'📦 المخزون'!F5:F304,"وقود"),0) | Q19: =IFERROR(AVERAGEIFS('📦 المخزون'!I5:I304,'📦 المخزون'!C5:C304,11,'📦 المخزون'!F5:F304,"وقود"),0) | R19: =IFERROR(AVERAGEIFS('📦 المخزون'!I5:I304,'📦 المخزون'!C5:C304,12,'📦 المخزون'!F5:F304,"وقود"),0)
A20: ◀ 🛡️ السلامة والامتثال
A21: 7 | B21: الامتثال والسلامة (يطوي عدد الحوادث) | C21: % | D21: ≥ 95% | E21: خطة | G21: 0.95 | H21: 0.95 | I21: 0.95 | J21: 0.95 | K21: 0.95 | L21: 0.95 | M21: 0.95 | N21: 0.95 | O21: 0.95 | P21: 0.95 | Q21: 0.95 | R21: 0.95
E22: فعلي | F22: =IFERROR(IF(AVERAGE(G21:R21)=0,"",IF(IFERROR(AVERAGEIF(G22:R22,">0",G22:R22),0)>=AVERAGE(G21:R21),"✅ ",IF(IFERROR(AVERAGEIF(G22:R22,">0",G22:R22),0)>=AVERAGE(G21:R21)*0.85,"🟡 ","🔴 "))&TEXT((IFERROR(AVERAGEIF(G22:R22,">0",G22:R22),0)-AVERAGE(G21:R21))/AVERAGE(G21:R21),"+0.0%;-0.0%")),"") | G22: =IFERROR(COUNTIFS('🚚 النقل والرحلات'!B5:B304,">="&DATE(2026,1,1),'🚚 النقل والرحلات'!B5:B304,"<"&DATE(2026,1+1,1),'🚚 النقل والرحلات'!K5:K304,"لا يوجد")/MAX(1,COUNTIFS('🚚 النقل والرحلات'!B5:B304,">="&DATE(2026,1,1),'🚚 النقل والرحلات'!B5:B304,"<"&DATE(2026,1+1,1))),0) | H22: =IFERROR(COUNTIFS('🚚 النقل والرحلات'!B5:B304,">="&DATE(2026,2,1),'🚚 النقل والرحلات'!B5:B304,"<"&DATE(2026,2+1,1),'🚚 النقل والرحلات'!K5:K304,"لا يوجد")/MAX(1,COUNTIFS('🚚 النقل والرحلات'!B5:B304,">="&DATE(2026,2,1),'🚚 النقل والرحلات'!B5:B304,"<"&DATE(2026,2+1,1))),0) | I22: =IFERROR(COUNTIFS('🚚 النقل والرحلات'!B5:B304,">="&DATE(2026,3,1),'🚚 النقل والرحلات'!B5:B304,"<"&DATE(2026,3+1,1),'🚚 النقل والرحلات'!K5:K304,"لا يوجد")/MAX(1,COUNTIFS('🚚 النقل والرحلات'!B5:B304,">="&DATE(2026,3,1),'🚚 النقل والرحلات'!B5:B304,"<"&DATE(2026,3+1,1))),0) | J22: =IFERROR(COUNTIFS('🚚 النقل والرحلات'!B5:B304,">="&DATE(2026,4,1),'🚚 النقل والرحلات'!B5:B304,"<"&DATE(2026,4+1,1),'🚚 النقل والرحلات'!K5:K304,"لا يوجد")/MAX(1,COUNTIFS('🚚 النقل والرحلات'!B5:B304,">="&DATE(2026,4,1),'🚚 النقل والرحلات'!B5:B304,"<"&DATE(2026,4+1,1))),0) | K22: =IFERROR(COUNTIFS('🚚 النقل والرحلات'!B5:B304,">="&DATE(2026,5,1),'🚚 النقل والرحلات'!B5:B304,"<"&DATE(2026,5+1,1),'🚚 النقل والرحلات'!K5:K304,"لا يوجد")/MAX(1,COUNTIFS('🚚 النقل والرحلات'!B5:B304,">="&DATE(2026,5,1),'🚚 النقل والرحلات'!B5:B304,"<"&DATE(2026,5+1,1))),0) | L22: =IFERROR(COUNTIFS('🚚 النقل والرحلات'!B5:B304,">="&DATE(2026,6,1),'🚚 النقل والرحلات'!B5:B304,"<"&DATE(2026,6+1,1),'🚚 النقل والرحلات'!K5:K304,"لا يوجد")/MAX(1,COUNTIFS('🚚 النقل والرحلات'!B5:B304,">="&DATE(2026,6,1),'🚚 النقل والرحلات'!B5:B304,"<"&DATE(2026,6+1,1))),0) | M22: =IFERROR(COUNTIFS('🚚 النقل والرحلات'!B5:B304,">="&DATE(2026,7,1),'🚚 النقل والرحلات'!B5:B304,"<"&DATE(2026,7+1,1),'🚚 النقل والرحلات'!K5:K304,"لا يوجد")/MAX(1,COUNTIFS('🚚 النقل والرحلات'!B5:B304,">="&DATE(2026,7,1),'🚚 النقل والرحلات'!B5:B304,"<"&DATE(2026,7+1,1))),0) | N22: =IFERROR(COUNTIFS('🚚 النقل والرحلات'!B5:B304,">="&DATE(2026,8,1),'🚚 النقل والرحلات'!B5:B304,"<"&DATE(2026,8+1,1),'🚚 النقل والرحلات'!K5:K304,"لا يوجد")/MAX(1,COUNTIFS('🚚 النقل والرحلات'!B5:B304,">="&DATE(2026,8,1),'🚚 النقل والرحلات'!B5:B304,"<"&DATE(2026,8+1,1))),0) | O22: =IFERROR(COUNTIFS('🚚 النقل والرحلات'!B5:B304,">="&DATE(2026,9,1),'🚚 النقل والرحلات'!B5:B304,"<"&DATE(2026,9+1,1),'🚚 النقل والرحلات'!K5:K304,"لا يوجد")/MAX(1,COUNTIFS('🚚 النقل والرحلات'!B5:B304,">="&DATE(2026,9,1),'🚚 النقل والرحلات'!B5:B304,"<"&DATE(2026,9+1,1))),0) | P22: =IFERROR(COUNTIFS('🚚 النقل والرحلات'!B5:B304,">="&DATE(2026,10,1),'🚚 النقل والرحلات'!B5:B304,"<"&DATE(2026,10+1,1),'🚚 النقل والرحلات'!K5:K304,"لا يوجد")/MAX(1,COUNTIFS('🚚 النقل والرحلات'!B5:B304,">="&DATE(2026,10,1),'🚚 النقل والرحلات'!B5:B304,"<"&DATE(2026,10+1,1))),0) | Q22: =IFERROR(COUNTIFS('🚚 النقل والرحلات'!B5:B304,">="&DATE(2026,11,1),'🚚 النقل والرحلات'!B5:B304,"<"&DATE(2026,11+1,1),'🚚 النقل والرحلات'!K5:K304,"لا يوجد")/MAX(1,COUNTIFS('🚚 النقل والرحلات'!B5:B304,">="&DATE(2026,11,1),'🚚 النقل والرحلات'!B5:B304,"<"&DATE(2026,11+1,1))),0) | R22: =IFERROR(COUNTIFS('🚚 النقل والرحلات'!B5:B304,">="&DATE(2026,12,1),'🚚 النقل والرحلات'!B5:B304,"<"&DATE(2026,12+1,1),'🚚 النقل والرحلات'!K5:K304,"لا يوجد")/MAX(1,COUNTIFS('🚚 النقل والرحلات'!B5:B304,">="&DATE(2026,12,1),'🚚 النقل والرحلات'!B5:B304,"<"&DATE(2026,12+1,1))),0)
A23: ◀ ⚙️ الكفاءة التشغيلية
A24: 8 | B24: التزام جدول النقل (On-time) | C24: % | D24: ≥ 95% | E24: خطة | G24: 0.95 | H24: 0.95 | I24: 0.95 | J24: 0.95 | K24: 0.95 | L24: 0.95 | M24: 0.95 | N24: 0.95 | O24: 0.95 | P24: 0.95 | Q24: 0.95 | R24: 0.95
E25: فعلي | F25: =IFERROR(IF(AVERAGE(G24:R24)=0,"",IF(IFERROR(AVERAGEIF(G25:R25,">0",G25:R25),0)>=AVERAGE(G24:R24),"✅ ",IF(IFERROR(AVERAGEIF(G25:R25,">0",G25:R25),0)>=AVERAGE(G24:R24)*0.85,"🟡 ","🔴 "))&TEXT((IFERROR(AVERAGEIF(G25:R25,">0",G25:R25),0)-AVERAGE(G24:R24))/AVERAGE(G24:R24),"+0.0%;-0.0%")),"") | G25: =IFERROR(COUNTIFS('🚚 النقل والرحلات'!B5:B304,">="&DATE(2026,1,1),'🚚 النقل والرحلات'!B5:B304,"<"&DATE(2026,1+1,1),'🚚 النقل والرحلات'!J5:J304,"*في الوقت*")/MAX(1,COUNTIFS('🚚 النقل والرحلات'!B5:B304,">="&DATE(2026,1,1),'🚚 النقل والرحلات'!B5:B304,"<"&DATE(2026,1+1,1))),0) | H25: =IFERROR(COUNTIFS('🚚 النقل والرحلات'!B5:B304,">="&DATE(2026,2,1),'🚚 النقل والرحلات'!B5:B304,"<"&DATE(2026,2+1,1),'🚚 النقل والرحلات'!J5:J304,"*في الوقت*")/MAX(1,COUNTIFS('🚚 النقل والرحلات'!B5:B304,">="&DATE(2026,2,1),'🚚 النقل والرحلات'!B5:B304,"<"&DATE(2026,2+1,1))),0) | I25: =IFERROR(COUNTIFS('🚚 النقل والرحلات'!B5:B304,">="&DATE(2026,3,1),'🚚 النقل والرحلات'!B5:B304,"<"&DATE(2026,3+1,1),'🚚 النقل والرحلات'!J5:J304,"*في الوقت*")/MAX(1,COUNTIFS('🚚 النقل والرحلات'!B5:B304,">="&DATE(2026,3,1),'🚚 النقل والرحلات'!B5:B304,"<"&DATE(2026,3+1,1))),0) | J25: =IFERROR(COUNTIFS('🚚 النقل والرحلات'!B5:B304,">="&DATE(2026,4,1),'🚚 النقل والرحلات'!B5:B304,"<"&DATE(2026,4+1,1),'🚚 النقل والرحلات'!J5:J304,"*في الوقت*")/MAX(1,COUNTIFS('🚚 النقل والرحلات'!B5:B304,">="&DATE(2026,4,1),'🚚 النقل والرحلات'!B5:B304,"<"&DATE(2026,4+1,1))),0) | K25: =IFERROR(COUNTIFS('🚚 النقل والرحلات'!B5:B304,">="&DATE(2026,5,1),'🚚 النقل والرحلات'!B5:B304,"<"&DATE(2026,5+1,1),'🚚 النقل والرحلات'!J5:J304,"*في الوقت*")/MAX(1,COUNTIFS('🚚 النقل والرحلات'!B5:B304,">="&DATE(2026,5,1),'🚚 النقل والرحلات'!B5:B304,"<"&DATE(2026,5+1,1))),0) | L25: =IFERROR(COUNTIFS('🚚 النقل والرحلات'!B5:B304,">="&DATE(2026,6,1),'🚚 النقل والرحلات'!B5:B304,"<"&DATE(2026,6+1,1),'🚚 النقل والرحلات'!J5:J304,"*في الوقت*")/MAX(1,COUNTIFS('🚚 النقل والرحلات'!B5:B304,">="&DATE(2026,6,1),'🚚 النقل والرحلات'!B5:B304,"<"&DATE(2026,6+1,1))),0) | M25: =IFERROR(COUNTIFS('🚚 النقل والرحلات'!B5:B304,">="&DATE(2026,7,1),'🚚 النقل والرحلات'!B5:B304,"<"&DATE(2026,7+1,1),'🚚 النقل والرحلات'!J5:J304,"*في الوقت*")/MAX(1,COUNTIFS('🚚 النقل والرحلات'!B5:B304,">="&DATE(2026,7,1),'🚚 النقل والرحلات'!B5:B304,"<"&DATE(2026,7+1,1))),0) | N25: =IFERROR(COUNTIFS('🚚 النقل والرحلات'!B5:B304,">="&DATE(2026,8,1),'🚚 النقل والرحلات'!B5:B304,"<"&DATE(2026,8+1,1),'🚚 النقل والرحلات'!J5:J304,"*في الوقت*")/MAX(1,COUNTIFS('🚚 النقل والرحلات'!B5:B304,">="&DATE(2026,8,1),'🚚 النقل والرحلات'!B5:B304,"<"&DATE(2026,8+1,1))),0) | O25: =IFERROR(COUNTIFS('🚚 النقل والرحلات'!B5:B304,">="&DATE(2026,9,1),'🚚 النقل والرحلات'!B5:B304,"<"&DATE(2026,9+1,1),'🚚 النقل والرحلات'!J5:J304,"*في الوقت*")/MAX(1,COUNTIFS('🚚 النقل والرحلات'!B5:B304,">="&DATE(2026,9,1),'🚚 النقل والرحلات'!B5:B304,"<"&DATE(2026,9+1,1))),0) | P25: =IFERROR(COUNTIFS('🚚 النقل والرحلات'!B5:B304,">="&DATE(2026,10,1),'🚚 النقل والرحلات'!B5:B304,"<"&DATE(2026,10+1,1),'🚚 النقل والرحلات'!J5:J304,"*في الوقت*")/MAX(1,COUNTIFS('🚚 النقل والرحلات'!B5:B304,">="&DATE(2026,10,1),'🚚 النقل والرحلات'!B5:B304,"<"&DATE(2026,10+1,1))),0) | Q25: =IFERROR(COUNTIFS('🚚 النقل والرحلات'!B5:B304,">="&DATE(2026,11,1),'🚚 النقل والرحلات'!B5:B304,"<"&DATE(2026,11+1,1),'🚚 النقل والرحلات'!J5:J304,"*في الوقت*")/MAX(1,COUNTIFS('🚚 النقل والرحلات'!B5:B304,">="&DATE(2026,11,1),'🚚 النقل والرحلات'!B5:B304,"<"&DATE(2026,11+1,1))),0) | R25: =IFERROR(COUNTIFS('🚚 النقل والرحلات'!B5:B304,">="&DATE(2026,12,1),'🚚 النقل والرحلات'!B5:B304,"<"&DATE(2026,12+1,1),'🚚 النقل والرحلات'!J5:J304,"*في الوقت*")/MAX(1,COUNTIFS('🚚 النقل والرحلات'!B5:B304,">="&DATE(2026,12,1),'🚚 النقل والرحلات'!B5:B304,"<"&DATE(2026,12+1,1))),0)
A26: 9 | B26: نسبة استخدام الأسطول المملوك | C26: % | D26: ≥ 60% | E26: خطة | G26: 0.6 | H26: 0.6 | I26: 0.6 | J26: 0.6 | K26: 0.6 | L26: 0.6 | M26: 0.6 | N26: 0.6 | O26: 0.6 | P26: 0.6 | Q26: 0.6 | R26: 0.6
E27: فعلي | F27: =IFERROR(IF(AVERAGE(G26:R26)=0,"",IF(IFERROR(AVERAGEIF(G27:R27,">0",G27:R27),0)>=AVERAGE(G26:R26),"✅ ",IF(IFERROR(AVERAGEIF(G27:R27,">0",G27:R27),0)>=AVERAGE(G26:R26)*0.85,"🟡 ","🔴 "))&TEXT((IFERROR(AVERAGEIF(G27:R27,">0",G27:R27),0)-AVERAGE(G26:R26))/AVERAGE(G26:R26),"+0.0%;-0.0%")),"") | G27: =IFERROR(COUNTIFS('🚚 النقل والرحلات'!B5:B304,">="&DATE(2026,1,1),'🚚 النقل والرحلات'!B5:B304,"<"&DATE(2026,1+1,1),'🚚 النقل والرحلات'!G5:G304,"مملوك درب")/MAX(1,COUNTIFS('🚚 النقل والرحلات'!B5:B304,">="&DATE(2026,1,1),'🚚 النقل والرحلات'!B5:B304,"<"&DATE(2026,1+1,1))),0) | H27: =IFERROR(COUNTIFS('🚚 النقل والرحلات'!B5:B304,">="&DATE(2026,2,1),'🚚 النقل والرحلات'!B5:B304,"<"&DATE(2026,2+1,1),'🚚 النقل والرحلات'!G5:G304,"مملوك درب")/MAX(1,COUNTIFS('🚚 النقل والرحلات'!B5:B304,">="&DATE(2026,2,1),'🚚 النقل والرحلات'!B5:B304,"<"&DATE(2026,2+1,1))),0) | I27: =IFERROR(COUNTIFS('🚚 النقل والرحلات'!B5:B304,">="&DATE(2026,3,1),'🚚 النقل والرحلات'!B5:B304,"<"&DATE(2026,3+1,1),'🚚 النقل والرحلات'!G5:G304,"مملوك درب")/MAX(1,COUNTIFS('🚚 النقل والرحلات'!B5:B304,">="&DATE(2026,3,1),'🚚 النقل والرحلات'!B5:B304,"<"&DATE(2026,3+1,1))),0) | J27: =IFERROR(COUNTIFS('🚚 النقل والرحلات'!B5:B304,">="&DATE(2026,4,1),'🚚 النقل والرحلات'!B5:B304,"<"&DATE(2026,4+1,1),'🚚 النقل والرحلات'!G5:G304,"مملوك درب")/MAX(1,COUNTIFS('🚚 النقل والرحلات'!B5:B304,">="&DATE(2026,4,1),'🚚 النقل والرحلات'!B5:B304,"<"&DATE(2026,4+1,1))),0) | K27: =IFERROR(COUNTIFS('🚚 النقل والرحلات'!B5:B304,">="&DATE(2026,5,1),'🚚 النقل والرحلات'!B5:B304,"<"&DATE(2026,5+1,1),'🚚 النقل والرحلات'!G5:G304,"مملوك درب")/MAX(1,COUNTIFS('🚚 النقل والرحلات'!B5:B304,">="&DATE(2026,5,1),'🚚 النقل والرحلات'!B5:B304,"<"&DATE(2026,5+1,1))),0) | L27: =IFERROR(COUNTIFS('🚚 النقل والرحلات'!B5:B304,">="&DATE(2026,6,1),'🚚 النقل والرحلات'!B5:B304,"<"&DATE(2026,6+1,1),'🚚 النقل والرحلات'!G5:G304,"مملوك درب")/MAX(1,COUNTIFS('🚚 النقل والرحلات'!B5:B304,">="&DATE(2026,6,1),'🚚 النقل والرحلات'!B5:B304,"<"&DATE(2026,6+1,1))),0) | M27: =IFERROR(COUNTIFS('🚚 النقل والرحلات'!B5:B304,">="&DATE(2026,7,1),'🚚 النقل والرحلات'!B5:B304,"<"&DATE(2026,7+1,1),'🚚 النقل والرحلات'!G5:G304,"مملوك درب")/MAX(1,COUNTIFS('🚚 النقل والرحلات'!B5:B304,">="&DATE(2026,7,1),'🚚 النقل والرحلات'!B5:B304,"<"&DATE(2026,7+1,1))),0) | N27: =IFERROR(COUNTIFS('🚚 النقل والرحلات'!B5:B304,">="&DATE(2026,8,1),'🚚 النقل والرحلات'!B5:B304,"<"&DATE(2026,8+1,1),'🚚 النقل والرحلات'!G5:G304,"مملوك درب")/MAX(1,COUNTIFS('🚚 النقل والرحلات'!B5:B304,">="&DATE(2026,8,1),'🚚 النقل والرحلات'!B5:B304,"<"&DATE(2026,8+1,1))),0) | O27: =IFERROR(COUNTIFS('🚚 النقل والرحلات'!B5:B304,">="&DATE(2026,9,1),'🚚 النقل والرحلات'!B5:B304,"<"&DATE(2026,9+1,1),'🚚 النقل والرحلات'!G5:G304,"مملوك درب")/MAX(1,COUNTIFS('🚚 النقل والرحلات'!B5:B304,">="&DATE(2026,9,1),'🚚 النقل والرحلات'!B5:B304,"<"&DATE(2026,9+1,1))),0) | P27: =IFERROR(COUNTIFS('🚚 النقل والرحلات'!B5:B304,">="&DATE(2026,10,1),'🚚 النقل والرحلات'!B5:B304,"<"&DATE(2026,10+1,1),'🚚 النقل والرحلات'!G5:G304,"مملوك درب")/MAX(1,COUNTIFS('🚚 النقل والرحلات'!B5:B304,">="&DATE(2026,10,1),'🚚 النقل والرحلات'!B5:B304,"<"&DATE(2026,10+1,1))),0) | Q27: =IFERROR(COUNTIFS('🚚 النقل والرحلات'!B5:B304,">="&DATE(2026,11,1),'🚚 النقل والرحلات'!B5:B304,"<"&DATE(2026,11+1,1),'🚚 النقل والرحلات'!G5:G304,"مملوك درب")/MAX(1,COUNTIFS('🚚 النقل والرحلات'!B5:B304,">="&DATE(2026,11,1),'🚚 النقل والرحلات'!B5:B304,"<"&DATE(2026,11+1,1))),0) | R27: =IFERROR(COUNTIFS('🚚 النقل والرحلات'!B5:B304,">="&DATE(2026,12,1),'🚚 النقل والرحلات'!B5:B304,"<"&DATE(2026,12+1,1),'🚚 النقل والرحلات'!G5:G304,"مملوك درب")/MAX(1,COUNTIFS('🚚 النقل والرحلات'!B5:B304,">="&DATE(2026,12,1),'🚚 النقل والرحلات'!B5:B304,"<"&DATE(2026,12+1,1))),0)
A29: ℹ️ المقاييس المطوية متاحة كتشخيص في اللوحة الأصلية: عدد الانقطاعات، دوران المخزون، عدد الحوادث الجسيمة، ونسبة استيفاء الطلبات (Fill Rate).

Sheet 📋 مؤشرات الإدارة
A1: مؤشرات الأداء (KPI's) — سلاسل الإمداد · درب الوقود
A2: 🏛️ المرجع الرسمي المعتمد من الإدارة · 5 مؤشرات · دورية شهرية
A3: م | B3: اسم المؤشر (KPI) | C3: وحدة القياس | D3: الهدف | E3: دورية القياس | F3: المحور | G3: طريقة القياس | H3: يقابله في اللوحة
A4: 1 | B4: توفر الوقود | C4: % | D4: اكبر من او يساوي 99.5% | E4: شهري | F4: خدمة العميل | G4: النسبة = أجمالي عدد الانقطاعات الشهرية/ (أجمالي عدد المنتجات x عدد ايام الشهر ) | H4: KPI 1 — حُدِّثت طريقة الحساب
A5: 2 | B5: فواقد الوقود لكل 33 الف لتر(رد) | C5: لتر | D5: أقل من او يساوي 100 | E5: شهري | F5: التكاليف | G5: الكمية = أجمالي كمية الفاقد الشهرى عند التصفيير/ عدد الردود الشهرية | H5: KPI 6 — حُدِّثت طريقة الحساب
A6: 3 | B6: كمية مخزون الوقود | C6: يوم | D6: أقل من او يساوي 3 | E6: شهري | F6: السيولة المالية | G6: المتوسط الشهري ل (اجمالي كمية المخزون نهاية المدة يوميا (منتصف الليل)/ اجملي متوسط المبيعات اليومية) | H6: KPI 8 — مطابقة (دون تغيير)
A7: 4 | B7: توفر المواد المخزنية ( التوصيل خلال 3 أيام) | C7: % | D7: 1 | E7: شهري | F7: خدمة العميل | G7: عدد الطلبات المخزنية المنفذه شهريا في الوقت / عدد الطلبات المخزنية | H7: KPI 3 — مطابقة (دون تغيير)
A8: 5 | B8: أصدار أوامر الشراء خلال 5 أيام عمل من استلام الطلب | C8: % | D8: 0.95 | E8: شهري | F8: خدمة العميل | G8: عدد طلبات الشراء المنفذة في الوقت/ عدد طلبات الشراء الكلية | H8: KPI 4 — مطابقة (دون تغيير)
A10: ℹ️ هذه القائمة هي مصدر الحقيقة الرسمي. في اللوحة الآلية حُدِّثت طريقة حساب «توفر الوقود» و«فواقد الوقود» لتطابق العمود «طريقة القياس» أعلاه؛ والمؤشرات الأخرى تبقى كما هي.

Sheet 🛢️ انقطاعات الوقود
A1: 🛢️ سجل انقطاعات الوقود
A2: 📝 كل انقطاع منتج في محطة معينة · المدة تُحسب آلياً · الهدف: ≤ 5 انقطاعات شهرياً
A3: بيانات الانقطاع | F3: 📊 المعالجة
A4: # | B4: تاريخ البدء | C4: تاريخ الانتهاء | D4: المحطة | E4: نوع المنتج | F4: المدة (يوم) | G4: السبب | H4: الحالة
A5: 1 | F5: =IF(OR(B5="",C5=""),"",C5-B5)
A6: 2 | F6: =IF(OR(B6="",C6=""),"",C6-B6)
A7: 3 | F7: =IF(OR(B7="",C7=""),"",C7-B7)
A8: 4 | F8: =IF(OR(B8="",C8=""),"",C8-B8)
A9: 5 | F9: =IF(OR(B9="",C9=""),"",C9-B9)
A10: 6 | F10: =IF(OR(B10="",C10=""),"",C10-B10)
A11: 7 | F11: =IF(OR(B11="",C11=""),"",C11-B11)
A12: 8 | F12: =IF(OR(B12="",C12=""),"",C12-B12)
A13: 9 | F13: =IF(OR(B13="",C13=""),"",C13-B13)
A14: 10 | F14: =IF(OR(B14="",C14=""),"",C14-B14)
A15: 11 | F15: =IF(OR(B15="",C15=""),"",C15-B15)
A16: 12 | F16: =IF(OR(B16="",C16=""),"",C16-B16)
... A104: 100 | F104: =IF(OR(B104="",C104=""),"",C104-B104)

Sheet 💧 الردود والفاقد
A1: 💧 سجل ردود الوقود والفاقد عند التصفير
A2: 📝 كل صف = ردة وقود لمحطة · الهدف: ≤ 100 لتر فاقد لكل 33,000 لتر رد
A3: بيانات الردة | F3: 💧 الكميات | H3: 📊 آلي
A4: # | B4: تاريخ الردة | C4: المحطة | D4: المنتج | E4: رقم الصهريج | F4: كمية الردة (لتر) | G4: كمية الفاقد (لتر) | H4: الفاقد لكل 33K | I4: الحالة
A5: 1 | H5: =IF(OR(F5="",F5=0),"",(G5/F5)*33000) | I5: =IF(H5="","—",IF(H5<=100,"🟢 ضمن الهدف",IF(H5<=150,"🟡 تجاوز بسيط","🔴 فاقد عالٍ")))
A6: 2 | H6: =IF(OR(F6="",F6=0),"",(G6/F6)*33000) | I6: =IF(H6="","—",IF(H6<=100,"🟢 ضمن الهدف",IF(H6<=150,"🟡 تجاوز بسيط","🔴 فاقد عالٍ")))
A7: 3 | H7: =IF(OR(F7="",F7=0),"",(G7/F7)*33000) | I7: =IF(H7="","—",IF(H7<=100,"🟢 ضمن الهدف",IF(H7<=150,"🟡 تجاوز بسيط","🔴 فاقد عالٍ")))
A8: 4 | H8: =IF(OR(F8="",F8=0),"",(G8/F8)*33000) | I8: =IF(H8="","—",IF(H8<=100,"🟢 ضمن الهدف",IF(H8<=150,"🟡 تجاوز بسيط","🔴 فاقد عالٍ")))
A9: 5 | H9: =IF(OR(F9="",F9=0),"",(G9/F9)*33000) | I9: =IF(H9="","—",IF(H9<=100,"🟢 ضمن الهدف",IF(H9<=150,"🟡 تجاوز بسيط","🔴 فاقد عالٍ")))
A10: 6 | H10: =IF(OR(F10="",F10=0),"",(G10/F10)*33000) | I10: =IF(H10="","—",IF(H10<=100,"🟢 ضمن الهدف",IF(H10<=150,"🟡 تجاوز بسيط","🔴 فاقد عالٍ")))
A11: 7 | H11: =IF(OR(F11="",F11=0),"",(G11/F11)*33000) | I11: =IF(H11="","—",IF(H11<=100,"🟢 ضمن الهدف",IF(H11<=150,"🟡 تجاوز بسيط","🔴 فاقد عالٍ")))
A12: 8 | H12: =IF(OR(F12="",F12=0),"",(G12/F12)*33000) | I12: =IF(H12="","—",IF(H12<=100,"🟢 ضمن الهدف",IF(H12<=150,"🟡 تجاوز بسيط","🔴 فاقد عالٍ")))
A13: 9 | H13: =IF(OR(F13="",F13=0),"",(G13/F13)*33000) | I13: =IF(H13="","—",IF(H13<=100,"🟢 ضمن الهدف",IF(H13<=150,"🟡 تجاوز بسيط","🔴 فاقد عالٍ")))
A14: 10 | H14: =IF(OR(F14="",F14=0),"",(G14/F14)*33000) | I14: =IF(H14="","—",IF(H14<=100,"🟢 ضمن الهدف",IF(H14<=150,"🟡 تجاوز بسيط","🔴 فاقد عالٍ")))
A15: 11 | H15: =IF(OR(F15="",F15=0),"",(G15/F15)*33000) | I15: =IF(H15="","—",IF(H15<=100,"🟢 ضمن الهدف",IF(H15<=150,"🟡 تجاوز بسيط","🔴 فاقد عالٍ")))
A16: 12 | H16: =IF(OR(F16="",F16=0),"",(G16/F16)*33000) | I16: =IF(H16="","—",IF(H16<=100,"🟢 ضمن الهدف",IF(H16<=150,"🟡 تجاوز بسيط","🔴 فاقد عالٍ")))
... A304: 300 | H304: =IF(OR(F304="",F304=0),"",(G304/F304)*33000) | I304: =IF(H304="","—",IF(H304<=100,"🟢 ضمن الهدف",IF(H304<=150,"🟡 تجاوز بسيط","🔴 فاقد عالٍ")))

Sheet 📦 المخزون
A1: 📦 سجل المخزون الشهري (وقود + مواد)
A2: 📝 صف لكل (محطة × منتج × شهر) · أيام المخزون تُحسب آلياً
A3: بيانات المخزون | F3: 📊 الكميات | I3: ⚙️ آلي
A4: # | B4: الشهر | C4: رقم الشهر | D4: المحطة/المستودع | E4: المنتج/المادة | F4: النوع | G4: متوسط المخزون نهاية اليوم | H4: متوسط البيع اليومي | I4: أيام المخزون | J4: الحالة
A5: 1 | C5: =IFERROR(MATCH(B5,{"يناير";"فبراير";"مارس";"أبريل";"مايو";"يونيو";"يوليو";"أغسطس";"سبتمبر";"أكتوبر";"نوفمبر";"ديسمبر"},0),"") | I5: =IF(OR(H5="",H5=0),"",G5/H5) | J5: =IF(I5="","—",IF(I5<=3,"🟢 صحي",IF(I5<=5,"🟡 مرتفع","🔴 مخزون زائد")))
A6: 2 | C6: =IFERROR(MATCH(B6,{"يناير";"فبراير";"مارس";"أبريل";"مايو";"يونيو";"يوليو";"أغسطس";"سبتمبر";"أكتوبر";"نوفمبر";"ديسمبر"},0),"") | I6: =IF(OR(H6="",H6=0),"",G6/H6) | J6: =IF(I6="","—",IF(I6<=3,"🟢 صحي",IF(I6<=5,"🟡 مرتفع","🔴 مخزون زائد")))
A7: 3 | C7: =IFERROR(MATCH(B7,{"يناير";"فبراير";"مارس";"أبريل";"مايو";"يونيو";"يوليو";"أغسطس";"سبتمبر";"أكتوبر";"نوفمبر";"ديسمبر"},0),"") | I7: =IF(OR(H7="",H7=0),"",G7/H7) | J7: =IF(I7="","—",IF(I7<=3,"🟢 صحي",IF(I7<=5,"🟡 مرتفع","🔴 مخزون زائد")))
A8: 4 | C8: =IFERROR(MATCH(B8,{"يناير";"فبراير";"مارس";"أبريل";"مايو";"يونيو";"يوليو";"أغسطس";"سبتمبر";"أكتوبر";"نوفمبر";"ديسمبر"},0),"") | I8: =IF(OR(H8="",H8=0),"",G8/H8) | J8: =IF(I8="","—",IF(I8<=3,"🟢 صحي",IF(I8<=5,"🟡 مرتفع","🔴 مخزون زائد")))
A9: 5 | C9: =IFERROR(MATCH(B9,{"يناير";"فبراير";"مارس";"أبريل";"مايو";"يونيو";"يوليو";"أغسطس";"سبتمبر";"أكتوبر";"نوفمبر";"ديسمبر"},0),"") | I9: =IF(OR(H9="",H9=0),"",G9/H9) | J9: =IF(I9="","—",IF(I9<=3,"🟢 صحي",IF(I9<=5,"🟡 مرتفع","🔴 مخزون زائد")))
A10: 6 | C10: =IFERROR(MATCH(B10,{"يناير";"فبراير";"مارس";"أبريل";"مايو";"يونيو";"يوليو";"أغسطس";"سبتمبر";"أكتوبر";"نوفمبر";"ديسمبر"},0),"") | I10: =IF(OR(H10="",H10=0),"",G10/H10) | J10: =IF(I10="","—",IF(I10<=3,"🟢 صحي",IF(I10<=5,"🟡 مرتفع","🔴 مخزون زائد")))
A11: 7 | C11: =IFERROR(MATCH(B11,{"يناير";"فبراير";"مارس";"أبريل";"مايو";"يونيو";"يوليو";"أغسطس";"سبتمبر";"أكتوبر";"نوفمبر";"ديسمبر"},0),"") | I11: =IF(OR(H11="",H11=0),"",G11/H11) | J11: =IF(I11="","—",IF(I11<=3,"🟢 صحي",IF(I11<=5,"🟡 مرتفع","🔴 مخزون زائد")))
A12: 8 | C12: =IFERROR(MATCH(B12,{"يناير";"فبراير";"مارس";"أبريل";"مايو";"يونيو";"يوليو";"أغسطس";"سبتمبر";"أكتوبر";"نوفمبر";"ديسمبر"},0),"") | I12: =IF(OR(H12="",H12=0),"",G12/H12) | J12: =IF(I12="","—",IF(I12<=3,"🟢 صحي",IF(I12<=5,"🟡 مرتفع","🔴 مخزون زائد")))
A13: 9 | C13: =IFERROR(MATCH(B13,{"يناير";"فبراير";"مارس";"أبريل";"مايو";"يونيو";"يوليو";"أغسطس";"سبتمبر";"أكتوبر";"نوفمبر";"ديسمبر"},0),"") | I13: =IF(OR(H13="",H13=0),"",G13/H13) | J13: =IF(I13="","—",IF(I13<=3,"🟢 صحي",IF(I13<=5,"🟡 مرتفع","🔴 مخزون زائد")))
A14: 10 | C14: =IFERROR(MATCH(B14,{"يناير";"فبراير";"مارس";"أبريل";"مايو";"يونيو";"يوليو";"أغسطس";"سبتمبر";"أكتوبر";"نوفمبر";"ديسمبر"},0),"") | I14: =IF(OR(H14="",H14=0),"",G14/H14) | J14: =IF(I14="","—",IF(I14<=3,"🟢 صحي",IF(I14<=5,"🟡 مرتفع","🔴 مخزون زائد")))
A15: 11 | C15: =IFERROR(MATCH(B15,{"يناير";"فبراير";"مارس";"أبريل";"مايو";"يونيو";"يوليو";"أغسطس";"سبتمبر";"أكتوبر";"نوفمبر";"ديسمبر"},0),"") | I15: =IF(OR(H15="",H15=0),"",G15/H15) | J15: =IF(I15="","—",IF(I15<=3,"🟢 صحي",IF(I15<=5,"🟡 مرتفع","🔴 مخزون زائد")))
A16: 12 | C16: =IFERROR(MATCH(B16,{"يناير";"فبراير";"مارس";"أبريل";"مايو";"يونيو";"يوليو";"أغسطس";"سبتمبر";"أكتوبر";"نوفمبر";"ديسمبر"},0),"") | I16: =IF(OR(H16="",H16=0),"",G16/H16) | J16: =IF(I16="","—",IF(I16<=3,"🟢 صحي",IF(I16<=5,"🟡 مرتفع","🔴 مخزون زائد")))
... A304: 300 | C304: =IFERROR(MATCH(B304,{"يناير";"فبراير";"مارس";"أبريل";"مايو";"يونيو";"يوليو";"أغسطس";"سبتمبر";"أكتوبر";"نوفمبر";"ديسمبر"},0),"") | I304: =IF(OR(H304="",H304=0),"",G304/H304) | J304: =IF(I304="","—",IF(I304<=3,"🟢 صحي",IF(I304<=5,"🟡 مرتفع","🔴 مخزون زائد")))

Sheet 🛒 الطلبات والمشتريات
A1: 🛒 سجل طلبات المواد وأوامر الشراء
A2: 📝 يجمع المواد المخزنية (هدف ≤ 3 أيام) + أوامر الشراء (هدف ≤ 5 أيام عمل)
A3: بيانات الطلب | F3: ⏱️ المعالجة | H3: 📊 آلي
A4: # | B4: رقم الطلب | C4: تاريخ الاستلام | D4: نوع الطلب | E4: الجهة الطالبة | F4: تاريخ المعالجة | G4: نوع المعالجة | H4: أيام المعالجة | I4: ضمن الهدف؟
A5: 1 | H5: =IF(OR(C5="",F5=""),"",F5-C5) | I5: =IF(H5="","—",IF(D5="مواد مخزنية", IF(H5<=3,"🟢 ضمن الهدف","🔴 متأخر"), IF(H5<=5,"🟢 ضمن الهدف","🔴 متأخر")))
A6: 2 | H6: =IF(OR(C6="",F6=""),"",F6-C6) | I6: =IF(H6="","—",IF(D6="مواد مخزنية", IF(H6<=3,"🟢 ضمن الهدف","🔴 متأخر"), IF(H6<=5,"🟢 ضمن الهدف","🔴 متأخر")))
A7: 3 | H7: =IF(OR(C7="",F7=""),"",F7-C7) | I7: =IF(H7="","—",IF(D7="مواد مخزنية", IF(H7<=3,"🟢 ضمن الهدف","🔴 متأخر"), IF(H7<=5,"🟢 ضمن الهدف","🔴 متأخر")))
A8: 4 | H8: =IF(OR(C8="",F8=""),"",F8-C8) | I8: =IF(H8="","—",IF(D8="مواد مخزنية", IF(H8<=3,"🟢 ضمن الهدف","🔴 متأخر"), IF(H8<=5,"🟢 ضمن الهدف","🔴 متأخر")))
A9: 5 | H9: =IF(OR(C9="",F9=""),"",F9-C9) | I9: =IF(H9="","—",IF(D9="مواد مخزنية", IF(H9<=3,"🟢 ضمن الهدف","🔴 متأخر"), IF(H9<=5,"🟢 ضمن الهدف","🔴 متأخر")))
A10: 6 | H10: =IF(OR(C10="",F10=""),"",F10-C10) | I10: =IF(H10="","—",IF(D10="مواد مخزنية", IF(H10<=3,"🟢 ضمن الهدف","🔴 متأخر"), IF(H10<=5,"🟢 ضمن الهدف","🔴 متأخر")))
A11: 7 | H11: =IF(OR(C11="",F11=""),"",F11-C11) | I11: =IF(H11="","—",IF(D11="مواد مخزنية", IF(H11<=3,"🟢 ضمن الهدف","🔴 متأخر"), IF(H11<=5,"🟢 ضمن الهدف","🔴 متأخر")))
A12: 8 | H12: =IF(OR(C12="",F12=""),"",F12-C12) | I12: =IF(H12="","—",IF(D12="مواد مخزنية", IF(H12<=3,"🟢 ضمن الهدف","🔴 متأخر"), IF(H12<=5,"🟢 ضمن الهدف","🔴 متأخر")))
A13: 9 | H13: =IF(OR(C13="",F13=""),"",F13-C13) | I13: =IF(H13="","—",IF(D13="مواد مخزنية", IF(H13<=3,"🟢 ضمن الهدف","🔴 متأخر"), IF(H13<=5,"🟢 ضمن الهدف","🔴 متأخر")))
A14: 10 | H14: =IF(OR(C14="",F14=""),"",F14-C14) | I14: =IF(H14="","—",IF(D14="مواد مخزنية", IF(H14<=3,"🟢 ضمن الهدف","🔴 متأخر"), IF(H14<=5,"🟢 ضمن الهدف","🔴 متأخر")))
A15: 11 | H15: =IF(OR(C15="",F15=""),"",F15-C15) | I15: =IF(H15="","—",IF(D15="مواد مخزنية", IF(H15<=3,"🟢 ضمن الهدف","🔴 متأخر"), IF(H15<=5,"🟢 ضمن الهدف","🔴 متأخر")))
A16: 12 | H16: =IF(OR(C16="",F16=""),"",F16-C16) | I16: =IF(H16="","—",IF(D16="مواد مخزنية", IF(H16<=3,"🟢 ضمن الهدف","🔴 متأخر"), IF(H16<=5,"🟢 ضمن الهدف","🔴 متأخر")))
... A204: 200 | H204: =IF(OR(C204="",F204=""),"",F204-C204) | I204: =IF(H204="","—",IF(D204="مواد مخزنية", IF(H204<=3,"🟢 ضمن الهدف","🔴 متأخر"), IF(H204<=5,"🟢 ضمن الهدف","🔴 متأخر")))

Sheet 🚚 النقل والرحلات
A1: 🚚 سجل رحلات النقل (وقود + مواد + متخصصة)
A2: 📝 صف لكل رحلة · الحوادث والتأخير تُتابع آلياً
A3: بيانات الرحلة | F3: 👨‍✈️ السائق | H3: ⏱️ التوقيت | K3: 🛡️ السلامة
A4: # | B4: تاريخ الرحلة | C4: رقم الرحلة | D4: نوع الحمولة | E4: المحطة الوجهة | F4: اسم السائق | G4: ملكية الصهريج | H4: الوقت المخطط | I4: الوقت الفعلي | J4: في الوقت؟ | K4: حادث/مخالفة؟ | L4: وصف الحادث | M4: الحالة
A5: 1 | J5: =IF(OR(H5="",I5=""),"—",IF(I5<=H5,"🟢 في الوقت","🔴 متأخر"))
A6: 2 | J6: =IF(OR(H6="",I6=""),"—",IF(I6<=H6,"🟢 في الوقت","🔴 متأخر"))
A7: 3 | J7: =IF(OR(H7="",I7=""),"—",IF(I7<=H7,"🟢 في الوقت","🔴 متأخر"))
A8: 4 | J8: =IF(OR(H8="",I8=""),"—",IF(I8<=H8,"🟢 في الوقت","🔴 متأخر"))
A9: 5 | J9: =IF(OR(H9="",I9=""),"—",IF(I9<=H9,"🟢 في الوقت","🔴 متأخر"))
A10: 6 | J10: =IF(OR(H10="",I10=""),"—",IF(I10<=H10,"🟢 في الوقت","🔴 متأخر"))
A11: 7 | J11: =IF(OR(H11="",I11=""),"—",IF(I11<=H11,"🟢 في الوقت","🔴 متأخر"))
A12: 8 | J12: =IF(OR(H12="",I12=""),"—",IF(I12<=H12,"🟢 في الوقت","🔴 متأخر"))
A13: 9 | J13: =IF(OR(H13="",I13=""),"—",IF(I13<=H13,"🟢 في الوقت","🔴 متأخر"))
A14: 10 | J14: =IF(OR(H14="",I14=""),"—",IF(I14<=H14,"🟢 في الوقت","🔴 متأخر"))
A15: 11 | J15: =IF(OR(H15="",I15=""),"—",IF(I15<=H15,"🟢 في الوقت","🔴 متأخر"))
A16: 12 | J16: =IF(OR(H16="",I16=""),"—",IF(I16<=H16,"🟢 في الوقت","🔴 متأخر"))
... A304: 300 | J304: =IF(OR(H304="",I304=""),"—",IF(I304<=H304,"🟢 في الوقت","🔴 متأخر"))
