Workbook

Sheet نموذج المحرّكات
A1: نموذج محرّكات النمو — العمرة الجديدة
A2: عدّل الخلايا الزرقاء (الافتراضات) ليعاد حساب الأثر بالكامل
A4: الافتراضات وخط الأساس
A5: البند | B5: القيمة | C5: الوحدة | E5: المصدر / الملاحظة
A6: حجم الوقود الحالي | B6: 3915547 | C6: لتر/شهر | E6: لوحة تحليلات درب — متوسط ٦ أشهر
A7: حجم الوقود المستهدف | B7: 4500000 | C7: لتر/شهر | E7: مستهدف ١٢ شهراً — قابل للتعديل
A8: هامش الوقود | B8: 0.15 | C8: ر.س/لتر | E8: يُعتمد من المالية
A9: الزيارات | B9: 127775 | C9: زيارة/شهر | E9: 766,648 زيارة ÷ ٦ أشهر
A10: الصافي الحالي | B10: 679332 | C10: ر.س/شهر | E10: محسوب في «النموذج المالي» بالملف الشامل
A11: إيجار مرساة القهوة المتوقّع | B11: 28000 | C11: ر.س/شهر | E11: قيمة الفرصة في خط الأنابيب
A13: 🚚 عقود الأساطيل — الحجم المؤمَّن
A14: فئة الأسطول | B14: الحجم لتر/شهر | C14: الحالة | D14: هامش ر.س/لتر | E14: الجهات المستهدفة
A15: 🚌 باصات الحجاج والمعتمرين | B15: 90000 | C15: تواصل | D15: =$B$8 -> 0.15 | E15: ميداء للمعتمرين · شركات النقل الجماعي · مؤسسات الطوافة · نقل تضامني
A16: 🚚 شاحنات اللوجستيات | B16: 120000 | C16: فرصة | D16: =$B$8 -> 0.15 | E16: المراعي · i كومكس · شركات الشحن والتوزيع العابرة
A17: 🚕 تكاسي المسافرين للمدينة | B17: 40000 | C17: فرصة | D17: =$B$8 -> 0.15 | E17: الحربي للنقل (حج وعمرة، 3.3كم) · مكاتب الشبيكة/المعابدة · تطبيقات النقل
A18: 🚗 سيارة اب — فليت مانجمنت (B2B) | B18: 55000 | C18: فرصة | D18: =$B$8 -> 0.15 | E18: محفظة عملاء المنصّة — شركات تأجير السيارات القريبة تدخل تحتها: ذيب · يلو · الغزال · حسين · المصباح (٦ مكاتب ضمن 2.3كم) + أساطيل الشركات
A19: إجمالي الحجم المؤمَّن | B19: =SUM(B15:B18) -> 305000
A20: منها متعاقد فعلياً | B20: =SUMIF(C15:C18,"متعاقد",B15:B18) -> 0 | E20: يرتفع كلما أُغلق عقد — غيّر الحالة أعلاه
A22: 📊 احتساب الأثر
A23: البند | B23: القيمة | C23: الوحدة | E23: طريقة الاحتساب
A24: فجوة الحجم | B24: =$B$7-$B$6 -> 584453 | C24: لتر/شهر | E24: المستهدف − الحالي
A25: منها مؤمَّن بعقود | B25: =$B$19 -> 305000 | C25: لتر/شهر | E25: إجمالي الأساطيل
A26: نسبة التأمين من الفجوة | B26: =IFERROR($B$19/$B$24,"") -> 0.52185548 | C26: ٪ | E26: المؤمَّن ÷ الفجوة
A27: يتبقّى استعادته من الحركة العابرة | B27: =MAX(0,$B$24-$B$19) -> 279453 | C27: لتر/شهر | E27: الفجوة − المؤمَّن
A29: أثر الوقود | B29: =$B$24*$B$8 -> 87667.95 | C29: ر.س/شهر | E29: فجوة الحجم × الهامش
A30: أثر مرساة القهوة | B30: =$B$11 -> 28000 | C30: ر.س/شهر | E30: إيجار الوحدة الشاغرة
A31: إجمالي الأثر | B31: =$B$29+$B$30 -> 115667.95 | C31: ر.س/شهر | E31: الوقود + القهوة (بلا ازدواج: الأساطيل داخل فجوة الحجم)
A33: الصافي المستهدف | B33: =$B$10+$B$31 -> 794999.95 | C33: ر.س/شهر | E33: الصافي الحالي + الأثر
A34: نسبة الزيادة | B34: =IFERROR($B$31/$B$10,"") -> 0.17026719 | C34: ٪ | E34: الأثر ÷ الصافي الحالي
A35: الربح لكل زيارة — الحالي | B35: =IFERROR($B$10/$B$9,"") -> 5.3166269 | C35: ر.س | E35: الصافي ÷ الزيارات
A36: الربح لكل زيارة — المستهدف | B36: =IFERROR($B$33/$B$9,"") -> 6.221874 | C36: ر.س | E36: الصافي المستهدف ÷ الزيارات

Sheet الملخص التنفيذي
A1: الاستراتيجية التجارية — منفذ العمرة الجديدة (MK007)
A2: ١٢ شهراً · مقترح للاعتماد · الأرقام مرتبطة بورقة «نموذج المحرّكات»
B4: 3915547 | D4: 127775 | F4: ='نموذج المحرّكات'!B10 -> 679332 | H4: ='نموذج المحرّكات'!B35 -> 5.3166269
B5: حجم الوقود (لتر/شهر) | D5: الزيارات / شهر | F5: الصافي الحالي (ر.س/شهر) | H5: الربح لكل زيارة (ر.س)
B7: -0.30142566 | D7: ='نموذج المحرّكات'!B19 -> 305000 | F7: ='نموذج المحرّكات'!B31 -> 115667.95 | H7: ='نموذج المحرّكات'!B34 -> 0.17026719
B8: تراجع الحجم عن الذروة | D8: حجم قابل للتأمين بعقود (لتر) | F8: الأثر المستهدف (ر.س/شهر) | H8: الزيادة على الصافي
B10: المسألة الاستراتيجية
B11: المنفذ الأقوى في المحفظة — وحجمه يتآكل. أعلى تقييماً (4.8★) وأعلى ربحاً لكل زيارة، لكن حجم الوقود تراجع ٣٠٪ من ذروة مارس إلى يونيو بأثر ‎−222 ألف ر.س هامش شهرياً. السبب: كل الحجم تقريباً حركة عابرة غير متعاقد عليها، والعميل مجهول الهوية (التطبيق 0.6٪).
B13: الخيار الاستراتيجي: حجم متعاقد · عميل معروف · زيارة مُسيَّلة
B15: الاتجاه الشهري لحجم الوقود (مليون لتر)
B16: الشهر | C16: الفعلي | D16: المستهدف
B17: يناير 2026 | C17: 4.25 | D17: ='نموذج المحرّكات'!$B$7/1000000 -> 4.5
B18: فبراير 2026 | C18: 4.17 | D18: ='نموذج المحرّكات'!$B$7/1000000 -> 4.5
B19: مارس 2026 | C19: 4.91 | D19: ='نموذج المحرّكات'!$B$7/1000000 -> 4.5
B20: أبريل 2026 | C20: 3.6 | D20: ='نموذج المحرّكات'!$B$7/1000000 -> 4.5
B21: مايو 2026 | C21: 3.13 | D21: ='نموذج المحرّكات'!$B$7/1000000 -> 4.5
B22: يونيو 2026 | C22: 3.43 | D22: ='نموذج المحرّكات'!$B$7/1000000 -> 4.5
B24: الأرقام تقديرات نموذجية للاعتماد — تُستبدل بأرقام المالية وسجل الأصول.

Sheet خط الأساس
A1: خط الأساس — الوضع الحالي
A2: الأرقام الفعلية للمنفذ
A4: البند | B4: القيمة | C4: الوحدة | D4: قراءة
A5: الإيراد | B5: 8270000 | C5: ر.س/شهر | D5: الأكبر في المحفظة
A6: حجم الوقود | B6: 3915547 | C6: لتر/شهر | D6: متراجع ٣٠٪ عن ذروة مارس
A7: الزيارات | B7: 127775 | C7: زيارة/شهر | D7: قاعدة ضخمة غير مُستثمرة رقمياً
A8: متوسط الفاتورة | B8: 64.7 | C8: ر.س | D8: إنفاق أعلى من نظائرها
A9: متوسط التعبئة | B9: 30.6 | C9: لتر | D9: —
A10: دخل الوقود | B10: 587332 | C10: ر.س/شهر | D10: هامش 0.15 ر.س/لتر
A11: دخل غير الوقود | B11: 372000 | C11: ر.س/شهر | D11: تأجير + متجر وخدمات
A12: المصاريف | B12: 280000 | C12: ر.س/شهر | D12: رواتب + تشغيل + مرافق + صيانة
A13: تغطية غير الوقود للمصاريف | B13: 1.3285714 | C13: ٪ | D13: المصاريف مغطاة بالكامل من غير الوقود ✅
A14: التقييم | B14: 4.8 | C14: ★ (1150) | D14: الأعلى في المحيط — أصل تسويقي
A15: عدد الوحدات | B15: 14 | C15: وحدة | D15: 13 مؤجّرة · 1 شاغرة
A16: مبيعات المستأجرين | B16: 379000 | C16: ر.س/شهر | D16: الموثّقة — آخر شهر
... A20: المساحة | B20: 120000 | C20: م² | D20: تتيح توسّعاً في الوحدات
A22: مزيج الوقود
A23: المنتج | B23: الحصة | C23: لتر/شهر | D23: قراءة
A24: بنزين 91 | B24: 0.357 | C24: =B24*'نموذج المحرّكات'!$B$6 -> 1397850.3
A25: بنزين 95 | B25: 0.362 | C25: =B25*'نموذج المحرّكات'!$B$6 -> 1417428
A26: ديزل | B26: 0.281 | C26: =B26*'نموذج المحرّكات'!$B$6 -> 1100268.7 | D26: حصة الديزل المرتفعة تُثبت وجود أساطيل تشتري بلا عقد

Sheet التشخيص
A1: التشخيص — أين المسألة فعلاً
A2: المشكلة ليست جودة المحطة، بل أن حجمها غير مؤمَّن وعميلها غير معروف
A4: # | B4: الملاحظة | C4: الدليل من البيانات | D4: الأثر
A5: ١ | B5: صفر لتر متعاقد عليه | C5: حصة الديزل 28.1٪ تُثبت وجود أساطيل تشتري — بلا عقد | D5: تقلّب الحجم الذي نراه
A6: ٢ | B6: العميل مجهول الهوية | C6: نقدي ٥٣٪ · التطبيق 0.6٪ | D6: لا أداة لاستعادة العميل أو استهدافه
A7: ٣ | B7: فجوة مرساة القهوة | C7: بترومين لديه تيم هورتنز (1114 تقييم) ولا نظير لدينا | D7: حركة تُفقد للمنافس
A8: ٤ | B8: تغذية ذاتية محتملة | C8: فرع درب ثانٍ في نفس الحي (4.9★/755) | D8: جزء من التراجع قد يكون داخلياً
A9: ٥ | B9: أصل غير مُستثمَر | C9: تغطية غير الوقود ١٣٣٪ — المصاريف مغطاة بالكامل | D9: كل لتر إضافي ربح شبه صافٍ

Sheet خطط الإدارات
A1: خطط الإدارات الأربع
A2: المبادرات والمؤشرات لكل إدارة — المسؤول والحالة تُعبَّأ عند الاعتماد
A4: الإدارة | B4: الهدف | C4: المبادرات | D4: المؤشرات | E4: المسؤول | F4: الحالة
A5: ⛽ مبيعات الوقود | B5: وقف التراجع واستعادة 4.5 مليون لتر/شهر | C5: تأمين 305 ألف لتر متعاقد · ضمان توفّر الديزل · مسار سريع للشاحنات والحافلات · تكثيف التشغيل حول ذروة 17:00 والخميس | D5: اللترات · نسبة الحجم المتعاقد · حصة الديزل · زمن الخدمة
A6: 🏪 التأجير | B6: سدّ فجوة المرساة ورفع مبيعات المستأجرين | C6: تأجير الوحدة الشاغرة لمرساة قهوة عالمية (أولوية قصوى) · مراجعة تسعير المستأجرين فوق ١٥٪ · تحويل العقود إلى ثابت + نسبة من المبيعات | D6: الإشغال · مبيعات المستأجر · نسبة الإيجار · مبيعات/م²
A7: 🤝 الشراكات | B7: تحويل الجوار التجاري إلى عقود | C7: إغلاق ميداء (تواصل جارٍ) · فتح المراعي وi كومكس · اتفاقية سيارة اب كمنصّة تفتح محفظة مكاتب التأجير · ريتاج مورّد تموين للمستأجرين | D7: اللترات المتعاقدة · عدد العقود · قيمة خط الأنابيب المُغلق
A8: 📣 التسويق | B8: حصة التطبيق 0.6٪ → ٥٪ وتحويل التقييم إلى حركة | C8: تفعيل التطبيق عند المضخة بحافز لموظف المحطة · عروض حول ذروة 17:00 والخميس · تكرار نموذج «المذاق المغربي» (+9.5٪ بتمويل الشريك) · حملات موسم العمرة | D8: حصة التطبيق · المستخدمون النشطون · أثر الحملة على الزيارات
A10: ميزانية الترويج
A11: البند | B11: الحصة
A12: تفعيل التطبيق | B12: 0.5
A13: حملات مشتركة مع المستأجرين | B13: 0.2
A14: ترويج B2B مباشر | B14: 0.2
A15: الدليل المادي والهوية | B15: 0.1
A16: المجموع | B16: =SUM(B12:B15) -> 1

Sheet المستهدفات
A1: المستهدفات — ١٢ شهراً
A2: مرتبطة بنموذج المحرّكات · الفجوة تُحسب تلقائياً
A4: المؤشر | B4: الأساس | C4: المستهدف | D4: الفجوة | E4: ملاحظة
A5: حجم الوقود (لتر/شهر) | B5: ='نموذج المحرّكات'!B6 -> 3915547 | C5: ='نموذج المحرّكات'!B7 -> 4500000 | D5: =IFERROR(C5-B5,"") -> 584453 | E5: ٥٢٪ من الفجوة تُسدّ بعقود مؤمَّنة
A6: الحجم المتعاقد (أساطيل) | B6: 0 | C6: ='نموذج المحرّكات'!B19 -> 305000 | D6: =IFERROR(C6-B6,"") -> 305000 | E6: من صفر إلى حجم مؤمَّن — جوهر التحوّل
A7: حصة التطبيق | B7: 0.006 | C7: 0.05 | D7: =IFERROR(C7-B7,"") -> 0.044 | E7: تمكيني — شرط لقياس واستهداف الباقي
A8: الوحدات الشاغرة | B8: 1 | C8: 0 | D8: =IFERROR(C8-B8,"") -> -1 | E8: مرساة القهوة العالمية
A9: الصافي (ر.س/شهر) | B9: ='نموذج المحرّكات'!B10 -> 679332 | C9: ='نموذج المحرّكات'!B33 -> 794999.95 | D9: =IFERROR(C9-B9,"") -> 115667.95 | E9: ‎+١٧٪
A10: الربح لكل زيارة (ر.س) | B10: ='نموذج المحرّكات'!B35 -> 5.3166269 | C10: ='نموذج المحرّكات'!B36 -> 6.221874 | D10: =IFERROR(C10-B10,"") -> 0.90524711 | E10: المؤشر المشترك للإدارات الأربع
A11: التقييم | B11: 4.8 | C11: 4.8 | D11: =IFERROR(C11-B11,"") -> 0 | E11: حماية الأصل التسويقي الأقوى
A13: نسبة الإيجار للمستأجرين المتجاوزين (الصحّي ≤ ١٥٪)
A14: المستأجر | B14: مبيعات آخر شهر | C14: الإيجار | D14: نسبة الإيجار | E14: الإجراء
A15: ماكدونالدز | B15: 92000 | C15: 15000 | D15: =IFERROR(C15/B15,"") -> 0.16304348 | E15: =IF(D15>0.15,"مراجعة التسعير","سليم") -> مراجعة التسعير
A16: المذاق المغربي | B16: 58000 | C16: 10000 | D16: =IFERROR(C16/B16,"") -> 0.17241379 | E16: =IF(D16>0.15,"مراجعة التسعير","سليم") -> مراجعة التسعير
A17: رو (Raw) | B17: 44000 | C17: 9000 | D17: =IFERROR(C17/B17,"") -> 0.20454545 | E17: =IF(D17>0.15,"مراجعة التسعير","سليم") -> مراجعة التسعير
A18: بنده | B18: 185000 | C18: 22000 | D18: =IFERROR(C18/B18,"") -> 0.11891892 | E18: =IF(D18>0.15,"مراجعة التسعير","سليم") -> سليم

Sheet خارطة الطريق
A1: خارطة الطريق — أربعة أرباع
A2: المسؤول والحالة تُعبَّآن عند الاعتماد
A4: الربع | B4: التركيز | C4: المخرجات | D4: المسؤول | E4: الحالة | F4: ملاحظات
A5: الربع ١ | B5: 🔒 تأمين الحجم | C5: إغلاق عقد ميداء · إطلاق تفعيل التطبيق عند المضخة بحافز · بدء التفاوض مع المراعي وi كومكس · طرح الوحدة الشاغرة لمرساة القهوة
A6: الربع ٢ | B6: 📈 التوسّع | C6: توقيع سيارة اب والتكاسي · افتتاح مرساة القهوة · مراجعة تسعير المستأجرين المتجاوزين · أول حملة مشتركة ممولة من شريك
A7: الربع ٣ | B7: 💰 التسييل | C7: باقات «تعبئة + وجبة» عبر التطبيق · بيع وصول التطبيق للمستأجرين · عروض مخصّصة بالشريحة
A8: الربع ٤ | B8: 🔁 الترسيخ | C8: تجديد عقود الأساطيل بحجوم أعلى · قياس الربح/الزيارة · تعميم النموذج على منافذ الممر

Sheet المخاطر
A1: سجل المخاطر
A2: الاحتمال والتخفيف — يُراجَع ربعياً
A4: المخاطرة | B4: الاحتمال | C4: الأثر | D4: التخفيف | E4: المالك
A5: استمرار تراجع الحركة العابرة | B5: متوسط | C5: عالٍ | D5: العقود تُثبّت جزءاً من الحجم بمعزل عن الحركة
A6: التغذية الذاتية مع فرع درب الثاني | B6: متوسط | C6: متوسط | D6: إدارة الحيّ كمحفظة واحدة لا كمحطتين متنافستين
A7: تعذّر جذب مرساة قهوة عالمية | B7: متوسط | C7: متوسط | D7: بديل: مشغّل قهوة مختصة قوي محلياً بعقد نسبة من المبيعات
A8: بطء تبنّي التطبيق | B8: عالٍ | C8: عالٍ | D8: حافز مباشر لموظف المحطة + قيمة فورية للعميل عند التفعيل
A9: ضغط سعري من الدريس | B9: عالٍ | C9: متوسط | D9: المنافسة على الخدمة والمرافق والمرساة — لا على سعر مقنَّن

Sheet القرارات المطلوبة
A1: القرارات المطلوبة من الإدارة التنفيذية
A2: تُعتمد أو تُعدَّل في الاجتماع
A4: # | B4: القرار | C4: الأثر إن اعتُمد | D4: القرار (اعتماد/تعديل/تأجيل) | E4: ملاحظات
A5: ١ | B5: اعتماد الأولوية: عقود الأساطيل أولاً — وتفويض التفاوض بخصم حجمي | C5: تأمين ٥٢٪ من فجوة الحجم
A6: ٢ | B6: اعتماد حافز تفعيل التطبيق لموظفي المحطة | C6: يفتح قياس واستهداف كل ما بعده
A7: ٣ | B7: اعتماد نموذج الإيجار «ثابت + نسبة من مبيعات المستأجر» | C7: يربط دخلنا بنجاح المستأجر ويضمن استدامته
A8: ٤ | B8: تسمية مالك المنفذ (P&L Owner) للعمرة الجديدة | C8: مسؤول واحد عن ربح المحطة الكامل
A9: ٥ | B9: اعتماد مستهدف حصة التطبيق (٥٪) والربح لكل زيارة | C9: مؤشرات المتابعة المشتركة
