Workbook

Sheet الدليل
A1: نموذج الخطة التنفيذية — الإدارة التجارية
A2: منافذ البيع في الشركة · تحليل كل منفذ · المنافس المسيطر عليه
B4: الغرض | C4: الإدارة التجارية مسؤولة عن كل منفذ بيع في الشركة. المحطة ليست منفذاً واحداً بل حاوية لاثني عشر منفذاً. هذا النموذج يحصر المنافذ، ويحدّد المسيطر على كل منها، ويحوّل ذلك إلى مستهدفات ومبادرات بمسؤول وتاريخ.
B6: الأوراق
B7: منافذ البيع | C7: المصفوفة الأم — 12 منفذاً × 3 قنوات × المنافس المسيطر. مرجع لا يُعبّأ.
B8: المنافسون | C8: بطاقة كل منافس: حجمه · ما يسيطر عليه · مصدر قوته · ردّنا.
B9: الخطة التنفيذية | C9: الورقة الأساسية — خط الأساس والمستهدف والفجوة والمالك لكل منفذ.
B10: المستهدفات الربعية | C10: توزيع المستهدف على أربعة أرباع (تراكمي).
B11: المبادرات | C11: خارطة التنفيذ — مبادرة · مسؤول · تاريخ · حالة.
B12: منفذ ٢ — العقار | C12: تفصيل الشواغر والعلامات — الأولوية الأولى.
B13: منفذ ٤ — الإكسسوارات | C13: السوق واللاعبون وقرار التأجير مقابل التشغيل.
B14: دليل الألوان | C14: حصص محطات المملكة وأين نقف.
B15: أصفر + خط أزرق | C15: خانة تُعبّأ يدوياً — هذه وحدها التي تُكتب فيها
B16: خط أسود | C16: صيغة محسوبة تلقائياً — لا تُكتب فوقها
B17: خط أخضر | C17: مرتبط بورقة أخرى في نفس الملف
B18: رمادي مائل | C18: صف مثال توضيحي — يُحذف قبل الاعتماد
B20: حالة المنفذ
B21: قائم | C21: نبيع فيه فعلاً اليوم
B22: ضعيف | C22: موجود بأداء دون المستوى أو بلا عقد
B23: غائب | C23: لا نبيع فيه إطلاقاً — أو المنافس يحتكره
B24: حاسمة | C24: القناة التي يُحسم فيها المنفذ
B25: لا ينطبق | C25: المنفذ لا يُباع عبر هذه القناة أصلاً
B27: فترة البيانات | C27: 1 يناير – 30 يونيو 2026 · 12 رجب 1447 – 15 محرّم 1448 · 181 يوماً (شاملة رمضان والحج 1447). الأرقام السنوية إسقاط لا واقع مُحقَّق — وهي حدّ أعلى لأن النصف الأول يحتوي موسمَي الذروة.
B28: المصدر | C28: ملفات الشركة: analytics.csv · stations.csv · leasing-own.csv · leasing-franchise.csv. أرقام المنافسين من مصادر معلنة موثّقة في ورقة «المنافسون».

Sheet منافذ البيع
A1: منافذ البيع في الشركة
A2: كل منفذ × ثلاث قنوات × المنافس المسيطر — مصفوفة مرجعية
A3: # | B3: منفذ البيع | C3: تجزئة | D3: شركات | E3: وسطاء | F3: القناة الحاسمة | G3: المنافس المسيطر | H3: حجم المنافس | I3: وضعنا اليوم | J3: الفجوة | K3: الإدارة المالكة | L3: الأولوية
A4: 1 | B4: الوقود | C4: قائم | D4: ضعيف | E4: غائب | F4: تجزئة | G4: الدريس | H4: 1,383 محطة · 18.95% حصة (الربع الثاني 2026) | I4: ~126 محطة تحت الهوية · فاتورة 56.9 ر | J4: حجم أساطيل قائم بلا عقد | K4: مبيعات الوقود
A5: 2 | B5: العقار والتأجير | C5: لا ينطبق | D5: قائم | E5: حاسمة | F5: وسطاء | G5: لا مسيطر | H5: سوق مجزّأ — لا سلسلة مهيمنة · 190 علامة في محفظتنا | I5: إشغال 25% · 96 وحدة شاغرة · 20 محطة مفتوحة بلا نشاط | J5: 96 وحدة شاغرة + 52 محطة تحت الإنشاء | K5: التأجير | L5: 1
A6: 3 | B6: خدمات السيارات | C6: قائم | D6: غائب | E6: غائب | F6: شركات | G6: بترومين إكسبرس | H6: 650–700 فرع | I6: 39 محطة — بعلامة الشريك لا بعلامتنا | J6: 85 محطة مملوكة بلا خدمة | K6: الشراكات | L6: 4
A7: 4 | B7: الإكسسوارات والزينة | C7: غائب | D7: غائب | E7: لا ينطبق | F7: تجزئة | G7: لا مسيطر | H7: مجزّأ — متاجر إلكترونية وأسواق تقليدية | I7: صفر | J7: المنفذ كامل غير مُفعّل | K7: التأجير
A8: 5 | B8: التطبيق والولاء — أفراد | C8: ضعيف | D8: لا ينطبق | E8: حاسمة | F8: وسطاء | G8: النقد (البديل) · ساسكو وقوستيشن (تطبيقات أفراد) | H8: 62.6% نقداً · ساسكو ~683 محطة · قوستيشن 12 محطة | I8: 0.28% حصة التطبيق · 43 محطة بصفر | J8: لا نعرف من اشترى | K8: التسويق | L8: 6
A9: 6 | B9: منصات إنفاق الأساطيل — شركات | C9: لا ينطبق | D9: غائب | E9: غائب | F9: وسطاء | G9: بترو آب · سيارة آب · Fleet Plus · واعي وكنترول (بطاقات) | H9: بترو آب: 500 ألف مركبة · 10 آلاف منشأة · 5,000 محطة قبول | I9: خارج الشبكة | J9: وسيط يفصلنا عن العميل | K9: الشراكات | L9: 3
A10: 7 | B10: المساحات الإعلانية | C10: لا ينطبق | D10: غائب | E10: غائب | F10: شركات + وسطاء | G10: العربية للإعلان الخارجي | H10: 62–66% حصة · 4,942 لوحة | I10: صفر إيراد موثّق | J10: 355 موقعاً بلا إيراد إعلاني | K10: التسويق | L10: 2
A11: 8 | B11: الامتياز والتوريد | C11: لا ينطبق | D11: ضعيف | E11: لا ينطبق | F11: شركات | G11: الدريس | H11: الأسرع في ضمّ المحطات المستقلة | I11: 231 محطة في المنظومة · 31 مكتملة الهوية | J11: 200 محطة علامتها غير مُسلَّمة | K11: الشراكات | L11: 5
A12: 9 | B12: الشحن الكهربائي | C12: غائب | D12: غائب | E12: حاسمة | F12: وسطاء | G12: EVIQ | H12: 5,000+ شاحن في 1,000 موقع · شراكة PIF والسعودية للكهرباء | I12: صفر | J12: النافذة تُغلق | K12: الشراكات | L12: 7
A13: 10 | B13: الديزل بالجملة والتوصيل | C13: لا ينطبق | D13: غائب | E13: لا ينطبق | F13: شركات | G13: الدريس · بترومين | H13: يملكان أسطول النقل — وهو حاجز الدخول | I13: صفر | J13: محطات ديزل عالية بلا توزيع | K13: مبيعات الوقود
A14: 11 | B14: الخدمات المالية والخزائن | C14: لا ينطبق | D14: ضعيف | E14: لا ينطبق | F14: شركات | G14: البنوك (طرف مقابل لا منافس) | H14: بدائل مواقع كثيرة أمامها | I14: 6 مواقع من 124 محطة | J14: 118 محطة بلا خدمة مالية | K14: الشراكات
A15: 12 | B15: المساحات اللوجستية والمواقف | C15: لا ينطبق | D15: غائب | E15: لا ينطبق | F15: شركات | G15: مشغّلو المواقف والمستودعات | H15: سوق مجزّأ | I15: غير مُستثمر · مواقع تصل 5,420 م² | J15: أرض مملوكة بلا إيراد | K15: التأجير
B16: الإجمالي | C16: =COUNTIF(C4:C15,"قائم")&" قائم / "&COUNTIF(C4:C15,"غائب")&" غائب" -> 2 قائم / 2 غائب | D16: =COUNTIF(D4:D15,"قائم")&" قائم / "&COUNTIF(D4:D15,"غائب")&" غائب" -> 1 قائم / 7 غائب | E16: =COUNTIF(E4:E15,"قائم")&" قائم / "&COUNTIF(E4:E15,"غائب")&" غائب" -> 0 قائم / 4 غائب
B18: القراءة الأفقية: عمود «شركات» شبه فارغ — وهذه هي الفجوة كلها. وثلاث خلايا حاسمة في عمود الوسطاء نحن غائبون عنها.
B19: القاعدة الحاكمة: القناة التي لا نملك فيها العلاقة تُدرّ حجماً اليوم وتُفقدنا التسعير غداً.
B20: أضعف منافذنا هي أقلّها منافسة — التأجير والإعلان والزينة: لا مسيطر فيها، ونحن غائبون.

Sheet المنافسون
A1: تحليل المنافسين
A2: من يسيطر على كل منفذ — وبأي مصدر قوة
A3: # | B3: المنافس | C3: النوع | D3: الحجم | E3: المنافذ التي يسيطر عليها | F3: مصدر قوته | G3: نقطة ضعفه | H3: الردّ المقترح | I3: المصدر
A4: 1 | B4: الدريس | C4: مشغّل محطات | D4: 1,383 محطة · 18.95% حصة (Q2 2026) · +83 محطة في النصف الأول 2026 · ربح صافٍ 421.8 مليون ريال 2025 (+22%) | E4: الوقود · الامتياز والتوريد · الديزل بالجملة · البطاقات (واعي) | F4: الحجم والانتشار وسرعة ضمّ المستقلين · واعي يثبّت الأسطول بحاجز تقني | G4: أدواته محصورة في شبكته — واعي لا يعمل خارج محطات الدريس | H4: لا ننافسه على اللتر بل على الربح لكل زيارة — ونستحوذ على المنافذ التي لا يلعب فيها | I4: argaam.com — نتائج 2025 وحصص الربع الرابع
A5: 2 | B5: بترو آب (PetroApp) | C5: منصة وساطة | D5: 500,000+ مركبة · 10,000 عميل شركة · 5,000 محطة قبول · تمويل 50 مليون دولار بقيادة جدوى | E5: البطاقات ومنصات الإنفاق · خدمات السيارات (توسّع) · الإكسسوارات (إطارات وبطاريات) | F5: يملك العلاقة مع المنشأة والبيانات وقرار توجيه الحجم — بلا محطة واحدة | G5: لا يملك أصلاً مادياً — يعتمد كلياً على شبكة قبول المحطات | H5: المساران معاً: عقود مباشرة لمن نصله بمندوب، والتقاط الباقي عبر المنصة بعمولة — والحساب يُعاد كل ربع | I5: fintechfutures.com · petroapp.com
A6: 3 | B6: بترومين إكسبرس | C6: سلسلة خدمة | D6: 650–700 فرع | E6: خدمات السيارات | F6: كثافة الفروع والعلامة في الزيوت والصيانة | G6: لا يملك حركة المحطة — يشتريها منّا | H6: نحوّل الـ39 محطة من إيجار إلى نسبة من الخدمة، ونفتح عقود أساطيل دورية في الـ85 الشاغرة | I6: تحليل داخلي
A7: 4 | B7: العربية للإعلان الخارجي | C7: وكالة إعلان | D7: 62–66% حصة السوق · 4,942 لوحة | E7: المساحات الإعلانية | F7: علاقات المعلنين الوطنيين وحصرية المواقع | G7: يشتري مواقع نحن أصحابها — الأصل بيدنا | H7: تأجير الشبكة للوطني عبر وكالة بحد أدنى مضمون + بيع مباشر للمعلن المحلي والمستأجر | I7: تحليل داخلي
A8: 5 | B8: EVIQ | C8: بنية تحتية | D8: 5,000+ شاحن في 1,000 موقع · شراكة صندوق الاستثمارات العامة والسعودية للكهرباء | E8: الشحن الكهربائي | F8: دعم سيادي ورأس مال بنية تحتية | G8: يحتاج مواقع على شرايين الحركة — ونحن نملك 355 | H8: استضافة بعقد موقع لا استثمار في الشواحن — المنتج هو زمن الانتظار لا الشحن | I8: pif.gov.sa
A9: 6 | B9: ساسكو | C9: مشغّل محطات | D9: ~683 محطة (مُقدَّر Q1 2026) · 653 معلن Q4 2025 · الشبكة = ساسكو + نفط منذ 2022 (80% من خدمات النفط بـ1.1 مليار ريال · 233 موقعاً) · +72 (2024) +81 (2025) +30 (Q1 2026) · هدف +100 سنوياً | E9: الوقود · البطاقات (كنترول) · تطبيق الأفراد · الامتياز | F9: ينمو بالاستحواذ على شبكات قائمة لا بالبناء وحده · الوحيد الذي يجمع تطبيق أفراد ناضجاً + كنترول للشركات · نقاط تُستبدل في مطاعم محطاته | G9: أصغر شبكة من الدريس · أدواته محصورة في شبكته | H9: نقلّده في ربط التطبيق بالمستأجرين · وصفقة نفط تسعّر ضمّ الشبكات بنحو 4.7 مليون ريال للموقع — وهو مرجع لتقييم أصولنا غير المفعّلة | I9: sasco.com.sa · argaam.com
A10: 9 | B10: سيارة آب (SyarahApp) | C10: منصة وساطة + شبكة | D10: 2,500+ محطة قبول · NFC · استُحوذ عليها يوليو 2026 من مجموعة تشغّل 1,790+ محطة | E10: منصات إنفاق الأساطيل · الوقود | F10: بعد الصفقة صارت منصة + شبكة معاً — نموذج الدريس بتقنية أحدث وشبكة قبول مفتوحة | G10: الجهة المستحوذة وقيمة الصفقة غير معلنتين · ورقم 1,790 غير موضّح الأساس | H10: متابعة عاجلة — لو صحّ الرقم فهو أكبر مشغّل في المملكة، وقد يغيّر ترتيب السوق كله | I10: dealroom.co · entarabi.com — يوليو 2026
A11: 10 | B11: قوستيشن (GoStation) | C11: مشغّل صغير + تطبيق | D11: 12 محطة · المنطقة الشرقية (الخبر) · شركة هلا السعودية للخدمات البترولية | E11: تطبيق الأفراد (محلياً) | F11: منتج رقمي ناضج: محفظة لكل مركبة · ولاء متدرج · توصيل وقود | G11: 12 محطة — لا وزن سوقي (0.16%) | H11: ليس تهديداً حجمياً بل مرآة: 12 محطة ومنتجه الرقمي أنضج من منتجنا بـ355 | I11: gostation.net · Google Play
A12: 7 | B12: Fleet Plus | C12: منصة وساطة | D12: 5,000+ مزوّد خدمة · وقود وإطارات وزيوت وبطاريات وغسيل بفوترة موحدة | E12: البطاقات ومنصات الإنفاق · خدمات السيارات | F12: حزمة موحّدة ومسارات اعتماد للمنشأة | G12: لا يملك أصولاً — نفس ضعف بترو آب | H12: نفس قاعدة بترو آب: عمولة المنصة لكل لتر مقابل تكلفة قوة البيع المباشرة | I12: تحليل داخلي
A13: 8 | B13: النقد ومدى وآبل باي | C13: بديل سلوكي | D13: 62.6% نقد · 26.1% شبكة من مبيعاتنا | E13: التطبيق والولاء | F13: لا احتكاك — الدفع بلمسة بلا تطبيق | G13: لا يقدّم للعميل أي ميزة تتجاوز الدفع | H13: التطبيق يجب أن يبيع ما لا يُباع بغيره: سعر عضوية · طابور أسرع · رصيد مُهدى · عرض من المستأجر | I13: بيانات الشركة

Sheet حصص السوق
A1: حصص سوق محطات الوقود في المملكة
A2: الربع الثاني 2026 — نفس فترة بياناتنا · إجمالي السوق 7,300 محطة · المصدر: أرقام
B3: إجمالي محطات المملكة | C3: 7300 | D3: الربع الثاني 2026 | E3: 7600 | F3: الربع الرابع 2025 | H3: السوق انكمش 300 محطة — تركّز لا نمو
A4: # | B4: الشركة | C4: محطات Q4 2025 | D4: حصة Q4 2025 | E4: محطات Q2 2026 | F4: حصة Q2 2026 | G4: التغيّر | H4: حالة الرقم | I4: ملاحظة
A5: 1 | B5: الدريس | C5: 1300 | D5: =IFERROR(C5/$E$3,"") -> 0.17105263 | E5: 1383 | F5: =IFERROR(E5/$C$3,"") -> 0.18945205 | G5: =IF(E5="","",E5-C5) -> 83 | H5: معلن | I5: 1,300 (Q4 2025) ← 1,383 (Q2 2026) = +83 محطة في النصف الأول. تنبيه: مصدر صحفي ذكر +183 محطة في 6 أشهر ولا يتصالح مع سلسلة الأرباع — المعتمد هنا هو المحسوب من الحصص المعلنة
A6: 2 | B6: ساسكو | C6: 653 | D6: =IFERROR(C6/$E$3,"") -> 0.085921053 | E6: 683 | F6: =IFERROR(E6/$C$3,"") -> 0.093561644 | G6: =IF(E6="","",E6-C6) -> 30 | H6: مُقدَّر | I6: الشبكة مركّبة: ساسكو + نفط (استحوذت على 80% من خدمات النفط بـ1.1 مليار ريال في يناير 2022 — 233 موقعاً). +30 محطة في Q1 2026 · الرئيس التنفيذي (مايو 2026): الشبكة ≈10% · هدف +100 سنوياً تطويراً أو استحواذاً
A7: 3 | B7: جي أويل | C7: 176 | D7: =IFERROR(C7/$E$3,"") -> 0.023157895 | F7: =IFERROR(E7/$C$3,"") -> 0 | G7: =IF(E7="","",E7-C7) | H7: غير معلن | I7: آخر رقم منشور: الربع الرابع 2025
A8: 4 | B8: مزايا | C8: 173 | D8: =IFERROR(C8/$E$3,"") -> 0.022763158 | F8: =IFERROR(E8/$C$3,"") -> 0 | G8: =IF(E8="","",E8-C8) | H8: غير معلن | I8: آخر رقم منشور: الربع الرابع 2025
A9: 5 | B9: أرامكو | C9: 154 | D9: =IFERROR(C9/$E$3,"") -> 0.020263158 | F9: =IFERROR(E9/$C$3,"") -> 0 | G9: =IF(E9="","",E9-C9) | H9: غير معلن | I9: عبر التسهيلات للتسويق · استحوذت على سهل لخدمات الوقود
B10: مجموع الشركات الرئيسية | C10: =SUM(C5:C9) -> 2456 | D10: =IFERROR(C10/$E$3,"") -> 0.32315789 | I10: أرقام: 32.3% عبر 2,456 محطة في الربع الرابع 2025
B11: المستقلون والأفراد | C11: =$E$3-C10 -> 5144 | D11: =IFERROR(C11/$E$3,"") -> 0.67684211 | I11: السوق القابل للضمّ عبر الامتياز — ملعب المنفذ رقم ٨
B13: أين نقف نحن — الربع الثاني 2026
A14: # | B14: القياس | C14: عدد المحطات | D14: الحصة | E14: — | F14: — | G14: — | H14: الترتيب | I14: ملاحظة
A15: 1 | B15: درب — اسمياً (كل المنظومة) | C15: 355 | D15: =C15/$C$3 -> 0.048630137 | H15: الثالث | I15: أعلى من جي أويل ومزايا وأرامكو — لكنه رقم سجل لا رقم تشغيل
A16: 2 | B16: درب — تحت الهوية (126) | C16: 126 | D16: =C16/$C$3 -> 0.017260274 | H16: الخامس | I16: المحطات التي تحمل علامتنا فعلاً
A17: 3 | B17: درب — مشغّلة بالكامل (80) | C17: 80 | D17: =C17/$C$3 -> 0.010958904 | H17: السادس | I17: 49 استثماري مشغّل + 31 امتياز مكتمل الهوية — الرقم الحقيقي
B19: في النصف الأول 2026 — نفس فترة بياناتنا بالضبط — أضافت الدريس 83 محطة ورفعت حصتها من 17.11% إلى 18.95%. ونحن في الفترة نفسها: ميزان صافٍ −43.8 مليون ريال.
B20: السوق انكمش من 7,600 إلى 7,300 محطة بينما كبر الكبار — أي أن المستقلين يخرجون ويُضَمّون. هذا يفتح نافذة المنفذ رقم ٨ (الامتياز) ويغلقها في آن.
B21: الفارق بين «355» و«80» هو الفارق بين المركز الثالث والسادس — وهو نفس الغموض في رقم «1,790 محطة» بصفقة سيارة آب. كل رقم شبكة هنا يجب أن يُسأل: مملوكة أم امتياز أم موردة؟
B22: مرجع تسعير: ساسكو دفعت 1.1 مليار ريال مقابل 80% من نفط (233 موقعاً) — أي نحو 4.7 مليون ريال للموقع. فما قيمة الـ200 محطة امتياز في منظومتنا التي لم تكتمل هويتها؟ أصول بأيدينا لم تُفعَّل.

Sheet التطبيقات والمنصات
A1: التطبيقات والمنصات والبطاقات — التصنيف الصحيح
A2: ثلاثة أنواع تُخلط عادةً وهي مختلفة جوهرياً: تطبيق أفراد · منصة شركات · بطاقة/شريحة
A4: # | B4: الاسم | C4: المالك/المشغّل | D4: الفئة | E4: التقنية | F4: محطات المالك | G4: شبكة القبول | H4: % من المملكة | I4: التغطية الجغرافية | J4: الحجم المعلن | K4: مصدر القوة | L4: نقطة الضعف | M4: الخطر علينا
A5: 1 | B5: ساسكو | C5: ساسكو (مشغّل) | D5: أفراد | E5: QR + محفظة رقمية + نقاط | F5: 683 | G5: 683 | H5: =IFERROR(G5/'حصص السوق'!$C$3,"") -> 0.093561644 | I5: محطات ساسكو ونخلة ومغاسل أوتوسبا — وطني | J5: غير معلن | K5: شبكة مملوكة + نقاط تُستبدل في مطاعم ومقاهي المحطة | L5: محصور في شبكته — لا يعمل خارجها | M5: يضع معيار تجربة أعلى من تطبيقنا لعميل الأفراد نفسه
A6: 2 | B6: قوستيشن | C6: هلا السعودية (مشغّل) | D6: أفراد | E6: محفظة + ولاء متدرج (برونزي→بلاتيني) + توصيل وقود | F6: 12 | G6: 12 | H6: =IFERROR(G6/'حصص السوق'!$C$3,"") -> 0.0016438356 | I6: المنطقة الشرقية — الخبر | J6: غير معلن | K6: منتج رقمي ناضج: محفظة لكل مركبة + توصيل وقود + مستويات عضوية | L6: 12 محطة فقط — لا وزن سوقي | M6: إشارة تحذير: 12 محطة ومنتجه الرقمي أنضج من منتجنا بـ355
A7: 3 | B7: أرامكو | C7: التسهيلات للتسويق | D7: أفراد | E7: تطبيق محطات | F7: 154 | G7: 154 | H7: =IFERROR(G7/'حصص السوق'!$C$3,"") -> 0.02109589 | I7: وطني | J7: غير معلن | K7: العلامة والدعم المؤسسي · استحوذت على سهل لخدمات الوقود | L7: حديث الدخول في التجزئة | M7: منافس صاعد بعلامة لا تُقاوَم
A8: 4 | B8: درب (نحن) | C8: درب | D8: أفراد | E8: تطبيق + تانكي | F8: 355 | G8: 355 | H8: =IFERROR(G8/'حصص السوق'!$C$3,"") -> 0.048630137 | I8: مكة · جدة · الطائف · جازان · الشرقية · الخرج · القصيم | J8: 0.28% من الإيراد · 43 محطة بصفر | K8: نملك الزيارة: 22.5 مليون زيارة سنوياً | L8: 0.28% — التطبيق ميت عملياً · 62.6% نقد | M8: —
A9: 5 | B9: بترو آب | C9: مستقلة — بقيادة جدوى للاستثمار | D9: شركات | E9: NFC | F9: 0 | G9: 5000 | H9: =IFERROR(G9/'حصص السوق'!$C$3,"") -> 0.68493151 | I9: كل مناطق المملكة + مصر وتايلاند ونيجيريا | J9: 500,000+ مركبة · 10,000 عميل شركة | K9: يملك العلاقة والبيانات وقرار توجيه الحجم — بلا محطة واحدة · تمويل 50 مليون دولار · طرح مستهدف 2028 | L9: لا يملك أصلاً مادياً — يعتمد كلياً على شبكة قبول المحطات | M9: الأخطر: مقبول في نحو ثلثي محطات المملكة ويحوّلنا إلى نقطة تنفيذ
A10: 6 | B10: سيارة آب | C10: استُحوذ عليها — مجموعة 1,790+ محطة | D10: شركات | E10: NFC | F10: 1790 | G10: 2500 | H10: =IFERROR(G10/'حصص السوق'!$C$3,"") -> 0.34246575 | I10: وطني | J10: غير معلن | K10: صار له أصول بعد الصفقة (يوليو 2026): منصة + شبكة محطات معاً | L10: الجهة المستحوذة غير معلنة وقيمة الصفقة غير معلنة | M10: الخطر الجديد: نموذج المنصة+الشبكة يفوق الدريس عدداً لو صحّ الرقم
A11: 7 | B11: Fleet Plus | C11: مستقلة | D11: شركات | E11: فوترة موحدة + مسارات اعتماد | F11: 0 | G11: 5000 | H11: =IFERROR(G11/'حصص السوق'!$C$3,"") -> 0.68493151 | I11: وطني | J11: 5,000+ مزوّد خدمة | K11: حزمة موحّدة: وقود وإطارات وزيوت وبطاريات وغسيل | L11: لا يملك أصولاً — نفس ضعف بترو آب | M11: يقطع محفظتَي الوقود وخدمات السيارات معاً
A12: 8 | B12: واعي | C12: الدريس | D12: شركات | E12: RFID داخل فوهة المضخة — ليس تطبيقاً | F12: 1383 | G12: 1383 | H12: =IFERROR(G12/'حصص السوق'!$C$3,"") -> 0.18945205 | I12: وطني | J12: غير معلن | K12: تعبئة آلية بلا تدخل بشري + تعريف المركبة في الفوهة + منع الغش | L12: محصور في شبكة الدريس فقط | M12: يثبّت أسطول العميل داخل شبكة الدريس بحاجز تقني
A13: 9 | B13: كنترول | C13: ساسكو | D13: شركات | E13: شرائح RFID + بطاقات | F13: 683 | G13: 683 | H13: =IFERROR(G13/'حصص السوق'!$C$3,"") -> 0.093561644 | I13: وطني | J13: غير معلن | K13: ضبط إنفاق ناضج مربوط بشبكة ساسكو | L13: محصور في شبكة ساسكو فقط | M13: يثبّت الأسطول المتوسط داخل شبكة ساسكو
B15: التصنيف الذي يجب ألا يُخلط | C15: «واعي» بطاقة/شريحة لا تطبيق — قارئ RFID داخل فوهة المضخة يعرّف المركبة ويعبّئ آلياً. ومقارنته بتطبيق أفراد خطأ تصنيفي يقود إلى قرار خاطئ.
B16: النمط الحاسم | C16: المشغّلون (الدريس · ساسكو) بنوا أدوات محصورة في شبكاتهم — واعي يعمل في محطات الدريس فقط. أما المنصات المستقلة فبنت شبكات تتجاوز أي مشغّل: بترو آب مقبولة في نحو ثلثي محطات المملكة بلا أن تملك محطة واحدة. الأداة المحصورة تحمي حصة قائمة؛ والمنصة المفتوحة تأخذ حصة الجميع.
B17: ما تغيّر في يوليو 2026 | C17: سيارة آب كانت منصة بلا أصول، وبعد الاستحواذ صارت منصة + شبكة معاً — أي نموذج الدريس لكن بتقنية أحدث وشبكة قبول مفتوحة. هذا يجعل نموذج «منصة تملك محطات» هو المسار الرابح، وهو بالضبط ما نملك مقوّماته ولا نستخدمه.
B18: الخلاصة لنا | C18: لسنا متأخرين في التطبيق فحسب — نحن في السباق الخطأ. منتجنا B2C دفع وولاء (0.28%)، والمعركة الفعلية B2B ضبط إنفاق. ومقارنة 0.28% بـ500 ألف مركبة مقارنة خاطئة من أساسها: السؤال الصحيح هو من يملك عقد الأسطول.

Sheet منفذ ٢ — العقار والتأجير
A1: منفذ ٢ — العقار والتأجير
A2: أكبر فجوة × لا مسيطر · الأولوية الأولى · بيانات الربع الأول 2026
B3: ⚠ تصحيح | C3: ملف الامتياز يحتوي صف «اجمالي محطات الربع الاول» مدمجاً مع صفوف المحطات. جمعه مع الصفوف ضاعف الأرقام. الصحيح: 128 وحدة و96 شاغرة — لا 256 و192. ونسبة الإشغال 25% لم تتغيّر، ولهذا مرّ الخطأ.
A4: # | B4: محطة الامتياز | C4: المدينة | D4: وحدات | E4: مؤجّر | F4: شاغر | G4: الإشغال | H4: أنواع الوحدات الشاغرة
A5: 1 | B5: الظبيه | C5: الظبية | D5: 31 | E5: 1 | F5: =D5-E5 -> 30 | G5: =IFERROR(E5/D5,"") -> 0.032258065 | H5: ◄ غير مصنّفة
A6: 2 | B6: خيبر بيشة | C6: خيبر | D6: 12 | E6: 0 | F6: =D6-E6 -> 12 | G6: =IFERROR(E6/D6,"") -> 0 | H6: ◄ غير مصنّفة
A7: 3 | B7: طريق السلام | C7: المدينة المنورة | D7: 11 | E7: 0 | F7: =D7-E7 -> 11 | G7: =IFERROR(E7/D7,"") -> 0 | H7: ◄ غير مصنّفة
A8: 4 | B8: الحزام الجنوبي | C8: جازان | D8: 7 | E8: 0 | F8: =D8-E8 -> 7 | G8: =IFERROR(E8/D8,"") -> 0 | H8: كشك2 \ محلات5
A9: 5 | B9: الحزم | C9: جدة | D9: 7 | E9: 0 | F9: =D9-E9 -> 7 | G9: =IFERROR(E9/D9,"") -> 0 | H9: ◄ غير مصنّفة
A10: 6 | B10: الأمير سعود | C10: حائل | D10: 10 | E10: 5 | F10: =D10-E10 -> 5 | G10: =IFERROR(E10/D10,"") -> 0.5 | H10: كشك \ محل \ درايف ثرو3
A11: 7 | B11: نجم الدين الايوبي | C11: الرياض | D11: 7 | E11: 3 | F11: =D11-E11 -> 4 | G11: =IFERROR(E11/D11,"") -> 0.42857143 | H11: كشك2 \ محل2
A12: 8 | B12: العزيزية خميس مشيط | C12: خميس مشيط | D12: 6 | E12: 3 | F12: =D12-E12 -> 3 | G12: =IFERROR(E12/D12,"") -> 0.5 | H12: كشك \ محل \ زيوت
A13: 9 | B13: السفير 4 ( الهدا ) | C13: الخرج | D13: 11 | E13: 8 | F13: =D13-E13 -> 3 | G13: =IFERROR(E13/D13,"") -> 0.72727273 | H13: مطعم \ محل \ صراف
A14: 10 | B14: بترولايز - الياقوت | C14: جدة | D14: 3 | E14: 0 | F14: =D14-E14 -> 3 | G14: =IFERROR(E14/D14,"") -> 0 | H14: ورشة \ محل \ صراف
A15: 11 | B15: طريق احد | C15: القطيف | D15: 2 | E15: 0 | F15: =D15-E15 -> 2 | G15: =IFERROR(E15/D15,"") -> 0 | H15: كشك \ محل
A16: 12 | B16: اكويلا فيول | C16: جده | D16: 2 | E16: 0 | F16: =D16-E16 -> 2 | G16: =IFERROR(E16/D16,"") -> 0 | H16: كشك2
... A22: 18 | B22: بترولايز- طيبة | C22: جدة | D22: 1 | E22: 0 | F22: =D22-E22 -> 1 | G22: =IFERROR(E22/D22,"") -> 0 | H22: سوبرماركت
B23: الإجمالي | D23: =SUM(D5:D22) -> 128 | E23: =SUM(E5:E22) -> 32 | F23: =SUM(F5:F22) -> 96 | G23: =IFERROR(E23/D23,"") -> 0.25
B25: المحطات المملوكة — 123 محطة
A26: # | B26: الحالة | C26: العدد | D26: بنشاط | E26: بلا نشاط | H26: القراءة
A27: 1 | B27: مفتوحة (Open) | C27: 71 | D27: 51 | E27: 20 | H27: الفجوة الفعلية القابلة للعلاج الآن
A28: 2 | B28: تحت الإنشاء (In progress) | C28: 52 | D28: 0 | E28: 52 | H28: ليست فجوة بل خط أنابيب — يُتعاقَد لها قبل الافتتاح
B30: محفظة العلامات — التفتّت
A31: # | B31: الفئة | C31: محطات | D31: علامات | E31: الأكثر تكراراً | F31: مرات | G31: تركّز | H31: القراءة
A32: 1 | B32: مطاعم | C32: 26 | D32: 48 | E32: ماكدونالدز | F32: 7 | G32: =IFERROR(F32/C32,"") -> 0.26923077 | H32: مفتّت — بلا قوة تفاوضية
A33: 2 | B33: كافيهات | C33: 42 | D33: 67 | E33: بون | F33: 12 | G33: =IFERROR(F33/C33,"") -> 0.28571429 | H33: مفتّت — بلا قوة تفاوضية
A34: 3 | B34: ماركت | C34: 40 | D34: 23 | E34: فريش واي | F34: 17 | G34: =IFERROR(F34/C34,"") -> 0.425 | H34: علامة واحدة في 40% من المحطات — النموذج الوحيد القابل للتكرار
A35: 4 | B35: أخرى | C35: 6 | D35: 6 | E35: Redbox | F35: 1 | G35: =IFERROR(F35/C35,"") -> 0.16666667 | H35: خمس علامات فقط — ولا واحدة متكررة
A36: 5 | B36: خدمات سيارات | C36: 39 | D36: 46 | E36: بترومين | F36: 11 | G36: =IFERROR(F36/C36,"") -> 0.28205128 | H36: مفتّت — بلا قوة تفاوضية
B38: الفجوة الحقيقية | C38: 20 محطة مفتوحة بلا أي نشاط تجاري (من 71 مفتوحة) + 96 وحدة شاغرة في الامتياز. وليست 73 محطة كما بدا أولاً — لأن 52 من الـ72 الخالية لم تفتح بعد.
B39: الفرصة الأكبر ليست علاجاً بل استباقاً | C39: 52 محطة تحت الإنشاء بلا نشاط. التعاقد لها قبل الافتتاح أرخص وأسرع من ملء محطة عاملة — ويجنّبنا تكرار الفجوة نفسها بعد سنتين.
B40: 62% من الشواغر غير مصنّفة | C40: 60 من 96 وحدة شاغرة بلا نوع مسجَّل — وكلها في المحطات الأربع الأكبر شغوراً (الظبية 30 · خيبر بيشة 12 · طريق السلام 11 · الحزم 7). لا يمكن تسويق ما لم يُحصر.
B41: الظبية وحدها ربع المشكلة | C41: 31 وحدة ووحدة واحدة مؤجّرة (3.2%). أكبر تجمّع وحدات لدينا وأقلّها إشغالاً — تستحق ملف تسويق مستقل قبل أي مبادرة شبكية.
B42: محفظة العلامات مفتّتة | C42: 190 علامة مختلفة عبر خمس فئات — 67 علامة كافيه في 42 محطة وحدها. لا اتفاقيات إطارية ولا قوة تفاوضية ولا اتساق تجربة. الاستثناء: فريش واي في 17 محطة.

Sheet منفذ ٤ — الإكسسوارات
A1: منفذ ٤ — الإكسسوارات والزينة
A2: لا مسيطر · نحن بصفر · القرار الحاسم: نؤجّر أم نشغّل؟
A3: # | B3: البند | C3: القيمة | D3: المصدر | G3: الملاحظة
A4: 1 | B4: حجم سوق قطع الغيار والإكسسوارات | C4: 19.4 – 50 مليار ريال | D4: تقديرات متباينة | G4: الفارق كبير بين المصادر — يُعتمد كنطاق لا كرقم
A5: 2 | B5: التوقع 2030 | C5: 39 مليار ريال | D5: تقدير سوقي | G5: نمو مركّب ~7.8% سنوياً
A6: 3 | B6: أعلى فئة إيراداً | C6: الإطارات | D6: تحليل السوق | G6: وهي أيضاً الأعلى سلةً والأكثر مقارنةً سعرياً
A7: 4 | B7: الأسرع دوراناً وأفضل هامشاً | C7: بطاريات · فلاتر · فرامل · زيوت | D7: تحليل السوق | G7: وهي بالضبط ما يناسب موقعاً يعبّئ فيه العميل أصلاً
B9: من يلعب في هذا المنفذ
A10: # | B10: اللاعب | C10: النوع | D10: الحجم/الوضع | E10: ما يسيطر عليه | F10: علاقته بنا | G10: القراءة
A11: 1 | B11: وكلاء العلامات | C11: توزيع | D11: شبكات توزيع مرتبطة بمراكز الخدمة | E11: القنوات الرسمية للقطع | F11: مورّد محتمل | G11: يصلون العميل عبر مراكز الخدمة لا عبر المحطة
A12: 2 | B12: بترومين | C12: سلسلة خدمة | D12: 650–700 فرع | E12: الزيوت والصيانة — والإطارات والبطاريات بالتبعية | F12: مستأجر في 11 محطة | G12: المسيطر في المنتجات المجاورة — لا في الزينة
A13: 3 | B13: Speero · Odiggo | C13: منصات رقمية | D13: قطع غيار وخدمات أونلاين | E13: قناة الشراء الرقمية | F13: خارج علاقتنا | G13: يمكن أن تكون المحطة نقطة تركيب واستلام لهم — بلا مخزون
A14: 4 | B14: متاجر إلكترونية للزينة | C14: تجزئة رقمية | D14: توب ستايل · كاربون كروم · جي تي كار · هرمكو · لمسات سيارتي | E14: الزينة والتجهيز | F14: خارج علاقتنا | G14: مجزّأ بلا سلسلة مسيطرة
A15: 5 | B15: الأسواق التقليدية | C15: تجزئة | D15: مركزها الغرابي بالرياض | E15: الزينة بالجملة | F15: خارج علاقتنا | G15: قناة قديمة تفقد حصتها للرقمي
A16: 6 | B16: بترو آب · Fleet Plus | C16: منصات وساطة | D16: وسّعتا إلى الإطارات والبطاريات والزيوت | E16: قناة الأسطول | F16: تبيعان في محطاتنا دون عقد معنا | G16: الخطر: يقطعان هذا المنفذ ومنفذَي الوقود وخدمات السيارات معاً
B18: القرار: نؤجّر أم نشغّل؟
A19: # | B19: الشريحة | C19: المنتجات | D19: سلوك الشراء | E19: المخزون | F19: النموذج الصحيح | G19: السبب
A20: 1 | B20: سريع الدوران | C20: زيوت · معطرات · مساحات · شواحن · مياه تبريد | D20: اندفاعي عند الكاشير | E20: صغير · دوران عالٍ | F20: بيع مباشر من الكاشير | G20: لا يحتاج مساحة ولا مخزوناً كبيراً — ويرفع سلة الزيارة فوراً
A21: 2 | B21: الزينة والتجهيز | C21: أفلام حماية · تظليل · فرش · إضاءة · كروم · شاشات | D21: مخطَّط · مقارَن · يستغرق وقتاً | E21: كبير · بطيء · مرتجعات | F21: تأجير وحدة لمتجر متخصص + نسبة | G21: المخزون والمرتجعات ليست ملعبنا — والمتخصص يتحملها
A22: 3 | B22: الإطارات والبطاريات | C22: إطارات · بطاريات | D22: سنوي أو طارئ · مقارنة سعرية | E22: ثقيل · رأس مال عالٍ | F22: شراكة تشغيل مع متخصص | G22: أعلى سلة لكنه يحتاج فنيين ومعدات — ويتقاطع مع منفذ خدمات السيارات
B24: الحكم | C24: الزينة محفظة سلة لا محفظة وجهة — العميل لا يقصد المحطة لأجلها لكنه يشتريها إن كانت في طريقه. لذلك لا تشغيل ذاتي إلا في سريع الدوران من الكاشير.
B25: لماذا الآن رغم أنها بصفر | C25: لا سلسلة مسيطرة في الزينة — أضعف منافسة في كل المنافذ الاثني عشر. والفرصة تُلتقط عبر الوحدات الشاغرة نفسها: «زيوت» و«ورشة» و«خدمات سيارات» ظهرت صراحةً ضمن الوحدات الشاغرة في الامتياز.
B26: التقاطع مع منفذ ٢ | C26: هذا المنفذ لا يحتاج استثماراً جديداً — يحتاج أن تُملأ وحدات شاغرة قائمة بالنشاط الصحيح. فهو عملياً مبادرة داخل منفذ العقار لا مشروعاً منفصلاً.
B27: الخطر الذي يجب ألا يُغفل | C27: بترو آب و Fleet Plus تبيعان الإطارات والبطاريات والزيوت للأسطول داخل محطاتنا دون عقد معنا. أي أن المنفذ يُستنزف قبل أن نفتحه.

Sheet الخطة التنفيذية
A1: الخطة التنفيذية لمنافذ البيع
A2: الخانات الصفراء تُعبّأ · الفجوة ونسبة النمو تُحسب تلقائياً
A3: # | B3: منفذ البيع | C3: القناة الحاسمة | D3: المنافس المسيطر | E3: خط الأساس | F3: الوحدة | G3: مصدر خط الأساس | H3: المستهدف السنوي | I3: الفجوة | J3: نمو مطلوب | K3: المبادرة الرئيسية | L3: الإدارة المالكة | M3: المسؤول | N3: المؤشر الحاسم | O3: الحالة
A4: م | B4: ‹مثال› الخدمات المالية | C4: شركات | D4: البنوك | E4: 6 | F4: موقع | G4: leasing-own.csv | H4: 20 | I4: =IF(H4="","",H4-E4) -> 14 | J4: =IFERROR(IF(H4="","",(H4-E4)/E4),"") -> 2.3333333 | K4: التعاقد مع بنكين على 14 موقعاً جديداً | L4: الشراكات | M4: ‹اسم المسؤول› | N4: عدد المواقع المُدرّة | O4: لم تبدأ
A5: 1 | B5: الوقود | C5: تجزئة | D5: الدريس | E5: 1271 | F5: مليون ريال/سنة | G5: analytics.csv — إسقاط مُطبَّع | I5: =IF(H5="","",H5-E5) | J5: =IFERROR(IF(H5="","",(H5-E5)/E5),"") | L5: مبيعات الوقود | N5: الربح لكل زيارة
A6: 2 | B6: العقار والتأجير | C6: وسطاء | D6: لا مسيطر | E6: 25 | F6: % إشغال | G6: leasing-franchise.csv — 32 مؤجّرة من 128 | I6: =IF(H6="","",H6-E6) | J6: =IFERROR(IF(H6="","",(H6-E6)/E6),"") | L6: التأجير | N6: نسبة الإشغال
A7: 3 | B7: خدمات السيارات | C7: شركات | D7: بترومين إكسبرس | E7: 39 | F7: محطة بخدمة | G7: leasing-own.csv | I7: =IF(H7="","",H7-E7) | J7: =IFERROR(IF(H7="","",(H7-E7)/E7),"") | L7: الشراكات | N7: الهامش لكل زيارة خدمة
A8: 4 | B8: الإكسسوارات والزينة | C8: تجزئة | D8: لا مسيطر | E8: 0 | F8: ريال/سنة | G8: لا إيراد موثّق | I8: =IF(H8="","",H8-E8) | J8: =IFERROR(IF(H8="","",(H8-E8)/E8),"") | L8: التأجير | N8: إيراد غير وقودي لكل زيارة
A9: 5 | B9: التطبيق والولاء (تانكي) | C9: وسطاء | D9: النقد ومدى | E9: 0.28 | F9: % من الإيراد | G9: analytics.csv — مرجّح بالإيراد | I9: =IF(H9="","",H9-E9) | J9: =IFERROR(IF(H9="","",(H9-E9)/E9),"") | L9: التسويق | N9: نسبة الزيارات المعرَّفة
A10: 6 | B10: البطاقات ومنصات الإنفاق | C10: وسطاء | D10: بترو آب | E10: 0 | F10: لتر متعاقَد | G10: لا عقود أساطيل موثّقة | I10: =IF(H10="","",H10-E10) | J10: =IFERROR(IF(H10="","",(H10-E10)/E10),"") | L10: الشراكات | N10: لتر مباشر ÷ لتر عبر وسيط
A11: 7 | B11: المساحات الإعلانية | C11: شركات + وسطاء | D11: العربية للإعلان | E11: 0 | F11: موقع مُدرّ | G11: لا إيراد موثّق من 355 موقعاً | I11: =IF(H11="","",H11-E11) | J11: =IFERROR(IF(H11="","",(H11-E11)/E11),"") | L11: التسويق | N11: إيراد إعلاني لكل موقع
A12: 8 | B12: الامتياز والتوريد | C12: شركات | D12: الدريس | E12: 31 | F12: محطة مكتملة الهوية | G12: stations.csv — من 231 | I12: =IF(H12="","",H12-E12) | J12: =IFERROR(IF(H12="","",(H12-E12)/E12),"") | L12: الشراكات | N12: نسبة اكتمال الهوية
A13: 9 | B13: الشحن الكهربائي | C13: وسطاء | D13: EVIQ | E13: 0 | F13: موقع بشواحن | G13: لم يبدأ | I13: =IF(H13="","",H13-E13) | J13: =IFERROR(IF(H13="","",(H13-E13)/E13),"") | L13: الشراكات | N13: إنفاق غير وقودي لكل جلسة
A14: 10 | B14: الديزل بالجملة والتوصيل | C14: شركات | D14: الدريس · بترومين | E14: 0 | F14: لتر مُسلَّم خارج المحطة | G14: غير مفعّل | I14: =IF(H14="","",H14-E14) | J14: =IFERROR(IF(H14="","",(H14-E14)/E14),"") | L14: مبيعات الوقود | N14: هامش التوصيل
A15: 11 | B15: الخدمات المالية والخزائن | C15: شركات | D15: البنوك | E15: 6 | F15: موقع مُدرّ | G15: leasing-own.csv — من 123 | I15: =IF(H15="","",H15-E15) | J15: =IFERROR(IF(H15="","",(H15-E15)/E15),"") | L15: الشراكات | N15: إيراد ثابت لكل موقع
A16: 12 | B16: المساحات اللوجستية والمواقف | C16: شركات | D16: مشغّلو المواقف | E16: 0 | F16: م² مُدرّ | G16: غير مُستثمر · 5,420 م² متاحة | I16: =IF(H16="","",H16-E16) | J16: =IFERROR(IF(H16="","",(H16-E16)/E16),"") | L16: التأجير | N16: ريال لكل م² غير مبني
B18: ملاحظة على خط الأساس | C18: كل خط أساس مأخوذ من ملفات الشركة للفترة 1 يناير – 30 يونيو 2026 (12 رجب 1447 – 15 محرّم 1448). رقم الوقود إسقاط سنوي لنصف يحتوي رمضان والحج — أي حدّ أعلى. أصفار المنافذ الأخرى تعني «لا إيراد موثّق» لا «لا نشاط».

Sheet المستهدفات الربعية
A1: المستهدفات الربعية
A2: قِيَم تراكمية بنهاية كل ربع — Q4 يجب أن يطابق المستهدف السنوي
A3: # | B3: منفذ البيع | C3: المؤشر الحاسم | D3: خط الأساس | E3: Q1 | F3: Q2 | G3: Q3 | H3: Q4 | I3: المستهدف السنوي | J3: تطابق؟ | K3: النمو المستهدف
A4: 1 | B4: الوقود | C4: الربح لكل زيارة | D4: ='الخطة التنفيذية'!E5 -> 1271 | I4: =IF('الخطة التنفيذية'!H5="","",'الخطة التنفيذية'!H5) | J4: =IF(H4="","",IF(H4=I4,"مطابق","مختلف")) | K4: =IFERROR(IF(H4="","",(H4-D4)/D4),"")
A5: 2 | B5: العقار والتأجير | C5: نسبة الإشغال | D5: ='الخطة التنفيذية'!E6 -> 25 | I5: =IF('الخطة التنفيذية'!H6="","",'الخطة التنفيذية'!H6) | J5: =IF(H5="","",IF(H5=I5,"مطابق","مختلف")) | K5: =IFERROR(IF(H5="","",(H5-D5)/D5),"")
A6: 3 | B6: خدمات السيارات | C6: الهامش لكل زيارة خدمة | D6: ='الخطة التنفيذية'!E7 -> 39 | I6: =IF('الخطة التنفيذية'!H7="","",'الخطة التنفيذية'!H7) | J6: =IF(H6="","",IF(H6=I6,"مطابق","مختلف")) | K6: =IFERROR(IF(H6="","",(H6-D6)/D6),"")
A7: 4 | B7: الإكسسوارات والزينة | C7: إيراد غير وقودي لكل زيارة | D7: ='الخطة التنفيذية'!E8 -> 0 | I7: =IF('الخطة التنفيذية'!H8="","",'الخطة التنفيذية'!H8) | J7: =IF(H7="","",IF(H7=I7,"مطابق","مختلف")) | K7: =IFERROR(IF(H7="","",(H7-D7)/D7),"")
A8: 5 | B8: التطبيق والولاء (تانكي) | C8: نسبة الزيارات المعرَّفة | D8: ='الخطة التنفيذية'!E9 -> 0.28 | I8: =IF('الخطة التنفيذية'!H9="","",'الخطة التنفيذية'!H9) | J8: =IF(H8="","",IF(H8=I8,"مطابق","مختلف")) | K8: =IFERROR(IF(H8="","",(H8-D8)/D8),"")
A9: 6 | B9: البطاقات ومنصات الإنفاق | C9: لتر مباشر ÷ لتر عبر وسيط | D9: ='الخطة التنفيذية'!E10 -> 0 | I9: =IF('الخطة التنفيذية'!H10="","",'الخطة التنفيذية'!H10) | J9: =IF(H9="","",IF(H9=I9,"مطابق","مختلف")) | K9: =IFERROR(IF(H9="","",(H9-D9)/D9),"")
A10: 7 | B10: المساحات الإعلانية | C10: إيراد إعلاني لكل موقع | D10: ='الخطة التنفيذية'!E11 -> 0 | I10: =IF('الخطة التنفيذية'!H11="","",'الخطة التنفيذية'!H11) | J10: =IF(H10="","",IF(H10=I10,"مطابق","مختلف")) | K10: =IFERROR(IF(H10="","",(H10-D10)/D10),"")
A11: 8 | B11: الامتياز والتوريد | C11: نسبة اكتمال الهوية | D11: ='الخطة التنفيذية'!E12 -> 31 | I11: =IF('الخطة التنفيذية'!H12="","",'الخطة التنفيذية'!H12) | J11: =IF(H11="","",IF(H11=I11,"مطابق","مختلف")) | K11: =IFERROR(IF(H11="","",(H11-D11)/D11),"")
A12: 9 | B12: الشحن الكهربائي | C12: إنفاق غير وقودي لكل جلسة | D12: ='الخطة التنفيذية'!E13 -> 0 | I12: =IF('الخطة التنفيذية'!H13="","",'الخطة التنفيذية'!H13) | J12: =IF(H12="","",IF(H12=I12,"مطابق","مختلف")) | K12: =IFERROR(IF(H12="","",(H12-D12)/D12),"")
A13: 10 | B13: الديزل بالجملة والتوصيل | C13: هامش التوصيل | D13: ='الخطة التنفيذية'!E14 -> 0 | I13: =IF('الخطة التنفيذية'!H14="","",'الخطة التنفيذية'!H14) | J13: =IF(H13="","",IF(H13=I13,"مطابق","مختلف")) | K13: =IFERROR(IF(H13="","",(H13-D13)/D13),"")
A14: 11 | B14: الخدمات المالية والخزائن | C14: إيراد ثابت لكل موقع | D14: ='الخطة التنفيذية'!E15 -> 6 | I14: =IF('الخطة التنفيذية'!H15="","",'الخطة التنفيذية'!H15) | J14: =IF(H14="","",IF(H14=I14,"مطابق","مختلف")) | K14: =IFERROR(IF(H14="","",(H14-D14)/D14),"")
A15: 12 | B15: المساحات اللوجستية والمواقف | C15: ريال لكل م² غير مبني | D15: ='الخطة التنفيذية'!E16 -> 0 | I15: =IF('الخطة التنفيذية'!H16="","",'الخطة التنفيذية'!H16) | J15: =IF(H15="","",IF(H15=I15,"مطابق","مختلف")) | K15: =IFERROR(IF(H15="","",(H15-D15)/D15),"")

Sheet المبادرات
A1: خارطة المبادرات
A2: كل مبادرة بمالك وتاريخ — المدة تُحسب تلقائياً
A3: # | B3: المبادرة | C3: منفذ البيع | D3: القناة | E3: الإدارة المالكة | F3: المسؤول | G3: البداية | H3: النهاية | I3: المدة | J3: الأولوية | K3: التكلفة التقديرية | L3: الأثر المتوقع | M3: الحالة | N3: الإنجاز
A4: م | B4: ‹مثال› حصر وتصنيف الـ60 وحدة الشاغرة غير المصنّفة وتسعيرها حسب الموقع | C4: العقار والتأجير | D4: وسطاء | E4: التأجير | F4: ‹اسم المسؤول› | G4: 46235 | H4: 46326 | I4: =IF(OR(G4="",H4=""),"",H4-G4) -> 91 | J4: 1 | K4: ‹ريال› | L4: رفع الإشغال من 25% إلى 40% | M4: لم تبدأ | N4: 0
A5: 1 | I5: =IF(OR(G5="",H5=""),"",H5-G5)
A6: 2 | I6: =IF(OR(G6="",H6=""),"",H6-G6)
A7: 3 | I7: =IF(OR(G7="",H7=""),"",H7-G7)
A8: 4 | I8: =IF(OR(G8="",H8=""),"",H8-G8)
A9: 5 | I9: =IF(OR(G9="",H9=""),"",H9-G9)
A10: 6 | I10: =IF(OR(G10="",H10=""),"",H10-G10)
A11: 7 | I11: =IF(OR(G11="",H11=""),"",H11-G11)
A12: 8 | I12: =IF(OR(G12="",H12=""),"",H12-G12)
A13: 9 | I13: =IF(OR(G13="",H13=""),"",H13-G13)
A14: 10 | I14: =IF(OR(G14="",H14=""),"",H14-G14)
A15: 11 | I15: =IF(OR(G15="",H15=""),"",H15-G15)
A16: 12 | I16: =IF(OR(G16="",H16=""),"",H16-G16)
... A28: 24 | I28: =IF(OR(G28="",H28=""),"",H28-G28)
B30: إجمالي المبادرات | M30: =COUNTA(B5:B28)&" مبادرة" -> 0 مبادرة | N30: =IFERROR(AVERAGE(N5:N28),"")

Sheet المحطات
A1: المحطات — قاعدة الربط
A2: 55 محطة · 1 يناير – 30 يونيو 2026 (12 رجب 1447 – 15 محرّم 1448) · الإيراد السنوي محسوب بصيغة
A3: الرمز | B3: المحطة | C3: المنطقة | D3: نمط الموقع | E3: أيام البيانات | F3: إيراد الفترة (ر) | G3: إيراد سنوي مُطبَّع (ر) | H3: الزيارات | I3: اللترات | J3: متوسط الفاتورة | K3: النمو | L3: التطبيق | M3: النقد | N3: الديزل | O3: نشاط تجاري
A4: MK007 | B4: العمرة الجديدة | C4: مكة | D4: حيوية | E4: 181 | F4: 49590690 | G4: =F4*365/E4 -> 1.0000333e+08 | H4: 766648 | I4: 23493282 | J4: 64.69 | K4: -0.223 | L4: 0.006 | M4: 0.53 | N4: 0.281 | O4: 3 نشاط
A5: MK003 | B5: العوالي | C5: مكة | D5: خط سفر | E5: 91 | F5: 20001382 | G5: =F5*365/E5 -> 80225323 | H5: 324068 | I5: 8841940 | J5: 61.72 | K5: 0 | L5: 0 | M5: 0.364 | N5: 0 | O5: 5 نشاط
A6: MK004 | B6: عاصفة الصحراء | C6: الطائف | D6: حيوية | E6: 91 | F6: 15598002 | G6: =F6*365/E6 -> 62563415 | H6: 194466 | I6: 7467484 | J6: 80.21 | K6: 0 | L6: 0 | M6: 0.441 | N6: 0.344 | O6: 4 نشاط
A7: MK289 | B7: طريق الليث - الفضيلة | C7: جدة | D7: خط سفر | E7: 176 | F7: 28047704 | G7: =F7*365/E7 -> 58167113 | H7: 333050 | I7: 14552120 | J7: 84.21 | K7: 0.273 | L7: 0 | M7: 0.204 | N7: 0.641 | O7: لا يوجد
A8: MK072 | B8: العزيزية | C8: مكة | D8: حيوية | E8: 180 | F8: 20528975 | G8: =F8*365/E8 -> 41628199 | H8: 424628 | I8: 2916708 | J8: 48.35 | K8: -0.211 | L8: 0 | M8: 0.922 | N8: 0.134 | O8: 2 نشاط
A9: MK046 | B9: الحليس - طريق الجنوب | C9: الطائف | D9: مختلط | E9: 55 | F9: 6133992 | G9: =F9*365/E9 -> 40707401 | H9: 93189 | I9: 2916316 | J9: 65.82 | K9: 0 | L9: 0 | M9: 0.501 | N9: 0.309 | O9: 3 نشاط
A10: MK005 | B10: الشيباني | C10: الطائف | D10: حيوية | E10: 63 | F10: 6430228 | G10: =F10*365/E10 -> 37254496 | H10: 108731 | I10: 2831981 | J10: 59.14 | K10: 0 | L10: 0 | M10: 0.318 | N10: 0.006 | O10: 4 نشاط
A11: MK015 | B11: النسيم | C11: جدة | D11: حيوية | E11: 65 | F11: 6610805 | G11: =F11*365/E11 -> 37122213 | H11: 132653 | I11: 2931550 | J11: 49.84 | K11: 0 | L11: 0 | M11: 0.436 | N11: 0 | O11: 4 نشاط
A12: MK047 | B12: القادسية | C12: مكة | D12: حيوية | E12: 181 | F12: 18281399 | G12: =F12*365/E12 -> 36865805 | H12: 308074 | I12: 8679738 | J12: 59.34 | K12: -0.09 | L12: 0 | M12: 1 | N12: 0.277 | O12: 4 نشاط
A13: MK028 | B13: أحلى مساء | C13: الطائف | D13: مختلط | E13: 181 | F13: 17320811 | G13: =F13*365/E13 -> 34928707 | H13: 256011 | I13: 7729931 | J13: 67.66 | K13: -0.119 | L13: 0 | M13: 1 | N13: 0.082 | O13: 4 نشاط
A14: MK029 | B14: الدائري الثالث - الذكرى | C14: مكة | D14: حيوية | E14: 181 | F14: 16855372 | G14: =F14*365/E14 -> 33990115 | H14: 283446 | I14: 2676944 | J14: 59.47 | K14: -0.034 | L14: 0.038 | M14: 0.488 | N14: 0.231 | O14: 4 نشاط
A15: MK033 | B15: أبو وافي العمرة | C15: مكة | D15: خط سفر | E15: 181 | F15: 15775248 | G15: =F15*365/E15 -> 31811964 | H15: 249705 | I15: 7806709 | J15: 63.18 | K15: -0.217 | L15: 0 | M15: 0.894 | N15: 0.458 | O15: 2 نشاط
... A58: NJ219 | B58: المركب | C58: نجران | D58: غير مصنفة | E58: 6 | F58: 46160 | G58: =F58*365/E58 -> 2808066.7 | H58: 924 | I58: 21693 | J58: 49.96 | K58: 0 | L58: 0 | M58: 0.505 | N58: 0.167 | O58: لا يوجد
A59: 55 | B59: الإجمالي | F59: =SUM(F4:F58) -> 502415662 | G59: =SUM(G4:G58) -> 1.2713954e+09 | H59: =SUM(H4:H58) -> 8824895 | I59: =SUM(I4:I58) -> 219475297
A61: تحذير: أعمدة النمو المظلّلة رمادياً محطات تغطيتها أقل من 175 يوماً — «0.0%» فيها تعني «لا فترة مقارنة» لا «ثبات». والإيراد السنوي المُطبَّع إسقاط لنصف يحتوي رمضان والحج، فهو حدّ أعلى لا توقّع.
